months_as_customer,age,policy_number,policy_bind_date,policy_state,policy_csl,policy_deductable,policy_annual_premium,umbrella_limit,insured_zip,insured_sex,insured_education_level,insured_occupation,insured_hobbies,insured_relationship,capital-gains,capital-loss,incident_date,incident_type,collision_type,incident_severity,authorities_contacted,incident_state,incident_city,incident_location,incident_hour_of_the_day,number_of_vehicles_involved,property_damage,bodily_injuries,witnesses,police_report_available,total_claim_amount,injury_claim,property_claim,vehicle_claim,auto_make,auto_model,auto_year,fraud_reported,claim_to_premium_ratio,high_claim_indicator,injury_severity_score,vehicle_damage_flag,claim_amount_category,claim_to_vehicle_ratio,incident_hour_category,claim_component_sum,claim_breakdown_ratio,claim_breakdown_error
1.0781395802224778,0.990836469461304,521585,2014-10-17,1.1871731363975355,0.0609366486770281,-0.2223825904484937,0.6167046113377183,-0.4794758203104481,-0.4895293418109439,1.0769527444706637,0.530930957015494,-0.1598803522148468,-0.088444213258695,-1.437956666181856,1.011330643263252,0.9538505081700628,2015-01-25,0.7660049728541383,1.254675168926308,-1.2606135185738274,1.065807751323357,0.3517624468700125,-0.9621956463186168,1.719927311879766,-0.9562606642355124,-0.8238649762007128,1.3036557822638213,0.0097594654770023,0.461837853772224,1.2703132549937672,0.7142574246765716,-0.189283173514541,1.165504966777586,0.7496527191568344,-1.1019274198107387,-1.645742551934763,-0.1834403993553725,1,1.1581821399796415,0,0.15571650571650575,1,High,1.0495539055017655,Evening,1.7258745124198795,2.4163166338589352,-1.011617087743308
0.2089946015673999,0.334073453910285,342868,2006-06-27,-0.0168564137013849,0.0609366486770281,1.412783515790431,-0.2425211822310571,1.6979802210630677,-0.4610080472362384,1.0769527444706637,0.530930957015494,0.8255147307734235,-0.4387183251743182,-0.2475951875544917,-0.9019267788874382,0.9538505081700628,2015-01-21,1.6911317516634838,-1.566933156994924,-0.1959061549135001,1.065807751323357,0.8158289994689738,0.9954760654181416,0.3065731462263027,-0.524475295074384,-0.8238649762007128,-1.1607218779702453,-1.2101737191482849,-1.3386995878348875,-1.1987115360533993,-1.807311852903141,-1.3638219361992567,-1.372695988195192,-1.823345932494276,1.3899934752836502,-0.6574704659383447,0.3154908772231269,1,7.4522121675682005,0,-0.47388167388167385,0,Low,1.008872341780816,Evening,-4.559863856888724,2.5230102777084915,2.7525520039855835
-0.6080016783683733,-1.0889130797835898,687698,2000-09-06,1.1871731363975355,-1.182668426364362,1.412783515790431,0.6422326608104326,1.6979802210630677,-0.9848845068804368,-0.928545848584576,1.557876715265966,-0.8989266644560496,0.4369669546147398,0.3475855517591904,0.3580232308215529,0.9538505081700628,2015-02-22,-1.084248584764553,0.3141390602858972,-0.1959061549135001,1.065807751323357,-1.040437210926871,-0.9621956463186168,0.5248116570992639,-0.6684037514614268,1.1400563019893055,0.071466952146788,1.2296926501022896,1.3621065745757797,0.0358008594701839,-0.6863617592631065,0.0546437248440648,-0.7360720558613336,-0.785564512155687,0.3932251172458947,0.9597020384194308,0.3154908772231269,0,-1.0687103481885218,0,0.6794871794871795,0,Low,1.1445358749808017,Evening,-1.4669928431729558,2.137349525558476,0.7806310839098493
0.4523551955908217,0.2246129513184485,227811,1990-05-25,-1.2208859638003056,0.0609366486770281,1.412783515790431,0.6528864214250482,2.1334714293377703,1.4916820134677022,-0.928545848584576,1.557876715265966,-1.3916242059501849,0.4369669546147398,0.9427662910728726,0.8533881919037205,-1.2675773539696165,2015-01-10,0.7660049728541383,-0.6263970483545135,-1.2606135185738274,1.065807751323357,-0.5763706583279098,-1.4516135742528065,0.4624577968498464,-0.9562606642355124,-0.8238649762007128,-1.1607218779702453,0.0097594654770023,0.461837853772224,0.0358008594701839,0.4031350356033909,-0.2241298732800561,-0.219722351785989,0.6776066379082136,0.1440330277364557,1.319073706054492,1.4796638559062922,1,0.6174648528585124,0,0.1517538017538018,1,Medium,1.6808386699889304,Evening,0.23375441284216852,0.5798400346232961,0.1693806227612224
0.2089946015673999,0.5529944590939581,367455,2014-06-06,-1.2208859638003056,1.3045417237184185,-0.2223825904484937,1.3419798531788798,2.1334714293377703,1.527808056351221,1.0769527444706637,-1.5229605594854505,-0.8989266644560496,0.4369669546147398,0.9427662910728726,1.4672099915055368,-0.6837405440482903,2015-02-17,1.6911317516634838,-1.566933156994924,-0.1959061549135001,1.065807751323357,-1.040437210926871,-1.4516135742528065,-1.2592015667035146,1.2026661815701296,-0.8238649762007128,0.071466952146788,-1.2101737191482849,-0.4384308670313317,0.0358008594701839,-1.753121229714999,-1.2572320310341516,-1.3996540048738246,-1.7682518703629773,-1.6003115988296166,1.049544955328196,0.6481117282754599,0,-1.3063682880141034,0,-0.46176046176046176,0,Low,1.0086312623581088,Night,-4.425137906270954,2.5241497024937867,2.6720166765559545
0.4523551955908217,0.0056919461347754,104594,2006-10-12,1.1871731363975355,0.0609366486770281,-0.2223825904484937,0.3880175421447501,-0.4794758203104481,-0.3175643543654106,-0.928545848584576,1.557876715265966,-0.652577893708982,0.6121040105725515,0.9427662910728726,-0.9019267788874382,0.9538505081700628,2015-01-02,-1.084248584764553,0.3141390602858972,-1.2606135185738274,-0.6643996371885862,0.3517624468700125,-1.4516135742528065,1.318091323605742,1.0587377251830867,1.1400563019893055,0.071466952146788,-1.2101737191482849,0.461837853772224,0.0358008594701839,0.429661914087097,-0.2097812322001381,-0.2052064966513407,0.7072726713635281,-1.1019274198107387,-1.4660567181172324,-0.349750824881539,1,1.107323149332415,0,-0.3426462426462426,1,Medium,1.646110586170248,Night,0.2922849425120493,0.6802656988282685,0.1373769715750477
-0.5819273290087209,-0.5416105668244071,413978,2000-06-04,-0.0168564137013849,0.0609366486770281,-0.2223825904484937,0.3152851379488144,-0.4794758203104481,-0.8302220660457815,1.0769527444706637,1.557876715265966,1.5645610430146262,0.4369669546147398,-1.437956666181856,-0.9019267788874382,-1.7873345140215289,2015-01-13,-1.084248584764553,-0.6263970483545135,-0.1959061549135001,1.065807751323357,-1.040437210926871,1.484893993352331,-0.0363730851454935,-1.6759029461707264,1.1400563019893055,-1.1607218779702453,-1.2101737191482849,-1.3386995878348875,-1.1987115360533993,0.9810420311412722,2.8731267941136704,-0.0517531709422022,0.6421133478813196,1.6391855647930893,0.8698591215106656,1.1470430048539593,0,3.1115926552423976,0,0.007936507936507964,1,High,0.6545210836820612,Evening,3.4634869710527876,3.5304128984267136,-2.4824449399115154
-0.3385667349852991,-0.2132290590488975,429027,1990-02-03,-1.2208859638003056,-1.182668426364362,-0.2223825904484937,-0.4891557404594162,-0.4794758203104481,1.4230020663558138,1.0769527444706637,-1.5229605594854505,-0.652577893708982,-1.6646777168789997,0.9427662910728726,-0.9019267788874382,0.9538505081700628,2015-02-27,-1.084248584764553,-0.6263970483545135,0.8688012087468271,1.065807751323357,0.8158289994689738,-0.9621956463186168,-1.047891262524933,1.634451550731258,1.1400563019893055,-1.1607218779702453,1.2296926501022896,0.461837853772224,1.2703132549937672,-0.0444112999574207,0.3990111107620966,0.4106804997758774,-0.2701171808695989,-1.3511195093201778,-1.2863708842997017,1.6459742814324587,0,0.090791923872003,0,0.7186480186480186,1,Medium,6.082309309520075,Night,0.5395744296683751,-12.149758731323665,-0.5839857296257958
-1.5379868055293064,-0.6510710694162436,485665,1997-02-05,-1.2208859638003056,-1.182668426364362,-1.0399656435679565,0.764546027866696,-0.4794758203104481,1.4026157594215454,-0.928545848584576,1.557876715265966,1.0718635015204911,1.662926346319421,0.3475855517591904,-0.9019267788874382,0.9538505081700628,2015-01-30,0.7660049728541383,-0.6263970483545135,0.8688012087468271,1.065807751323357,1.279895552067935,-1.4516135742528065,-0.4589936935026565,1.3465946379571725,-0.8238649762007128,0.071466952146788,0.0097594654770023,-0.4384308670313317,1.2703132549937672,-0.9497357670656164,-0.9559105683558736,-0.9600309636530492,-0.835361068312822,-0.603543240791861,-0.9269992166646406,1.1470430048539593,0,-1.2422202068009467,0,0.06853701853701855,0,Low,0.8795730105720218,Night,-2.7513026003217447,2.8969167979628776,1.8015668332561283
0.0699314049825875,0.334073453910285,636550,2011-07-25,-1.2208859638003056,-1.182668426364362,-1.0399656435679565,0.2428805417717905,-0.4794758203104481,1.392136555788667,1.0769527444706637,1.557876715265966,1.3182122722675589,0.7872410665303631,1.5379470303865548,-0.9019267788874382,-0.4452218473121389,2015-01-05,0.7660049728541383,0.3141390602858972,0.8688012087468271,0.2007040570673854,-1.5045037635258325,-0.4727777183844272,-1.245345153314755,0.3390954432478728,-0.8238649762007128,0.071466952146788,1.2296926501022896,-0.4384308670313317,-1.1987115360533993,-0.3964608729768907,-0.5602980357238491,-0.5598081006548906,-0.2664089266876846,-1.1019274198107387,-1.645742551934763,-1.5139238035647045,0,-1.6323219544999517,0,0.6095571095571095,0,Low,0.671969459827813,Night,-1.3865150630664242,3.4972393363684575,0.9900541900895335
0.2698347500732554,0.334073453910285,543610,2002-05-26,1.1871731363975355,-1.182668426364362,-1.0399656435679565,-0.013465329016815,1.2624890127883643,-0.5432370046377742,-0.928545848584576,1.0444038361407302,0.0864684185322207,1.312652234403798,-0.2475951875544917,0.4764800693412017,0.9538505081700628,2015-01-06,0.7660049728541383,-0.6263970483545135,0.8688012087468271,1.065807751323357,-1.040437210926871,0.0166402095497623,0.2372910792825054,1.4905230943442151,-0.8238649762007128,1.3036557822638213,1.2296926501022896,0.461837853772224,-1.1987115360533993,1.2978487513181045,0.0976896480838187,1.7461391721635156,1.3429733882631227,0.6424172067553336,-0.477784632120814,-0.5160612504077055,0,-96.39163969457958,1,0.6843822843822844,1,High,1.0347679975275954,Night,3.186802208510457,2.4554477167129094,-1.8889534571923525
2.1124221048220204,2.4138230031551786,214618,1999-05-29,1.1871731363975355,-1.182668426364362,1.412783515790431,-0.4886230524286849,-0.4794758203104481,1.5955531077994574,-0.928545848584576,-0.4960148012349781,0.0864684185322207,-0.2635812692165066,-0.2475951875544917,-0.9019267788874382,-0.8617395714633288,2015-02-15,-1.084248584764553,-0.6263970483545135,-1.2606135185738274,-0.6643996371885862,0.3517624468700125,1.484893993352331,0.0190525684095442,1.3465946379571725,1.1400563019893055,1.3036557822638213,0.0097594654770023,0.461837853772224,1.2703132549937672,2.3555132920041544,2.100349981666658,2.131846180027026,2.2054073608569063,-1.3511195093201778,-1.376213801208467,0.1491804516969604,0,-4.820726531469729,1,0.41608946608946606,1,High,0.936274243099781,Night,6.4376035225505905,2.7329927669737257,-4.082090230546436
-1.2511689625731308,-1.7456760953346089,842643,1997-11-20,1.1871731363975355,1.3045417237184185,-1.0399656435679565,-0.1681907139429295,0.8269978045136612,-0.9627260842852154,1.0769527444706637,0.530930957015494,-1.1452754352031171,-0.4387183251743182,1.5379470303865548,-0.9019267788874382,0.9538505081700628,2015-01-22,0.7660049728541383,0.3141390602858972,0.8688012087468271,-1.5295033314445576,0.3517624468700125,0.0166402095497623,0.3273577663094418,-0.3805468386873412,-0.8238649762007128,1.3036557822638213,0.0097594654770023,-1.3386995878348875,0.0358008594701839,0.1424137156492517,-0.5582482298552894,0.4189752741385335,0.2363243902604116,-1.1019274198107387,-1.4660567181172324,-0.8486821014600384,0,-0.8467445024466588,0,0.11375846375846375,1,Medium,1.6594099084707425,Evening,0.0970514345436557,0.6814705495932059,0.04536228110559601
-0.7209905255935334,-0.5416105668244071,626808,2012-10-26,1.1871731363975355,-1.182668426364362,-0.2223825904484937,-1.310396779836849,-0.4794758203104481,-0.5101807684110241,-0.928545848584576,0.530930957015494,-1.3916242059501849,0.6121040105725515,1.5379470303865548,0.9933826374269418,-0.213823111672589,2015-01-08,-0.1591218059552074,-1.566933156994924,-0.1959061549135001,1.065807751323357,0.3517624468700125,1.484893993352331,0.2857885261431635,-0.9562606642355124,-0.8238649762007128,0.071466952146788,0.0097594654770023,-0.4384308670313317,0.0358008594701839,-1.723562707976012,-1.2941285366682265,-1.302190406112615,-1.7422940910895772,-0.603543240791861,-0.1184129644857528,0.8144221538016264,0,1.31529934276086,0,0.030075480075480065,0,Low,1.0108684145318838,Evening,-4.338613033870419,2.517236843794398,2.6150503258944067
-0.2081949881870374,-0.103768556457061,644081,1998-12-28,1.1871731363975355,0.0609366486770281,1.412783515790431,0.1832604583323054,-0.4794758203104481,-0.3422762979523985,-0.928545848584576,-1.0094876803602142,0.8255147307734235,0.4369669546147398,-0.8427759268681739,0.5805785031918022,-1.0219386961368633,2015-01-15,0.7660049728541383,0.3141390602858972,0.8688012087468271,1.065807751323357,0.3517624468700125,1.484893993352331,0.4208885566835681,0.0512385304737872,-0.8238649762007128,0.071466952146788,-1.2101737191482849,0.461837853772224,1.2703132549937672,-0.2486682642819571,-0.6627883291518347,0.207458527890802,-0.2293263848685416,0.3932251172458947,0.690173287693135,-0.349750824881539,1,-1.3569043188069063,0,-0.3941613941613941,1,Low,0.9222218514798739,Night,-0.6846561861295744,2.7533024425493386,0.43598792184761725
2.3383997992723407,2.085441495379669,892874,1992-10-19,-0.0168564137013849,-1.182668426364362,1.412783515790431,-0.5122252297902956,-0.4794758203104481,-0.5927725211447236,-0.928545848584576,0.530930957015494,-0.4062291229619144,-0.9641294930477532,-0.2475951875544917,1.0974810712775422,0.9538505081700628,2015-01-29,-1.084248584764553,1.254675168926308,-1.2606135185738274,0.2007040570673854,1.279895552067935,-0.4727777183844272,1.5571144545618425,0.0512385304737872,2.1220169410843157,1.3036557822638213,-1.2101737191482849,-1.3386995878348875,0.0358008594701839,0.3925242842099085,0.632688979777904,0.6470815691115773,0.2199021217405053,-1.6003115988296166,0.3308016200580737,-1.014992526986205,1,-0.7663133865623807,0,-0.24684204684204678,1,Medium,0.5602240940558355,Night,1.4996726706299865,3.820575975503314,-1.1071483864200782
-1.164254464707623,-1.4172945875590992,558938,2005-06-08,1.1871731363975355,1.3045417237184185,-0.2223825904484937,-0.2334245097062695,1.6979802210630677,1.6558748086049622,1.0769527444706637,-1.0094876803602142,0.8255147307734235,-1.3144036049633765,0.3475855517591904,1.3810595634912468,0.9538505081700628,2015-02-22,-1.084248584764553,0.3141390602858972,-1.2606135185738274,0.2007040570673854,-1.040437210926871,0.9954760654181416,-0.3446782830453911,-1.6759029461707264,1.1400563019893055,-1.1607218779702453,0.0097594654770023,0.461837853772224,1.2703132549937672,-0.0247056187980962,-0.3368691960508403,-0.3337754992725109,0.1377907791409744,1.6391855647930893,0.6003303707843697,1.1470430048539593,0,0.10584031929425074,0,0.13893328893328896,1,Medium,-5.577531078989687,Evening,-0.5328539161823768,21.568999729857797,0.5081482973842806
-0.5558529796490685,-0.8699920745999167,275265,2004-11-15,-0.0168564137013849,1.3045417237184185,-1.0399656435679565,-2.2445267057268468,2.1334714293377703,-0.4270448226790794,1.0769527444706637,-0.4960148012349781,0.8255147307734235,-0.4387183251743182,0.9427662910728726,1.0185098455977764,0.9538505081700628,2015-01-06,0.7660049728541383,1.254675168926308,0.8688012087468271,1.065807751323357,1.279895552067935,0.0166402095497623,-0.597557827390251,-0.3805468386873412,-0.8238649762007128,0.071466952146788,-1.2101737191482849,0.461837853772224,1.2703132549937672,0.9518624648091956,1.3788183159336391,-0.0662690260768504,0.9912189915786804,-0.8527353303012999,0.1511157862405431,1.6459742814324587,0,-0.42408178368398464,0,-0.16199356199356196,1,High,1.0413457688255465,Evening,2.3037682814354694,2.4202717791014994,-1.3519058166262738
-0.382023983918053,-0.2132290590488975,921202,2014-12-28,1.1871731363975355,1.3045417237184185,-1.0399656435679565,0.4827540596101046,-0.4794758203104481,-0.4057654810810237,-0.928545848584576,0.530930957015494,-0.1598803522148468,0.2618298986569282,-0.2475951875544917,0.7313417522168096,-0.3918221390876274,2015-01-19,0.7660049728541383,1.254675168926308,0.8688012087468271,0.2007040570673854,-1.040437210926871,0.5060581374839519,-0.8816143018598196,1.0587377251830867,-0.8238649762007128,1.3036557822638213,0.0097594654770023,-1.3386995878348875,0.0358008594701839,0.764279538388703,-0.1646855030918244,1.2152736129535229,0.8005087765088019,-1.6003115988296166,1.2292307891457268,1.6459742814324587,0,1.5831621506069158,0,0.15851370851370855,1,High,1.0474017540685743,Night,1.8510968863705004,2.422012328448244,-1.0868173479817975
-0.0691317916022249,0.0056919461347754,143972,1992-08-02,-0.0168564137013849,1.3045417237184185,1.412783515790431,0.8987014596061289,-0.4794758203104481,-0.3285319363300478,-0.928545848584576,-0.4960148012349781,0.5791659600263559,0.7872410665303631,0.3475855517591904,1.1441458864519491,-0.0180241815160467,2015-02-22,-1.084248584764553,1.254675168926308,-1.2606135185738274,1.065807751323357,0.8158289994689738,-0.9621956463186168,0.9820732989283256,-0.524475295074384,1.1400563019893055,-1.1607218779702453,1.2296926501022896,-1.3386995878348875,0.0358008594701839,0.2894484135303651,-0.2856240493368475,-0.2819331595059101,0.5504664945282947,1.6391855647930893,0.8698591215106656,1.4796638559062922,0,0.32207368571932093,0,0.6407925407925408,1,Medium,1.901770978957424,Evening,-0.017090714314462963,-0.05904560007916561,0.30653912784482806
2.2254109520471808,2.5232835057470155,183430,2002-06-25,-0.0168564137013849,0.0609366486770281,-0.2223825904484937,-0.2804649604200353,1.2624890127883643,1.641376948985041,1.0769527444706637,0.0174580778902579,1.0718635015204911,0.6121040105725515,0.3475855517591904,-0.9019267788874382,0.9538505081700628,2015-01-01,-1.084248584764553,0.3141390602858972,-0.1959061549135001,1.065807751323357,-1.040437210926871,-0.9621956463186168,-0.2407551826296953,1.2026661815701296,1.1400563019893055,0.071466952146788,0.0097594654770023,-1.3386995878348875,-1.1987115360533993,-0.2122885452185888,-1.5237067939469142,-0.4478286467590328,0.2114261121818441,-0.8527353303012999,-0.0285700475769874,0.9807325793277928,0,0.7569191595977466,0,0.003968253968253969,1,Low,-0.9959421404781061,Night,-1.760109328524103,8.291156820866476,1.5478207833055142
0.1133886539153413,0.2246129513184485,431876,2005-11-27,-1.2208859638003056,1.3045417237184185,1.412783515790431,-1.5622352903654242,-0.4794758203104481,-0.8195754184134428,-0.928545848584576,-1.5229605594854505,0.8255147307734235,-0.2635812692165066,0.3475855517591904,0.7744169662239546,0.9538505081700628,2015-02-10,-1.084248584764553,1.254675168926308,0.8688012087468271,1.065807751323357,0.3517624468700125,-1.4516135742528065,1.3076990135641726,0.4830238996349156,1.1400563019893055,-1.1607218779702453,0.0097594654770023,0.461837853772224,-1.1987115360533993,-0.5654749844587891,-1.5237067939469142,-0.5535870198828986,-0.2552841641419417,-1.6003115988296166,1.049544955328196,-1.5139238035647045,0,0.3619655438023435,0,0.003968253968253969,0,Low,0.4514516514606278,Night,-2.332577977971755,4.124996095451231,1.7671029935129656
1.4431804712576104,1.7570599876041595,285496,1994-05-27,-1.2208859638003056,-1.182668426364362,1.412783515790431,-1.1646451394284305,-0.4794758203104481,-0.799468184811608,1.0769527444706637,-0.4960148012349781,1.5645610430146262,-0.7889924370899414,-0.2475951875544917,1.7077132697120962,-1.474056225771061,2015-01-11,-1.084248584764553,0.3141390602858972,-1.2606135185738274,-1.5295033314445576,0.3517624468700125,-0.4727777183844272,-1.4774400775764758,1.2026661815701296,1.1400563019893055,0.071466952146788,-1.2101737191482849,-1.3386995878348875,1.2703132549937672,0.7108468260143809,2.141346099037853,-0.2985227082312223,0.5165624562936496,-0.8527353303012999,-0.3879417152120487,-0.8486821014600384,1,-0.6103553883534256,0,-0.0752802752802752,1,High,0.7266850054109882,Night,2.35938584710028,3.3191152321995685,-1.6485390210858992
1.816912812079294,1.7570599876041595,115399,1991-02-08,-0.0168564137013849,-1.182668426364362,1.412783515790431,0.0507440666874281,-0.4794758203104481,-0.6707037492267831,1.0769527444706637,0.530930957015494,1.3182122722675589,0.9623781224881748,0.3475855517591904,-0.9019267788874382,-0.1497434618031752,2015-01-19,0.7660049728541383,-0.6263970483545135,0.8688012087468271,-1.5295033314445576,1.279895552067935,0.0166402095497623,-0.1160474621308603,0.4830238996349156,-0.8238649762007128,-1.1607218779702453,1.2296926501022896,0.461837853772224,-1.1987115360533993,1.72038403002285,0.153034406534931,1.8581186260593732,1.8907355059916071,0.3932251172458947,0.9597020384194308,0.9807325793277928,1,33.90248830728345,1,0.6906759906759907,1,High,1.099018808578272,Night,3.9018885385859114,2.2680321384417574,-2.1815045085630613
0.2872176496463569,0.1151524487266119,736882,1996-02-02,-0.0168564137013849,-1.182668426364362,-0.2223825904484937,-1.5287988724364758,-0.4794758203104481,-0.927660520064944,1.0769527444706637,-1.0094876803602142,-0.1598803522148468,-1.139266549005565,-1.437956666181856,-0.9019267788874382,-0.950739085170848,2015-02-24,0.7660049728541383,0.3141390602858972,-0.1959061549135001,0.2007040570673854,0.8158289994689738,0.9954760654181416,-1.4843682842708554,-0.8123322078484696,-0.8238649762007128,0.071466952146788,0.0097594654770023,1.3621065745757797,0.0358008594701839,0.9518624648091956,-0.0724442390066373,1.4019060361132858,0.9912189915786804,0.6424172067553336,-0.5676275490295793,-0.017129973829206,0,-0.6226215263448747,0,0.16900321900321905,1,High,1.0413457688255465,Evening,2.320680788685329,2.4380395660532233,-1.3688183238761333
-1.7031243514737713,-0.4321500642325706,699044,2013-12-05,1.1871731363975355,-1.182668426364362,1.412783515790431,0.0430815542453779,-0.4794758203104481,1.5735202682038312,1.0769527444706637,1.0444038361407302,-0.8989266644560496,-0.6138553811321298,0.3475855517591904,-0.9019267788874382,0.9538505081700628,2015-01-09,-1.084248584764553,0.3141390602858972,-1.2606135185738274,0.2007040570673854,-0.5763706583279098,-1.4516135742528065,-1.099852812732781,0.6269523560219584,1.1400563019893055,0.071466952146788,0.0097594654770023,1.3621065745757797,1.2703132549937672,0.7100889152005607,1.858472889176612,0.746618861463451,0.3216142364444405,0.6424172067553336,-0.5676275490295793,0.1491804516969604,1,16.482052367559948,0,0.3885836385836386,1,High,0.45292043945392807,Night,2.926705987084503,4.121599144606739,-2.2166170718839426
0.4610466453773725,0.4435339565021215,863236,1990-09-20,-0.0168564137013849,-1.182668426364362,1.412783515790431,0.2691871352894185,-0.4794758203104481,-0.8962508164995516,1.0769527444706637,-0.4960148012349781,1.5645610430146262,1.662926346319421,0.3475855517591904,-0.9019267788874382,-0.0856638119337613,2015-01-28,-0.1591218059552074,-1.566933156994924,-0.1959061549135001,1.065807751323357,-0.1123041057289486,-1.4516135742528065,-1.473975974229286,-1.1001891206225551,-0.8238649762007128,1.3036557822638213,0.0097594654770023,1.3621065745757797,1.2703132549937672,-1.657624467173657,-1.1875386315031211,-1.364401213832536,-1.661772000282295,-0.603543240791861,-0.9269992166646406,-0.017129973829206,0,-6.157866004723636,0,0.04219669219669222,0,Low,1.0025026993106652,Evening,-4.2137118456179525,2.542019903230842,2.5560873784442952
-0.0169830928829202,-0.5416105668244071,608513,2002-07-18,-0.0168564137013849,-1.182668426364362,-1.0399656435679565,-1.6731983047668852,0.8269978045136612,1.486281944485114,1.0769527444706637,0.0174580778902579,0.0864684185322207,0.9623781224881748,-0.8427759268681739,0.2108495829638075,-0.121263617416769,2015-01-07,1.6911317516634838,-1.566933156994924,-0.1959061549135001,1.065807751323357,0.8158289994689738,0.5060581374839519,-0.9266476453732878,-0.9562606642355124,-0.8238649762007128,1.3036557822638213,1.2296926501022896,-0.4384308670313317,-1.1987115360533993,-1.7826797514539856,-1.3105269836167042,-1.426612021552457,-1.7889121436622142,-0.8527353303012999,-0.3879417152120487,-0.349750824881539,1,1.0654330761681174,0,0.5242424242424242,0,Low,1.0034966435781794,Evening,-4.5260511488313755,2.5389045250804974,2.74337139737739
0.1742288024211968,0.1151524487266119,914088,1990-02-08,1.1871731363975355,-1.182668426364362,1.412783515790431,0.1446200881031404,-0.4794758203104481,1.5156823200569849,-0.928545848584576,0.0174580778902579,-0.8989266644560496,-1.139266549005565,-0.8427759268681739,-0.9019267788874382,-1.025498676685164,2015-01-08,0.7660049728541383,1.254675168926308,-0.1959061549135001,0.2007040570673854,0.3517624468700125,0.0166402095497623,-1.169134879676578,1.3465946379571725,-0.8238649762007128,0.071466952146788,0.0097594654770023,-1.3386995878348875,1.2703132549937672,0.6471823176534863,0.0669425600554231,1.6839283644435945,0.4572303893830208,0.3932251172458947,0.690173287693135,0.6481117282754599,0,4.475020387012515,0,0.18485403485403487,1,High,0.7064928543597445,Night,2.2081013138820387,3.411863769739961,-1.5609189962285523
0.3219834487925601,0.6624549616857945,596785,2014-03-04,-1.2208859638003056,1.3045417237184185,1.412783515790431,-0.622450676149207,-0.4794758203104481,-0.9628516672848104,-0.928545848584576,1.557876715265966,0.8255147307734235,-1.489540660921188,0.9427662910728726,-0.9019267788874382,0.9538505081700628,2015-02-15,0.7660049728541383,0.3141390602858972,-0.1959061549135001,1.065807751323357,0.3517624468700125,0.5060581374839519,-1.6333247282000194,-0.9562606642355124,-0.8238649762007128,0.071466952146788,1.2296926501022896,0.461837853772224,0.0358008594701839,1.473684060124384,1.3665194807222811,1.3894638745693015,1.3519791484192003,-1.6003115988296166,1.2292307891457268,0.9807325793277928,0,-2.367555348797592,1,0.8286713286713286,1,High,0.9174138932405875,Evening,4.107962503710783,2.787544377605387,-2.634278443586399
-1.2164031634269277,-1.5267550901509357,908616,2000-02-18,-1.2208859638003056,0.0609366486770281,-0.2223825904484937,-1.2384838956881916,-0.4794758203104481,-0.3891187568013644,1.0769527444706637,1.0444038361407302,1.5645610430146262,0.0866928426991166,-1.437956666181856,1.00774104209599,0.9538505081700628,2015-01-18,-1.084248584764553,1.254675168926308,-1.2606135185738274,-1.5295033314445576,0.3517624468700125,-0.9621956463186168,-0.5213475537520741,1.4905230943442151,2.1220169410843157,0.071466952146788,-1.2101737191482849,-1.3386995878348875,-1.1987115360533993,0.8654606320336959,1.0590486004383242,1.0784098359696963,0.6606546187908912,-0.603543240791861,-0.7473133828471099,-0.017129973829206,0,-0.6988070929738458,0,-0.19835719835719834,1,High,0.7633551787136523,Night,2.7981130551989115,3.233087350878623,-1.9326524231652156
-0.3298752851987483,-0.2132290590488975,666333,2008-06-19,-1.2208859638003056,-1.182668426364362,1.412783515790431,0.3313887068778303,3.004453845887177,1.5234405586986366,1.0769527444706637,0.0174580778902579,-0.1598803522148468,-0.4387183251743182,-1.437956666181856,0.0852135421096346,0.9538505081700628,2015-02-28,-1.084248584764553,1.254675168926308,-1.2606135185738274,1.065807751323357,1.279895552067935,0.9954760654181416,1.3561964604248309,-0.2366183823002983,1.1400563019893055,0.071466952146788,1.2296926501022896,0.461837853772224,-1.1987115360533993,0.5448643577877631,0.0054483839986317,0.0125313303683828,0.757069227520663,0.6424172067553336,-0.477784632120814,0.1491804516969604,1,1.644180089119763,0,0.6738927738927739,1,High,1.3894611149339353,Evening,0.7750489418876775,1.4224595687905266,-0.23018458409991438
-0.4254812328508068,-0.4321500642325706,336614,2003-08-01,-1.2208859638003056,1.3045417237184185,-0.2223825904484937,-0.6886678959692817,-0.4794758203104481,1.5846552941679286,-0.928545848584576,-1.5229605594854505,-1.6379729766972524,0.2618298986569282,-0.2475951875544917,2.009239767762111,0.9538505081700628,2015-02-24,-1.084248584764553,-0.6263970483545135,0.8688012087468271,1.065807751323357,-1.040437210926871,-1.4516135742528065,0.0640859119230124,0.6269523560219584,1.1400563019893055,1.3036557822638213,1.2296926501022896,1.3621065745757797,0.0358008594701839,-0.8705340870214083,-0.8452210514536492,-0.8480515097571915,-0.7818562579737727,-0.1051590617729831,-1.7355854688435284,0.4818013027492934,0,1.2640858622892757,0,0.5771561771561772,0,Low,0.8981350274105608,Night,-2.4751288191846132,2.843233480824313,1.6045947321632048
-0.7818306740993888,-0.9794525771917532,584859,1992-04-04,-1.2208859638003056,-1.182668426364362,-0.2223825904484937,1.2369993351225486,-0.4794758203104481,-0.4041887167527743,1.0769527444706637,-0.4960148012349781,0.3328171892792883,0.0866928426991166,1.5379470303865548,0.9431282210852726,-1.3245370427424288,2015-01-09,-1.084248584764553,-0.6263970483545135,-1.2606135185738274,-1.5295033314445576,-1.040437210926871,-0.4727777183844272,1.0582835725665023,-1.5319744897836836,1.1400563019893055,0.071466952146788,0.0097594654770023,0.461837853772224,-1.1987115360533993,0.9226828984771188,1.3501210337738034,1.3728743258439893,0.5901977893345194,-0.8527353303012999,-0.0285700475769874,1.6459742814324587,0,0.7459035153662343,0,0.3307747807747808,1,High,0.6396532878796686,Evening,3.313193148952312,3.5908214659654365,-2.390510250475193
-0.4776299315701116,-0.2132290590488975,990493,1991-01-13,-1.2208859638003056,1.3045417237184185,-1.0399656435679565,0.652640565410865,-0.4794758203104481,1.4255974483474454,1.0769527444706637,1.557876715265966,1.5645610430146262,0.2618298986569282,0.3475855517591904,-0.9019267788874382,0.9538505081700628,2015-02-12,0.7660049728541383,1.254675168926308,0.8688012087468271,-0.6643996371885862,1.279895552067935,-0.4727777183844272,-1.0444271591777432,0.7708808124090012,-0.8238649762007128,1.3036557822638213,-1.2101737191482849,-0.4384308670313317,1.2703132549937672,0.4561887925708029,0.6900835440975759,-0.4146495493084082,0.5652995112559519,-1.3511195093201778,-1.376213801208467,-1.014992526986205,0,0.6989882605525026,0,-0.24031524031524026,1,Medium,1.2391761509398846,Night,0.8407335060451195,1.8429467728930686,-0.3845447134743166
-0.4950128311432131,-0.6510710694162436,129872,2010-08-08,1.1871731363975355,-1.182668426364362,-0.2223825904484937,0.3185632181379277,2.1334714293377703,-0.3068479383999636,1.0769527444706637,-0.4960148012349781,-0.1598803522148468,-0.4387183251743182,-0.8427759268681739,1.011330643263252,-0.797659921593915,2015-01-24,0.7660049728541383,-0.6263970483545135,-1.2606135185738274,0.2007040570673854,1.279895552067935,1.484893993352331,-1.2107041198428563,0.4830238996349156,-0.8238649762007128,1.3036557822638213,1.2296926501022896,-1.3386995878348875,1.2703132549937672,0.0128109664860022,0.653187038463501,-0.4333127916243846,-0.0402054215909121,1.3899934752836502,-1.1066850504821713,-1.680234229090871,1,0.04021470634989985,0,0.7475524475524475,0,Medium,-3.13811479563569,Night,0.17966882524820432,14.023516643171266,-0.16685785876220213
-1.2337860630000292,-1.1983735823754262,200152,2003-03-09,-1.2208859638003056,-1.182668426364362,-0.2223825904484937,-1.0979771835823526,-0.4794758203104481,-0.9917357571916796,-0.928545848584576,1.0444038361407302,-1.1452754352031171,0.7872410665303631,0.9427662910728726,-0.9019267788874382,0.9538505081700628,2015-01-09,0.7660049728541383,0.3141390602858972,0.8688012087468271,1.065807751323357,-1.040437210926871,0.5060581374839519,-0.3966398332532391,-1.244117577009598,-0.8238649762007128,-1.1607218779702453,0.0097594654770023,-0.4384308670313317,1.2703132549937672,0.2818693053921634,-0.2897236610739669,-0.2860805466872381,0.5419904849696334,-0.8527353303012999,-0.3879417152120487,-0.1834403993553725,1,-0.2567171397766681,0,0.14429459429459432,1,Medium,1.9228364059689345,Evening,-0.03381372279157158,-0.11996199012353172,0.315683028183735
0.7391730385469975,1.1002969720531406,933293,1993-02-03,-1.2208859638003056,1.3045417237184185,1.412783515790431,-0.1390158002598269,-0.4794758203104481,1.6680563595656852,-0.928545848584576,0.0174580778902579,1.3182122722675589,1.662926346319421,0.9427662910728726,-0.9019267788874382,0.9538505081700628,2015-01-18,-0.1591218059552074,-1.566933156994924,-0.1959061549135001,1.065807751323357,1.279895552067935,-1.4516135742528065,0.3412141796982013,0.6269523560219584,-0.8238649762007128,0.071466952146788,0.0097594654770023,-0.4384308670313317,1.2703132549937672,-1.7974590123234788,-1.2715806721140694,-1.364401213832536,-1.8355301962348511,-0.8527353303012999,0.1511157862405431,-0.6823716759338719,0,12.929983059098177,0,0.03263958263958265,0,Low,1.0211811255953391,Night,-4.471512082181457,2.4876865281550415,2.674053069857978
1.973358908237208,1.6475994850123232,485664,2002-11-25,-0.0168564137013849,1.3045417237184185,1.412783515790431,-0.4132681840814596,-0.4794758203104481,1.6002973544508272,-0.928545848584576,0.530930957015494,-0.1598803522148468,0.6121040105725515,0.9427662910728726,1.4564411880037504,0.9538505081700628,2015-01-21,-1.084248584764553,0.3141390602858972,-1.2606135185738274,1.065807751323357,-1.040437210926871,-0.4727777183844272,-0.8296527516519717,-1.1001891206225551,1.1400563019893055,-1.1607218779702453,1.2296926501022896,-1.3386995878348875,-1.1987115360533993,0.3614499408432814,1.0303513182784882,-0.2425329812832934,0.3009539631452037,1.1408013857742114,1.4987595398720228,0.3154908772231269,0,-0.8746156355159221,0,0.7904428904428905,1,Medium,0.8326274167195815,Evening,1.0887723001403986,3.01222704691332,-0.7273223592971172
-0.0430574422425726,-0.2132290590488975,982871,1997-07-27,-0.0168564137013849,0.0609366486770281,-1.0399656435679565,0.0232491691012461,-0.4794758203104481,-0.3711603878592676,1.0769527444706637,0.0174580778902579,-0.652577893708982,0.0866928426991166,1.5379470303865548,0.8390297872346721,0.9538505081700628,2015-01-08,0.7660049728541383,-0.6263970483545135,-1.2606135185738274,-1.5295033314445576,-1.5045037635258325,-0.9621956463186168,-1.0929246060384012,-1.1001891206225551,-0.8238649762007128,-1.1607218779702453,-1.2101737191482849,1.3621065745757797,0.0358008594701839,0.2807324391714331,0.7187808262574118,0.7341766999194668,0.0191266453197167,1.6391855647930893,0.8698591215106656,0.9807325793277928,1,12.074425693376448,0,-0.23705183705183702,1,Medium,0.06813098352717717,Evening,1.4720841714965953,5.24370796667956,-1.1913517323251623
-1.086031416628666,-1.4172945875590992,206213,1995-05-08,-1.2208859638003056,-1.182668426364362,-1.0399656435679565,0.7999083179067475,-0.4794758203104481,-0.6246845567084962,1.0769527444706637,-1.5229605594854505,-0.652577893708982,-1.139266549005565,-0.8427759268681739,-0.9019267788874382,-1.0290586572334648,2015-01-03,0.7660049728541383,0.3141390602858972,-0.1959061549135001,-1.5295033314445576,1.279895552067935,-0.9621956463186168,-0.4659219001970363,1.0587377251830867,-0.8238649762007128,0.071466952146788,1.2296926501022896,0.461837853772224,-1.1987115360533993,-0.4836206165662104,0.1161379009008562,-0.7049666520013731,-0.5259867194216858,-0.1051590617729831,0.2409587031493084,0.8144221538016264,0,-0.6045943030539748,0,0.6864801864801865,0,Low,1.0876041860259718,Night,-1.1148154705222026,2.3051494032388526,0.6311948539559922
-0.7644477745262872,-0.5416105668244071,616337,2012-08-30,-0.0168564137013849,0.0609366486770281,-1.0399656435679565,1.9719858895239568,-0.4794758203104481,-0.4275052936775947,1.0769527444706637,-1.5229605594854505,-0.4062291229619144,0.9623781224881748,0.9427662910728726,-0.9019267788874382,0.0958951960295778,2015-01-01,0.7660049728541383,1.254675168926308,-1.2606135185738274,1.065807751323357,1.279895552067935,0.5060581374839519,-0.1056551520892907,-1.5319744897836836,-0.8238649762007128,-1.1607218779702453,0.0097594654770023,-0.4384308670313317,-1.1987115360533993,1.6794568460765609,1.7928791013827017,1.8207921414274209,1.4192574742910742,-0.1051590617729831,1.588602456780788,-0.6823716759338719,1,0.851657206748462,1,0.3811244311244311,1,High,0.8450688283761634,Evening,5.032928717101196,2.996757988810969,-3.3534718710246354
-1.4510723076637988,-1.7456760953346089,448961,2006-04-30,-1.2208859638003056,1.3045417237184185,-1.0399656435679565,0.8995209796534073,-0.4794758203104481,-0.8311709153760555,-0.928545848584576,-1.0094876803602142,1.5645610430146262,-1.3144036049633765,-1.437956666181856,-0.9019267788874382,-1.445576381384655,2015-01-16,-1.084248584764553,1.254675168926308,-0.1959061549135001,0.2007040570673854,0.3517624468700125,1.484893993352331,-1.1656707763293883,0.7708808124090012,1.1400563019893055,1.3036557822638213,0.0097594654770023,-1.3386995878348875,0.0358008594701839,-0.0417586121090501,-0.3471182253936389,-0.344143967225831,0.1192495082314028,0.3932251172458947,0.9597020384194308,0.8144221538016264,0,-0.04642311478051933,0,0.13776778776778778,1,Medium,-2.855754967980028,Night,-0.5720126843880672,13.698405045150922,0.5302540722790171
-0.8513622723917951,-0.9794525771917532,790442,2003-04-13,1.1871731363975355,0.0609366486770281,-1.0399656435679565,-2.943044618024377,-0.4794758203104481,-0.9409304570221576,-0.928545848584576,1.557876715265966,-0.4062291229619144,-0.4387183251743182,0.3475855517591904,0.8821050012418171,-1.1892577819069996,2015-02-10,0.7660049728541383,0.3141390602858972,0.8688012087468271,0.2007040570673854,-1.5045037635258325,-1.4516135742528065,0.3342859730038215,1.634451550731258,-0.8238649762007128,0.071466952146788,1.2296926501022896,0.461837853772224,0.0358008594701839,-0.0622222040821947,-0.3594170606049972,-0.3565861287698152,0.096999983139917,1.3899934752836502,-0.6574704659383447,-0.017129973829206,0,0.021142127728288163,0,0.6324009324009324,1,Medium,-1.5589538095691506,Night,-0.6190032062348955,9.948428600275678,0.5567810021527008
0.5653440428159818,0.5529944590939581,108844,2007-12-05,-1.2208859638003056,-1.182668426364362,1.412783515790431,-0.7184164736854785,-0.4794758203104481,-0.4620127112329991,1.0769527444706637,0.0174580778902579,1.3182122722675589,-0.4387183251743182,0.9427662910728726,0.4046880459959601,-0.0678639091922575,2015-02-14,0.7660049728541383,-0.6263970483545135,-0.1959061549135001,0.2007040570673854,0.3517624468700125,1.484893993352331,0.8885425085541994,0.3390954432478728,-0.8238649762007128,1.3036557822638213,-1.2101737191482849,0.461837853772224,-1.1987115360533993,0.1378662507663307,0.7884742257884421,0.804682282002044,-0.2166123705305496,-0.603543240791861,-0.1184129644857528,1.4796638559062922,0,-0.1919032312306352,0,-0.2291264291264291,1,Medium,-1.5711662438071166,Night,1.3765441372599365,9.98456217563243,-1.2386778864936059
0.5305782436697788,0.1151524487266119,430029,2006-08-21,-1.2208859638003056,0.0609366486770281,-0.2223825904484937,0.8114225745710063,-0.4794758203104481,-0.583367749841714,-0.928545848584576,0.530930957015494,-1.1452754352031171,0.2618298986569282,-1.437956666181856,-0.9019267788874382,0.9538505081700628,2015-02-21,-1.084248584764553,0.3141390602858972,0.8688012087468271,0.2007040570673854,-1.040437210926871,-1.4516135742528065,-0.722265547889086,0.7708808124090012,1.1400563019893055,0.071466952146788,1.2296926501022896,1.3621065745757797,-1.1987115360533993,0.0893599586818396,-0.1113905505092719,-1.5344440882669867,0.5456987391515478,-1.6003115988296166,0.3308016200580737,-0.5160612504077055,0,0.1101273878184813,0,0.6606060606060606,1,Medium,6.106679552246651,Night,-1.1001358996247108,-12.311147013782946,1.1894958583065505
-0.3559496345584007,-0.6510710694162436,529112,1990-01-08,-0.0168564137013849,-1.182668426364362,-1.0399656435679565,-0.0652999720071574,-0.4794758203104481,-0.3996537751007297,-0.928545848584576,-1.5229605594854505,1.0718635015204911,-0.6138553811321298,-1.437956666181856,0.3652024331560771,0.9538505081700628,2015-02-18,-1.084248584764553,0.3141390602858972,0.8688012087468271,-0.6643996371885862,-1.5045037635258325,0.0166402095497623,0.6633757909868584,-0.0926899259132555,1.1400563019893055,1.3036557822638213,0.0097594654770023,-0.4384308670313317,-1.1987115360533993,0.9226828984771188,-1.5237067939469142,1.3728743258439893,1.3329081269122125,0.8916092962647725,-0.8371562997558752,1.4796638559062922,0,-14.130129006869877,0,0.003968253968253969,1,High,1.4445988806265775,Evening,1.1820756588092876,1.2811274378585042,-0.25939276033216874
1.312808724459349,0.8813759668694676,939631,1990-03-18,1.1871731363975355,1.3045417237184185,1.412783515790431,0.070863283848107,1.2624890127883643,-0.9452421400082556,1.0769527444706637,-1.0094876803602142,1.0718635015204911,-1.139266549005565,-1.437956666181856,-0.9019267788874382,0.9538505081700628,2015-01-10,-1.084248584764553,-0.6263970483545135,-1.2606135185738274,-0.6643996371885862,1.279895552067935,-1.4516135742528065,1.269593876745084,1.0587377251830867,1.1400563019893055,0.071466952146788,1.2296926501022896,-0.4384308670313317,0.0358008594701839,0.3803977111887858,-0.2364287084914144,-0.2321645133299732,0.6521786092322298,-1.3511195093201778,-1.376213801208467,-0.349750824881539,1,5.367975100180842,0,0.6463869463869464,1,Medium,1.7144606173719765,Night,0.18358538741084218,0.48261306363819856,0.1968123237779436
-0.2516522371197913,-0.5416105668244071,866931,2008-01-07,-0.0168564137013849,1.3045417237184185,-0.2223825904484937,-0.5430801595703187,3.004453845887177,-0.7658956629198559,-0.928545848584576,1.557876715265966,-1.1452754352031171,1.312652234403798,-0.2475951875544917,-0.9019267788874382,0.9538505081700628,2015-02-26,1.6911317516634838,-1.566933156994924,1.9335085724071543,1.065807751323357,-1.040437210926871,-1.4516135742528065,0.3169654562678722,-0.9562606642355124,-0.8238649762007128,-1.1607218779702453,1.2296926501022896,-1.3386995878348875,1.2703132549937672,-1.723183752569102,-1.3576725185935774,-1.3664749074232,-1.7089198034523485,-0.354351151282422,0.7800162046019002,-1.680234229090871,0,3.172988177142492,0,0.5188811188811189,0,Low,0.9917229039720314,Evening,-4.433067229469126,2.5726042248623036,2.709883476900024
-0.103897590748428,-0.4321500642325706,582011,1997-03-10,-1.2208859638003056,-1.182668426364362,-0.2223825904484937,-0.0430909787259192,-0.4794758203104481,-0.9172231774319304,-0.928545848584576,1.0444038361407302,0.0864684185322207,-0.9641294930477532,1.5379470303865548,-0.9019267788874382,-0.4808216527951466,2015-01-01,0.7660049728541383,0.3141390602858972,0.8688012087468271,0.2007040570673854,1.279895552067935,1.484893993352331,0.0329089817983036,1.0587377251830867,-0.8238649762007128,0.071466952146788,-1.2101737191482849,-1.3386995878348875,-1.1987115360533993,0.9033561727247046,1.6165957966865665,0.0540052021816635,0.8312343111589491,1.3899934752836502,-1.1066850504821713,-0.8486821014600384,0,-20.964414451690683,0,-0.13495393495393482,1,High,0.9201613008194548,Night,2.501835310027179,2.7694862957484987,-1.5984791373024743
1.9646674584506567,2.1949019979715056,691189,2004-01-10,1.1871731363975355,0.0609366486770281,1.412783515790431,0.2877082883579046,2.568962637612473,-0.3335552563138512,1.0769527444706637,0.530930957015494,1.0718635015204911,0.6121040105725515,0.3475855517591904,-0.9019267788874382,0.9538505081700628,2015-01-03,-1.084248584764553,-0.6263970483545135,-0.1959061549135001,-0.6643996371885862,-1.040437210926871,0.9954760654181416,-0.3342859730038215,1.0587377251830867,1.1400563019893055,-1.1607218779702453,-1.2101737191482849,1.3621065745757797,1.2703132549937672,1.100412984317949,1.8297756070167763,0.1618372688961933,1.0240635286184927,1.6391855647930893,0.8698591215106656,-1.1813029525123715,0,3.8247391684798773,1,-0.1107115107115107,1,High,0.9306166072155296,Night,3.0156764045314626,2.7404926214206724,-1.9152634202135135
-0.9817340191900568,-1.3078340849672627,537546,1994-08-20,-1.2208859638003056,-1.182668426364362,1.412783515790431,-0.7481240753993114,-0.4794758203104481,1.516980011052801,-0.928545848584576,0.0174580778902579,0.3328171892792883,-0.6138553811321298,-1.437956666181856,-0.9019267788874382,0.9538505081700628,2015-01-17,1.6911317516634838,-1.566933156994924,1.9335085724071543,1.065807751323357,-1.040437210926871,-1.4516135742528065,-1.574434971297792,-1.1001891206225551,-0.8238649762007128,-1.1607218779702453,0.0097594654770023,0.461837853772224,-1.1987115360533993,-1.7243206187898323,-1.253132419297032,-1.3975803112831606,-1.7295800767515852,-0.1051590617729831,0.2409587031493084,0.4818013027492934,0,2.3048622285437124,0,0.03473748473748477,0,Low,1.0030507441337615,Evening,-4.380292807331777,2.5403021340127006,2.655972188541945
0.1133886539153413,0.0056919461347754,394975,2002-06-02,-0.0168564137013849,-1.182668426364362,-0.2223825904484937,1.1232089765579776,-0.4794758203104481,1.434137092319911,1.0769527444706637,-1.0094876803602142,-1.3916242059501849,-1.489540660921188,-0.8427759268681739,-0.9019267788874382,0.9538505081700628,2015-02-22,1.6911317516634838,-1.566933156994924,-0.1959061549135001,1.065807751323357,1.279895552067935,0.0166402095497623,-1.4462631474517669,-0.524475295074384,-0.8238649762007128,-1.1607218779702453,1.2296926501022896,-0.4384308670313317,1.2703132549937672,-1.8364914192352175,-1.4355651415988466,-1.4452752638684334,-1.8270541866761896,-0.603543240791861,-0.7473133828471099,-0.8486821014600384,0,-1.635038378899604,0,0.51002331002331,0,Low,0.9948618122587551,Evening,-4.70789459214347,2.56352798949205,2.871403172908252
0.165537352634646,0.1151524487266119,729634,1994-04-28,-0.0168564137013849,-1.182668426364362,-1.0399656435679565,-0.2253522372405796,-0.4794758203104481,-0.884613458537074,-0.928545848584576,0.0174580778902579,1.3182122722675589,-0.9641294930477532,-1.437956666181856,2.271280652972244,-0.7015404467897942,2015-01-27,-1.084248584764553,1.254675168926308,-1.2606135185738274,1.065807751323357,-1.5045037635258325,-0.9621956463186168,0.6564475842924786,-0.6684037514614268,1.1400563019893055,1.3036557822638213,0.0097594654770023,-1.3386995878348875,-1.1987115360533993,0.6725723299164621,1.104144329546638,1.1240310949643053,0.3677025384196611,-0.8527353303012999,-0.3879417152120487,-1.014992526986205,0,-2.984551308224858,0,0.3028027528027528,1,High,0.546709960184315,Evening,2.5958779629306044,3.8596207245580625,-1.9233056330141423
-0.0778232413887757,0.0056919461347754,282195,2014-08-17,1.1871731363975355,0.0609366486770281,-0.2223825904484937,0.5620426241842651,-0.4794758203104481,-0.3180248253639259,1.0769527444706637,1.557876715265966,0.8255147307734235,-0.9641294930477532,-0.8427759268681739,0.8067233767293134,-0.4559017889570412,2015-02-27,-0.1591218059552074,-1.566933156994924,-0.1959061549135001,1.065807751323357,0.8158289994689738,0.0166402095497623,-0.0467653951870631,-0.9562606642355124,-0.8238649762007128,0.071466952146788,-1.2101737191482849,-0.4384308670313317,1.2703132549937672,-1.899398016782292,-1.425316112256048,-1.4349067959151132,-1.920290291821464,0.6424172067553336,-0.477784632120814,0.6481117282754599,0,-3.3794494502789294,0,-0.4808746808746808,0,Low,1.0109999514870074,Evening,-4.780513199992625,2.5168583280662093,2.8811151832103334
-1.5814440544620605,-1.4172945875590992,420810,2007-08-11,1.1871731363975355,-1.182668426364362,-0.2223825904484937,0.082623396526548,-0.4794758203104481,-0.4664778845519353,1.0769527444706637,1.557876715265966,-0.1598803522148468,-0.2635812692165066,-0.8427759268681739,1.6646380557049514,0.9538505081700628,2015-01-06,0.7660049728541383,0.3141390602858972,-0.1959061549135001,-0.6643996371885862,-1.040437210926871,-1.4516135742528065,0.3758552131700999,-1.244117577009598,-0.8238649762007128,1.3036557822638213,0.0097594654770023,0.461837853772224,0.0358008594701839,0.9905159163140244,1.710886866640313,0.1017001547669363,0.916524157342978,0.1440330277364557,1.1393878722369617,-1.680234229090871,0,11.98817731752827,0,0.3718004218004218,1,High,0.9252988437124395,Evening,2.729111178750227,2.755239344024504,-1.7385952624362027
2.042890506529614,1.866520490195996,524836,2008-11-20,-0.0168564137013849,0.0609366486770281,-1.0399656435679565,-0.7126388573521673,-0.4794758203104481,1.4721050191974911,-0.928545848584576,1.557876715265966,1.5645610430146262,0.9623781224881748,0.9427662910728726,0.3939192424941738,-1.0041387933953594,2015-02-28,-1.084248584764553,-0.6263970483545135,-1.2606135185738274,-0.6643996371885862,0.3517624468700125,-0.9621956463186168,-0.4624577968498464,0.0512385304737872,1.1400563019893055,-1.1607218779702453,1.2296926501022896,1.3621065745757797,-1.1987115360533993,0.1390031169870609,-1.5237067939469142,-0.2342382069206372,0.6479406044528992,0.8916092962647725,-1.016842133573406,1.4796638559062922,0,-0.19505435411968178,0,0.5,1,Medium,4.661305136114871,Night,-1.1100043964146522,-7.985406623013736,1.2490075134017131
-0.9556596698304044,-0.7605315720080802,307195,1995-10-18,-0.0168564137013849,1.3045417237184185,-0.2223825904484937,0.6487888211886574,-0.4794758203104481,-0.5096365754127787,-0.928545848584576,1.0444038361407302,-1.6379729766972524,-1.3144036049633765,0.3475855517591904,-0.9019267788874382,0.9538505081700628,2015-02-22,-0.1591218059552074,-1.566933156994924,-0.1959061549135001,1.065807751323357,0.8158289994689738,0.9954760654181416,-0.2338269759353156,1.0587377251830867,-0.8238649762007128,0.071466952146788,0.0097594654770023,1.3621065745757797,0.0358008594701839,-1.9084929465481344,-1.462212617890123,-1.4722332805470657,-1.913933284652468,0.1440330277364557,1.1393878722369617,1.4796638559062922,0,-2.941619742201806,0,0.010961260961260953,0,Low,1.00285111923798,Night,-4.848379183089657,2.540424229643127,2.9398862365415224
-1.677050002114119,0.0056919461347754,623648,1993-05-19,-1.2208859638003056,0.0609366486770281,1.412783515790431,0.8754680662657931,-0.4794758203104481,-0.9702192032610554,1.0769527444706637,1.557876715265966,1.0718635015204911,0.2618298986569282,-1.437956666181856,1.129787481782901,-0.6766205829516888,2015-01-07,0.7660049728541383,-0.6263970483545135,0.8688012087468271,-1.5295033314445576,1.279895552067935,0.9954760654181416,-0.6841604110699976,1.4905230943442151,-0.8238649762007128,1.3036557822638213,-1.2101737191482849,-0.4384308670313317,0.0358008594701839,0.4937053778549015,-0.0252987040297639,-0.0185740734915776,0.7014454147919484,-1.1019274198107387,-1.5558996350259977,0.3154908772231269,0,0.5639324070703512,0,-0.3216672216672216,1,Medium,1.420774464854292,Night,0.657572637270607,1.331910355559282,-0.1638672594157055
-0.46024703199701,-0.3226895616407341,485372,2005-02-26,1.1871731363975355,0.0609366486770281,1.412783515790431,-1.5807564434339103,-0.4794758203104481,-0.969633149262945,-0.928545848584576,0.530930957015494,-1.6379729766972524,-1.139266549005565,0.3475855517591904,2.5010151276770163,-1.1287381125858864,2015-01-06,-1.084248584764553,1.254675168926308,-0.1959061549135001,1.065807751323357,0.8158289994689738,-0.4727777183844272,-1.5571144545618425,0.0512385304737872,1.1400563019893055,0.071466952146788,0.0097594654770023,-0.4384308670313317,0.0358008594701839,0.3849451760717068,0.8212711196853975,-0.3482913544071591,0.4148503415897144,0.6424172067553336,-0.5676275490295793,-0.8486821014600384,0,-0.2435197535903984,0,0.2706349206349206,1,Medium,1.077684017602599,Night,0.8878301068679528,2.3063746623698638,-0.502884930796246
-0.4341726826373576,-0.5416105668244071,598554,1990-02-14,-0.0168564137013849,-1.182668426364362,-1.0399656435679565,-1.889715501257772,-0.4794758203104481,1.507017093084924,1.0769527444706637,1.557876715265966,0.8255147307734235,-1.6646777168789997,-0.2475951875544917,0.4226360518322705,0.9538505081700628,2015-01-10,-1.084248584764553,0.3141390602858972,-1.2606135185738274,1.065807751323357,-1.040437210926871,1.484893993352331,0.3100372495734925,0.4830238996349156,1.1400563019893055,1.3036557822638213,1.2296926501022896,-0.4384308670313317,-1.1987115360533993,0.6335399230047233,1.6411934671092827,-1.5344440882669867,0.8534838362504349,1.6391855647930893,0.6003303707843697,1.4796638559062922,1,-0.3352569515569926,0,0.8599067599067599,1,High,1.3471644928674509,Night,0.9602332150927309,1.5156609150654217,-0.32669329208800757
0.3567492479387631,0.5529944590939581,303987,1993-09-30,-1.2208859638003056,1.3045417237184185,-0.2223825904484937,-0.3614335410911164,-0.4794758203104481,-0.6757410228772082,1.0769527444706637,0.0174580778902579,0.5791659600263559,-1.489540660921188,-1.437956666181856,1.5784876276906614,0.9538505081700628,2015-02-11,-1.084248584764553,1.254675168926308,0.8688012087468271,0.2007040570673854,-0.5763706583279098,1.484893993352331,0.649519377598099,1.634451550731258,1.1400563019893055,0.071466952146788,-1.2101737191482849,1.3621065745757797,0.0358008594701839,-0.3214277024086936,-0.010950062949846,-0.7692511533119581,-0.2499866581677784,0.8916092962647725,-1.1965279673909366,-1.347613378038538,0,0.8893158912541367,0,-0.32003552003552,0,Low,0.7777407922068674,Night,-1.0301878744295825,3.2050475791513424,0.7087601720208889
-0.738373425166635,-0.7605315720080802,343161,2014-06-10,-1.2208859638003056,1.3045417237184185,-0.2223825904484937,-1.0772433263862156,-0.4794758203104481,-0.452761430262828,1.0769527444706637,-0.4960148012349781,-1.3916242059501849,0.6121040105725515,0.9427662910728726,-0.9019267788874382,-0.8083398632388172,2015-01-12,0.7660049728541383,1.254675168926308,-0.1959061549135001,0.2007040570673854,1.279895552067935,-0.4727777183844272,-1.0271066424417938,0.0512385304737872,-0.8238649762007128,0.071466952146788,-1.2101737191482849,1.3621065745757797,1.2703132549937672,0.1340766966972298,-0.3696660899477957,0.8005348948207158,0.0784587122303455,-0.1051590617729831,0.2409587031493084,0.9807325793277928,0,-0.12446289327213113,0,-0.3608280608280608,1,Medium,0.5851734789830004,Night,0.5093275171032656,3.7987490063572142,-0.37525082040603586
0.0960057543422398,0.334073453910285,519312,2008-10-28,1.1871731363975355,1.3045417237184185,-1.0399656435679565,2.4274341557987875,-0.4794758203104481,-0.9171115480989572,1.0769527444706637,0.0174580778902579,-0.4062291229619144,0.0866928426991166,0.3475855517591904,-0.9019267788874382,-0.7905399604973135,2015-02-06,-1.084248584764553,-0.6263970483545135,-1.2606135185738274,-0.6643996371885862,1.279895552067935,0.0166402095497623,-1.5051529043539946,1.2026661815701296,1.1400563019893055,1.3036557822638213,1.2296926501022896,0.461837853772224,1.2703132549937672,0.597160203941355,0.8171715079482781,-0.3503650479978232,0.7130999279351077,-0.8527353303012999,0.1511157862405431,-0.349750824881539,1,0.24600459563866275,0,0.7662004662004662,1,High,1.1941497927670774,Night,1.1799063878855627,1.9758590814306094,-0.5827461839442076
0.7913217372663021,0.334073453910285,132902,2007-04-24,1.1871731363975355,0.0609366486770281,1.412783515790431,1.5789030988469923,1.6979802210630677,-0.7125507954251891,1.0769527444706637,1.557876715265966,-0.8989266644560496,0.9623781224881748,-0.8427759268681739,1.3379843494841015,0.9538505081700628,2015-01-20,-1.084248584764553,0.3141390602858972,0.8688012087468271,-0.6643996371885862,0.8158289994689738,0.9954760654181416,-1.2626656700507044,0.6269523560219584,1.1400563019893055,0.071466952146788,-1.2101737191482849,-1.3386995878348875,0.0358008594701839,0.2413210768527842,-0.1769843383031827,-0.1720273992007162,0.42703460533029,0.6424172067553336,-0.5676275490295793,0.1491804516969604,1,0.15284087046769396,0,-0.33891663891663887,1,Medium,1.769562946330839,Night,0.07802286782639106,0.32331425638271805,0.16329820902639314
0.4349722960177202,0.0056919461347754,332867,1993-12-13,-0.0168564137013849,-1.182668426364362,-1.0399656435679565,0.436246296927069,-0.4794758203104481,-0.5979214241281219,-0.928545848584576,0.530930957015494,0.0864684185322207,0.9623781224881748,-0.2475951875544917,0.3795608378251255,0.9538505081700628,2015-02-22,-1.084248584764553,-0.6263970483545135,-0.1959061549135001,-1.5295033314445576,-1.040437210926871,-1.4516135742528065,-1.4947605943124251,-0.8123322078484696,1.1400563019893055,1.3036557822638213,1.2296926501022896,0.461837853772224,0.0358008594701839,1.120118665477274,1.288626857717012,-0.1118902850714592,1.2613917962610082,0.3932251172458947,0.690173287693135,-1.680234229090871,1,2.5676231655013173,1,0.8198135198135198,1,High,1.126122355617727,Evening,2.438128368906561,2.1766677651067705,-1.3180097034292872
-0.8426708226052443,-0.8699920745999167,356590,2011-08-17,-0.0168564137013849,0.0609366486770281,-1.0399656435679565,-0.0704219723026458,2.568962637612473,-0.345443780275519,-0.928545848584576,-0.4960148012349781,-0.652577893708982,-0.7889924370899414,-0.8427759268681739,0.6559601277043059,-2.292851751880238,2015-01-30,0.7660049728541383,1.254675168926308,-0.1959061549135001,-0.6643996371885862,0.3517624468700125,1.484893993352331,1.422014424021438,0.0512385304737872,-0.8238649762007128,1.3036557822638213,-1.2101737191482849,-0.4384308670313317,0.0358008594701839,1.3997877557769174,1.3050253046654898,1.3272530668493805,1.280462817767996,-1.3511195093201778,-1.2863708842997017,0.6481117282754599,1,-19.877427277787326,1,-0.17038517038517031,1,High,0.9147543245247084,Night,3.9127411892828663,2.7952369049508463,-2.512953433505949
2.3818570482050947,2.7422045109306885,346002,1990-08-20,1.1871731363975355,0.0609366486770281,-1.0399656435679565,-1.7266719878517849,-0.4794758203104481,1.4123693723900967,-0.928545848584576,-1.5229605594854505,-1.6379729766972524,-0.4387183251743182,0.9427662910728726,1.2374755168007634,0.9538505081700628,2015-02-02,-1.084248584764553,1.254675168926308,-0.1959061549135001,-0.6643996371885862,1.279895552067935,-0.4727777183844272,1.1137092261215402,0.7708808124090012,1.1400563019893055,0.071466952146788,0.0097594654770023,-0.4384308670313317,0.0358008594701839,-0.7136465485606327,-1.5237067939469142,-0.7526616045866459,-0.4115605903797587,-0.1051590617729831,1.6784453736895533,-1.1813029525123715,0,0.41330777755668824,0,0.003968253968253969,0,Low,0.5767016850449698,Night,-2.6879289889133187,3.7664762210521197,1.974282440352686
-0.6601503770876779,-0.9794525771917532,500533,1994-02-11,1.1871731363975355,-1.182668426364362,-0.2223825904484937,-0.7993440783541956,-0.4794758203104481,-0.3159038680374312,1.0769527444706637,0.530930957015494,0.8255147307734235,-0.9641294930477532,0.3475855517591904,0.6523705265370439,-1.4028566148050456,2015-01-10,0.7660049728541383,-0.6263970483545135,-1.2606135185738274,-1.5295033314445576,1.279895552067935,0.5060581374839519,-0.0675500152702023,-0.524475295074384,-0.8238649762007128,0.071466952146788,-1.2101737191482849,1.3621065745757797,0.0358008594701839,0.5975391593482651,1.0303513182784882,-0.2425329812832934,0.6309885853355767,-1.3511195093201778,-1.2863708842997017,-1.347613378038538,0,-0.7475377913805997,0,-0.20162060162060153,1,High,1.0559768669335858,Evening,1.4188069223307715,2.3744126652144337,-0.8212677629825065
1.1650540780879857,1.1002969720531406,348209,1994-02-22,-0.0168564137013849,1.3045417237184185,-0.2223825904484937,0.0929083731198888,-0.4794758203104481,-0.7185648257391314,1.0769527444706637,0.530930957015494,1.0718635015204911,-1.139266549005565,0.3475855517591904,-0.9019267788874382,-0.8795394742048326,2015-02-27,-0.1591218059552074,-1.566933156994924,-0.1959061549135001,1.065807751323357,-1.5045037635258325,0.9954760654181416,0.8054040282216427,0.19516698686083,-0.8238649762007128,0.071466952146788,-1.2101737191482849,-0.4384308670313317,-1.1987115360533993,-1.8364914192352175,-1.3474234892507788,-1.35610643946988,-1.872612738053994,0.6424172067553336,-0.477784632120814,-0.1834403993553725,0,-19.766481653744858,0,-0.472016872016872,0,Low,1.0196692116879211,Night,-4.576142666774653,2.4917868445403206,2.7396512475394355
0.5827269423890834,0.334073453910285,486676,2011-08-15,1.1871731363975355,-1.182668426364362,-1.0399656435679565,-0.61839405191518,-0.4794758203104481,-0.5307066120115094,-0.928545848584576,-1.5229605594854505,1.5645610430146262,-0.088444213258695,0.3475855517591904,1.1154290771138526,-0.8261397659803211,2015-02-20,-1.084248584764553,1.254675168926308,-1.2606135185738274,0.2007040570673854,0.3517624468700125,-0.4727777183844272,0.9335758520676676,0.0512385304737872,0.1580956628942965,-1.1607218779702453,1.2296926501022896,1.3621065745757797,-1.1987115360533993,0.5892021403962432,1.0221520948042493,-0.2466803684646214,0.6225125757769154,-1.3511195093201778,-1.376213801208467,-0.349750824881539,1,-0.9527955376786144,0,0.7895104895104894,1,High,1.0565330241761295,Night,1.3979843021165435,2.372669468761469,-0.8087821617203003
0.1568459028480952,0.2246129513184485,260845,1998-11-11,1.1871731363975355,-1.182668426364362,1.412783515790431,-0.8231101597252618,-0.4794758203104481,-0.826370854058199,-0.928545848584576,0.530930957015494,-1.3916242059501849,1.1375151784459865,-0.8427759268681739,0.4549424623376292,-0.8368197076252234,2015-02-08,0.7660049728541383,-0.6263970483545135,0.8688012087468271,0.2007040570673854,1.279895552067935,0.5060581374839519,0.4035680399476188,-0.6684037514614268,-0.8238649762007128,0.071466952146788,-1.2101737191482849,0.461837853772224,0.0358008594701839,0.3231754447453628,-0.1277889974577496,-0.1222587530247794,0.5160327056962333,0.8916092962647725,-0.8371562997558752,-1.680234229090871,1,-0.3926276860449866,0,-0.33332223332223326,1,Medium,1.596752220301284,Evening,0.26598495521370424,0.8230332362969063,0.05719048953165856
-0.0430574422425726,0.2246129513184485,657045,1995-12-04,1.1871731363975355,0.0609366486770281,-0.2223825904484937,-1.4774969174768633,-0.4794758203104481,-0.6783922195353266,-0.928545848584576,-1.5229605594854505,-0.8989266644560496,-0.7889924370899414,-1.437956666181856,-0.9019267788874382,0.9538505081700628,2015-02-11,0.7660049728541383,0.3141390602858972,-0.1959061549135001,-1.5295033314445576,-1.5045037635258325,-1.4516135742528065,-1.5397939378258931,-0.2366183823002983,-0.8238649762007128,0.071466952146788,0.0097594654770023,0.461837853772224,0.0358008594701839,-0.8587864694071957,-0.9067152275104406,-1.5344440882669867,-0.5741940237865717,0.1440330277364557,0.5104874538756043,-1.014992526986205,0,0.5812445633513189,0,0.07413142413142412,0,Low,0.6686117129845334,Evening,-3.015353339563999,3.511183464300396,2.1565668701568033
0.0960057543422398,-0.2132290590488975,761189,2002-12-28,-0.0168564137013849,-1.182668426364362,-1.0399656435679565,1.542844216766754,-0.4794758203104481,1.5795901131842602,-0.928545848584576,-1.0094876803602142,-0.4062291229619144,1.662926346319421,-0.8427759268681739,-0.9019267788874382,-0.5733811470509665,2015-02-23,-1.084248584764553,0.3141390602858972,-0.1959061549135001,-0.6643996371885862,0.3517624468700125,0.9954760654181416,0.9058630252901486,-0.6684037514614268,1.1400563019893055,0.071466952146788,1.2296926501022896,-1.3386995878348875,1.2703132549937672,0.1651510400638569,0.4277083929219326,-0.5473659391109065,0.2601631671441464,1.3899934752836502,-1.1066850504821713,-0.5160612504077055,0,0.10704316821226811,0,0.7219114219114219,1,Medium,1.5752949042806432,Evening,0.1405056209551725,0.8507652760501491,0.024645419108684397
-0.103897590748428,0.1151524487266119,175177,2004-04-15,-1.2208859638003056,-1.182668426364362,-0.2223825904484937,0.6129348191202384,-0.4794758203104481,-0.39516069444855,-0.928545848584576,-1.5229605594854505,-0.8989266644560496,0.2618298986569282,1.5379470303865548,-0.9019267788874382,0.9538505081700628,2015-03-01,-1.084248584764553,1.254675168926308,-0.1959061549135001,-1.5295033314445576,0.8158289994689738,1.484893993352331,-0.497098830321745,0.914809268796044,1.1400563019893055,1.3036557822638213,0.0097594654770023,-1.3386995878348875,1.2703132549937672,-0.3725866823415553,0.431808004659052,-0.5452922455202425,-0.4931421823818734,-0.1051590617729831,1.6784453736895533,-0.017129973829206,0,-0.6078722612040164,0,0.22634587634587636,0,Low,1.323567184017023,Night,-0.6066264232430638,1.6281528034857753,0.23403974090150853
-0.7296819753800842,-0.4321500642325706,116700,2001-02-02,1.1871731363975355,-1.182668426364362,-0.2223825904484937,0.6930429037416773,-0.4794758203104481,-0.3539694705813629,-0.928545848584576,-0.4960148012349781,-0.4062291229619144,0.6121040105725515,-0.2475951875544917,1.908730935078773,0.9538505081700628,2015-01-15,-1.084248584764553,-0.6263970483545135,0.8688012087468271,-1.5295033314445576,0.3517624468700125,0.9954760654181416,-0.3619987997813405,1.4905230943442151,1.1400563019893055,0.071466952146788,1.2296926501022896,-1.3386995878348875,0.0358008594701839,-0.0588116054200039,0.8089722844740392,-0.3545124351791512,-0.2007198526080598,0.6424172067553336,-0.2980987983032834,0.8144221538016264,0,-0.08485985534608372,0,0.7652680652680652,0,Medium,3.412987354484651,Night,0.25373999668682823,-4.314527879363079,-0.31255160210683214
0.5740354926025326,0.6624549616857945,166264,2010-01-12,1.1871731363975355,1.3045417237184185,-0.2223825904484937,-0.8945723078479166,-0.4794758203104481,-0.3381878736322475,-0.928545848584576,-1.0094876803602142,0.5791659600263559,1.662926346319421,-1.437956666181856,-0.9019267788874382,0.2525343401548116,2015-01-14,-1.084248584764553,-0.6263970483545135,-0.1959061549135001,-0.6643996371885862,-1.040437210926871,1.484893993352331,-1.643717038241589,0.914809268796044,1.1400563019893055,0.071466952146788,0.0097594654770023,-0.4384308670313317,1.2703132549937672,1.3884190935696148,1.5305039502070583,0.0104576367777187,1.5426893634890788,-0.8527353303012999,0.1511157862405431,-1.1813029525123715,0,-1.5520496593052544,1,0.3512876012876013,1,High,1.1111113780576594,Night,3.0836509504738556,2.2209783370001643,-1.6952318569042408
0.9999165321435208,0.8813759668694676,527945,1992-04-14,-0.0168564137013849,0.0609366486770281,-1.0399656435679565,0.2077641077459212,-0.4794758203104481,1.3874620774704054,1.0769527444706637,-1.0094876803602142,-0.4062291229619144,1.312652234403798,-0.8427759268681739,-0.9019267788874382,0.9538505081700628,2015-02-17,-1.084248584764553,-0.6263970483545135,0.8688012087468271,1.065807751323357,1.279895552067935,0.5060581374839519,-1.3735169771607798,1.4905230943442151,1.1400563019893055,0.071466952146788,-1.2101737191482849,0.461837853772224,-1.1987115360533993,0.2640584012673893,0.7023823793089341,0.7175871511941545,0.0042936285920595,-1.3511195093201778,-1.376213801208467,-0.017129973829206,0,1.2709468116769151,0,-0.2389166389166389,1,Medium,0.016260086069466346,Night,1.424263159095148,5.393722595216084,-1.1602047578277588
-0.0865146911753265,0.0056919461347754,627540,2010-05-21,1.1871731363975355,1.3045417237184185,-0.2223825904484937,0.954060038799768,2.1334714293377703,1.4947239127912275,-0.928545848584576,0.0174580778902579,1.0718635015204911,-1.139266549005565,1.5379470303865548,-0.9019267788874382,-0.6481407385652826,2015-01-24,1.6911317516634838,-1.566933156994924,-0.1959061549135001,1.065807751323357,0.3517624468700125,1.484893993352331,0.8920066119013892,0.4830238996349156,-0.8238649762007128,1.3036557822638213,1.2296926501022896,0.461837853772224,1.2703132549937672,-1.6940041862370254,-1.2695308662455098,-1.2773060830246463,-1.7136875588290954,-1.1019274198107387,-1.4660567181172324,-0.1834403993553725,0,-1.775572125205033,0,0.5289044289044289,0,Low,1.0116200328027694,Night,-4.260524508099252,2.5150628657100516,2.5665203218622263
0.2003031517808491,-0.103768556457061,279422,2013-10-27,1.1871731363975355,1.3045417237184185,-1.0399656435679565,-1.146246914367036,-0.4794758203104481,-0.4132306927236203,-0.928545848584576,1.557876715265966,0.5791659600263559,-0.6138553811321298,0.9427662910728726,-0.9019267788874382,0.9538505081700628,2015-01-21,0.7660049728541383,0.3141390602858972,-1.2606135185738274,-0.6643996371885862,0.3517624468700125,0.5060581374839519,0.2650039060600244,0.6269523560219584,-0.8238649762007128,-1.1607218779702453,0.0097594654770023,0.461837853772224,-1.1987115360533993,0.7366157936842667,1.4362128802533114,-0.037237315807554,0.6680711271547197,-0.1051590617729831,0.2409587031493084,1.3133534303801258,1,-0.6426332992349468,0,0.34056499056499057,1,High,0.9069452840102808,Night,2.067046691600477,2.806135713064488,-1.33043089791621
-0.5819273290087209,-0.8699920745999167,484200,1994-10-12,1.1871731363975355,0.0609366486770281,1.412783515790431,0.3442961476224614,-0.4794758203104481,-0.8377709996881082,1.0769527444706637,-0.4960148012349781,0.0864684185322207,-0.7889924370899414,-1.437956666181856,0.9897930362596796,-0.4915015944400489,2015-02-19,-1.084248584764553,1.254675168926308,-0.1959061549135001,-1.5295033314445576,-1.5045037635258325,-1.4516135742528065,-1.2418810499675652,-0.8123322078484696,1.1400563019893055,0.071466952146788,0.0097594654770023,0.461837853772224,0.0358008594701839,-0.0743487771033175,0.5588959685097542,0.5724285998476721,-0.3946085712624362,-1.6003115988296166,0.3308016200580737,-0.017129973829206,0,-0.21594363362209598,0,0.24079809079809084,1,Medium,5.307604162987521,Evening,0.73671599709499,-9.90905210348403,-0.8110647741983075
0.3480577981522124,0.1151524487266119,645258,1997-07-04,1.1871731363975355,1.3045417237184185,1.412783515790431,0.0467284184557651,1.6979802210630677,1.4219974023590531,-0.928545848584576,1.0444038361407302,0.0864684185322207,0.0866928426991166,1.5379470303865548,-0.9019267788874382,0.9538505081700628,2015-01-03,1.6911317516634838,-1.566933156994924,1.9335085724071543,1.065807751323357,-1.5045037635258325,0.5060581374839519,0.5109552437105045,-0.2366183823002983,-0.8238649762007128,-1.1607218779702453,1.2296926501022896,-0.4384308670313317,-1.1987115360533993,-1.749331675645898,-1.3884196066219732,-1.2607165342993345,-1.764543616181063,-1.6003115988296166,1.2292307891457268,-0.017129973829206,0,-37.43534016589243,0,0.5153846153846153,0,Low,1.0086964350119498,Evening,-4.413679757102371,2.523067718727751,2.664348081456473
-1.0947228664152169,-1.0889130797835898,694662,2011-02-15,-1.2208859638003056,0.0609366486770281,-0.2223825904484937,-0.0909919254893273,2.1334714293377703,-0.6062517631012624,1.0769527444706637,1.0444038361407302,1.0718635015204911,0.6121040105725515,-0.2475951875544917,-0.9019267788874382,0.9538505081700628,2015-01-29,1.6911317516634838,-1.566933156994924,-0.1959061549135001,1.065807751323357,-1.040437210926871,0.5060581374839519,-0.3308218696566317,-1.244117577009598,-0.8238649762007128,1.3036557822638213,1.2296926501022896,0.461837853772224,0.0358008594701839,-1.7152256890239903,-1.3699713538049358,-1.2233900496673815,-1.7311693285438343,1.6391855647930893,0.6003303707843697,-0.5160612504077055,0,18.85051371661426,0,0.5174825174825175,0,Low,1.0092959480013763,Evening,-4.324530732016152,2.5212619429335104,2.609305042992162
-0.0343659924560218,-0.4321500642325706,960680,1994-08-21,-0.0168564137013849,0.0609366486770281,1.412783515790431,0.2526328303344001,-0.4794758203104481,1.636535026667319,1.0769527444706637,-0.4960148012349781,0.0864684185322207,0.0866928426991166,1.5379470303865548,1.1549146899537357,-1.9154938137603563,2015-01-19,1.6911317516634838,-1.566933156994924,1.9335085724071543,1.065807751323357,0.8158289994689738,-0.4727777183844272,-1.5363298344787033,0.19516698686083,-0.8238649762007128,0.071466952146788,-1.2101737191482849,1.3621065745757797,1.2703132549937672,-1.753500185121909,-1.281829701456868,-1.2897482445686308,-1.790501395454463,-0.354351151282422,0.0612728693317778,-0.5160612504077055,0,-6.940876377486259,0,-0.4645576645576645,0,Low,1.021101926163702,Night,-4.362079341479962,2.487642639638122,2.6085791563580534
0.6957157896142435,0.990836469461304,498140,1997-05-15,-0.0168564137013849,1.3045417237184185,1.412783515790431,-1.99330283523373,-0.4794758203104481,1.4549699165860732,1.0769527444706637,1.0444038361407302,1.5645610430146262,-0.9641294930477532,-0.8427759268681739,-0.9019267788874382,-0.6196608941788766,2015-01-19,-1.084248584764553,1.254675168926308,-1.2606135185738274,-1.5295033314445576,-1.040437210926871,-0.4727777183844272,-1.7303196219213357,0.6269523560219584,0.1580956628942965,-1.1607218779702453,1.2296926501022896,1.3621065745757797,0.0358008594701839,0.3099120055035098,-0.3881143427648332,0.7632084101887633,0.338566255561763,-1.3511195093201778,-1.376213801208467,1.3133534303801258,1,-0.1554767070523317,0,0.6291375291375292,1,Medium,1.09245578452476,Night,0.713660322985693,2.302776296290705,-0.40374831748218326
0.6174927415352865,0.2246129513184485,498875,1996-10-26,1.1871731363975355,-1.182668426364362,1.412783515790431,1.058466892823004,-0.4794758203104481,1.6291674906910745,1.0769527444706637,-0.4960148012349781,-0.4062291229619144,0.4369669546147398,0.3475855517591904,0.3795608378251255,0.9538505081700628,2015-02-02,-1.084248584764553,-0.6263970483545135,-1.2606135185738274,-0.6643996371885862,-1.040437210926871,0.5060581374839519,0.6668398943340482,0.19516698686083,1.1400563019893055,1.3036557822638213,-1.2101737191482849,-0.4384308670313317,-1.1987115360533993,0.209867778079247,-0.3286699725766015,0.8834826384472773,0.1526237958686316,-0.8527353303012999,0.1511157862405431,0.3154908772231269,0,0.19827505350163785,0,-0.3561660561660561,1,Medium,0.7272344045906649,Night,0.7074364617393074,3.3708513872996275,-0.4975686836600604
-0.4428641324239084,-0.5416105668244071,798177,2006-03-04,-1.2208859638003056,1.3045417237184185,-0.2223825904484937,-1.5684226667223742,1.2624890127883643,-0.9527631663173388,-0.928545848584576,-1.5229605594854505,1.3182122722675589,0.2618298986569282,-1.437956666181856,-0.8732099695493416,0.9538505081700628,2015-01-30,-1.084248584764553,-0.6263970483545135,-0.1959061549135001,0.2007040570673854,0.3517624468700125,-0.9621956463186168,1.5363298344787033,-0.3805468386873412,1.1400563019893055,0.071466952146788,1.2296926501022896,-0.4384308670313317,-1.1987115360533993,0.592612739058434,0.8130718962111586,0.8295666050900123,0.4063743320310532,0.6424172067553336,-0.477784632120814,0.3154908772231269,0,-0.3778401890461337,0,0.7657342657342657,1,High,0.685732215180693,Evening,2.0490128333322244,3.4575857734715525,-1.4564000942737905
-0.6080016783683733,-0.7605315720080802,614763,1991-01-02,-1.2208859638003056,1.3045417237184185,-1.0399656435679565,1.4588434119207438,-0.4794758203104481,-0.6202751980560466,-0.928545848584576,0.530930957015494,1.0718635015204911,0.2618298986569282,0.3475855517591904,0.4046880459959601,0.9538505081700628,2015-01-08,0.7660049728541383,1.254675168926308,0.8688012087468271,-0.6643996371885862,0.8158289994689738,1.484893993352331,-1.6367888315472092,-1.388046033396641,-0.8238649762007128,-1.1607218779702453,1.2296926501022896,-0.4384308670313317,1.2703132549937672,0.4349672897838382,0.8704664605308307,0.8876300256286053,0.1563320500505459,-0.1051590617729831,-1.7355854688435284,1.6459742814324587,0,0.29815879351462266,0,0.7722610722610723,1,Medium,0.3594102230492174,Evening,1.9144285362099818,4.401305982928953,-1.4794612464261436
-1.5032210063831035,-0.3226895616407341,679370,1999-08-15,-1.2208859638003056,1.3045417237184185,1.412783515790431,0.2533703983769507,3.43994505416188,1.4028111107542487,-0.928545848584576,-1.0094876803602142,1.5645610430146262,-1.139266549005565,-0.8427759268681739,-0.9019267788874382,-1.844294202794341,2015-01-30,-0.1591218059552074,-1.566933156994924,1.9335085724071543,1.065807751323357,1.279895552067935,-1.4516135742528065,-0.1714731156858981,-0.3805468386873412,-0.8238649762007128,0.071466952146788,-1.2101737191482849,-0.4384308670313317,1.2703132549937672,-1.8213332029588143,-1.3310250423023011,-1.4369804895057772,-1.8350004456374347,0.3932251172458947,0.690173287693135,-0.5160612504077055,0,-7.188393064986541,0,-0.4701520701520701,0,Low,1.0075045302863561,Evening,-4.6030059774455125,2.5272742501163585,2.7816727744866983
-1.4163065085175957,-1.5267550901509357,958857,1992-01-15,-0.0168564137013849,-1.182668426364362,-0.2223825904484937,-0.1211912392315275,-0.4794758203104481,1.486742415483629,-0.928545848584576,-1.0094876803602142,0.0864684185322207,1.4877892903616097,-0.8427759268681739,-0.9019267788874382,-1.043298579426668,2015-01-07,-1.084248584764553,1.254675168926308,-1.2606135185738274,0.2007040570673854,0.3517624468700125,-0.9621956463186168,0.573309103959922,0.0512385304737872,1.1400563019893055,1.3036557822638213,1.2296926501022896,-1.3386995878348875,-1.1987115360533993,-0.2895954482282464,-1.5237067939469142,-0.3648809031324714,0.0821669664122598,-1.6003115988296166,0.3308016200580737,0.9807325793277928,1,2.3895938325114594,0,0.5,1,Low,-0.2837311520126214,Night,-1.8064207306671258,6.237760225442511,1.5168252824388795
-0.6688418268742287,-1.0889130797835898,686816,1999-12-07,1.1871731363975355,0.0609366486770281,1.412783515790431,0.286970720315355,1.6979802210630677,-0.8964043068323901,-0.928545848584576,-0.4960148012349781,-0.8989266644560496,0.4369669546147398,0.3475855517591904,-0.9019267788874382,0.9538505081700628,2015-02-24,-1.084248584764553,-0.6263970483545135,0.8688012087468271,-0.6643996371885862,0.3517624468700125,-1.4516135742528065,1.072139985955262,0.0512385304737872,0.1580956628942965,1.3036557822638213,0.0097594654770023,-0.4384308670313317,-1.1987115360533993,0.5376642050564715,0.5875932506695902,0.6014603101169685,0.4461056268372779,-1.1019274198107387,-1.5558996350259977,-1.680234229090871,0,1.8735790567294544,0,0.24406149406149408,1,High,0.8297089390235378,Night,1.6351591876238367,3.041221883517819,-1.0974949825673652
-1.24247751278658,-1.7456760953346089,127754,1993-06-06,-1.2208859638003056,0.0609366486770281,1.412783515790431,-0.4899752605066945,1.2624890127883643,-0.417416792710123,-0.928545848584576,-1.5229605594854505,-0.652577893708982,1.4877892903616097,0.3475855517591904,-0.9019267788874382,-1.2675773539696165,2015-02-02,0.7660049728541383,1.254675168926308,-1.2606135185738274,1.065807751323357,-1.040437210926871,-0.9621956463186168,-0.9162553353317182,0.3390954432478728,-0.8238649762007128,0.071466952146788,-1.2101737191482849,1.3621065745757797,-1.1987115360533993,1.7272052273472318,0.3088196525454692,2.173320051840306,1.7794878805341778,0.8916092962647725,-1.1965279673909366,-0.1834403993553725,1,-3.525093798929532,1,-0.2836718836718837,1,High,1.0302694909033787,Night,4.261627584919953,2.467353068466682,-2.5344223575727214
0.0264741560498336,0.334073453910285,918629,2000-10-03,-1.2208859638003056,0.0609366486770281,1.412783515790431,0.2719735034501644,-0.4794758203104481,-0.668903726232587,1.0769527444706637,1.557876715265966,0.3328171892792883,0.2618298986569282,0.3475855517591904,1.0795330654412318,0.9538505081700628,2015-02-28,-0.1591218059552074,-1.566933156994924,1.9335085724071543,1.065807751323357,1.279895552067935,1.484893993352331,-0.2857885261431635,-0.3805468386873412,-0.8238649762007128,0.071466952146788,-1.2101737191482849,-0.4384308670313317,0.0358008594701839,-1.775858554129604,-1.4027682477018912,-1.4120961664178089,-1.7592461102068997,-0.1051590617729831,1.588602456780788,0.3154908772231269,0,-6.529503801281894,0,-0.47831057831057827,0,Low,0.9906459592527138,Evening,-4.5741105243266,2.5757192707770393,2.798251970196996
0.1307715534884429,0.4435339565021215,731450,2010-12-29,-0.0168564137013849,-1.182668426364362,-0.2223825904484937,0.9295154133837872,-0.4794758203104481,-0.5039295257645133,-0.928545848584576,0.530930957015494,0.0864684185322207,1.4877892903616097,-0.8427759268681739,2.353841479819271,0.2133745541235031,2015-02-09,-1.084248584764553,-0.6263970483545135,-1.2606135185738274,-1.5295033314445576,-1.5045037635258325,0.9954760654181416,-1.6852862784078677,-1.244117577009598,1.1400563019893055,0.071466952146788,0.0097594654770023,-0.4384308670313317,-1.1987115360533993,0.6790145718339337,-0.3163711373652432,0.9083669615352457,0.798919524716553,0.6424172067553336,-0.2980987983032834,0.6481117282754599,0,0.7305030465917937,0,0.1412642912642913,1,High,1.1765849825192878,Evening,1.3909153488865555,2.0484292357682934,-0.7119007770526219
0.5827269423890834,0.334073453910285,307447,1990-03-17,-1.2208859638003056,-1.182668426364362,-1.0399656435679565,1.0608435009601105,-0.4794758203104481,1.4237416106867626,-0.928545848584576,-0.4960148012349781,0.8255147307734235,-1.3144036049633765,-0.8427759268681739,-0.9019267788874382,0.9538505081700628,2015-01-19,-1.084248584764553,0.3141390602858972,0.8688012087468271,-1.5295033314445576,0.3517624468700125,0.0166402095497623,1.6333247282000194,1.3465946379571725,1.1400563019893055,0.071466952146788,0.0097594654770023,-1.3386995878348875,0.0358008594701839,1.552127829354772,1.9691624060788369,0.2323428509787704,1.6014916798022911,1.3899934752836502,0.420644536966839,-0.017129973829206,0,1.463105882106217,1,0.40117105117105123,1,High,1.0318033203906403,Night,3.8029969368598984,2.45018123813912,-2.2508691075051264
-1.0773399668421153,-1.5267550901509357,992145,2012-03-01,-1.2208859638003056,-1.182668426364362,1.412783515790431,-0.7425923150801833,1.6979802210630677,1.393936578782863,-0.928545848584576,1.557876715265966,-1.3916242059501849,1.4877892903616097,-1.437956666181856,1.5282332113489925,-1.1251781320375855,2015-02-21,1.6911317516634838,-1.566933156994924,-0.1959061549135001,1.065807751323357,-0.5763706583279098,0.5060581374839519,-1.1379579495518692,-0.9562606642355124,-0.8238649762007128,0.071466952146788,1.2296926501022896,-1.3386995878348875,1.2703132549937672,-1.7368261472178652,-1.2654312545083903,-1.4038013920551526,-1.7422940910895772,-0.603543240791861,-0.1184129644857528,-0.6823716759338719,0,2.338872152080484,0,0.5293706293706294,0,Low,1.0031488166097045,Evening,-4.41152673765312,2.539994739666067,2.674700590435255
1.0520652308628256,0.8813759668694676,900628,2006-02-05,-0.0168564137013849,1.3045417237184185,-0.2223825904484937,1.777800614321399,-0.4794758203104481,-0.870492347915938,-0.928545848584576,-1.5229605594854505,-1.1452754352031171,-1.3144036049633765,-0.8427759268681739,1.305677938978743,0.9538505081700628,2015-01-14,0.7660049728541383,1.254675168926308,-1.2606135185738274,-0.6643996371885862,0.8158289994689738,1.484893993352331,0.2719321127544041,-0.0926899259132555,-0.8238649762007128,1.3036557822638213,-1.2101737191482849,1.3621065745757797,0.0358008594701839,0.764279538388703,-0.1646855030918244,-0.159585237656732,1.151733422595828,0.3932251172458947,0.9597020384194308,0.1491804516969604,1,0.4299014762006697,0,-0.33751803751803744,1,High,1.5069511321379108,Evening,0.8274626818472717,1.0826687849356633,-0.06318314345856868
-1.5206039059562049,-1.5267550901509357,235220,2014-11-01,-1.2208859638003056,0.0609366486770281,1.412783515790431,0.3951063905537061,-0.4794758203104481,-0.5058969927581697,1.0769527444706637,1.0444038361407302,0.3328171892792883,-0.2635812692165066,0.3475855517591904,-0.9019267788874382,-1.5986555449615878,2015-01-22,-1.084248584764553,0.3141390602858972,-0.1959061549135001,0.2007040570673854,0.3517624468700125,-0.4727777183844272,0.7742270980969339,-1.1001891206225551,2.1220169410843157,1.3036557822638213,0.0097594654770023,0.461837853772224,1.2703132549937672,0.4595993912329937,-0.0457967627153611,-0.039311009398218,0.6643628729728054,1.6391855647930893,0.8698591215106656,1.3133534303801258,1,1.1632265106175517,0,0.17203352203352207,1,Medium,1.445522862133526,Evening,0.5792551008592263,1.2603450995879892,-0.11965570962623256
0.7913217372663021,0.990836469461304,740019,2009-06-17,1.1871731363975355,0.0609366486770281,-0.2223825904484937,-0.4412138176936443,-0.4794758203104481,-0.8571386889589943,-0.928545848584576,-1.0094876803602142,0.8255147307734235,-1.139266549005565,1.5379470303865548,-0.9019267788874382,0.9538505081700628,2015-02-22,-0.1591218059552074,-1.566933156994924,1.9335085724071543,1.065807751323357,1.279895552067935,-0.9621956463186168,-0.7950117181800731,-0.8123322078484696,-0.8238649762007128,-1.1607218779702453,0.0097594654770023,0.461837853772224,1.2703132549937672,-1.7948063244751082,-1.33922426577654,-1.3478116651072236,-1.8185781771175284,-1.1019274198107387,-1.4660567181172324,-1.014992526986205,0,4.067892528274938,0,0.024947274947274944,0,Low,1.0132453655659688,Evening,-4.505614108001292,2.5103636848854127,2.7108077835261835
0.3046005492194585,0.334073453910285,246882,1999-09-20,-1.2208859638003056,-1.182668426364362,-0.2223825904484937,-1.1756267080619571,-0.4794758203104481,-0.5075714327527707,1.0769527444706637,-1.0094876803602142,0.0864684185322207,-0.4387183251743182,-0.8427759268681739,-0.9019267788874382,0.9538505081700628,2015-01-26,1.6911317516634838,-1.566933156994924,1.9335085724071543,1.065807751323357,-1.5045037635258325,0.5060581374839519,-1.5086170077011845,-0.2366183823002983,-0.8238649762007128,0.071466952146788,-1.2101737191482849,-1.3386995878348875,-1.1987115360533993,-1.7872272163369065,-1.3802203831477344,-1.3892855369205044,-1.7867931412725488,-1.3511195093201778,-1.376213801208467,0.3154908772231269,0,1.5202348877545275,0,-0.4757464757464757,0,Low,0.9997576831290863,Evening,-4.556299061340788,2.549368971701503,2.7690718450038814
0.5653440428159818,0.2246129513184485,797613,1990-10-19,-0.0168564137013849,-1.182668426364362,-1.0399656435679565,0.8498990407907149,-0.4794758203104481,-0.7288068170394414,-0.928545848584576,-1.0094876803602142,-1.1452754352031171,0.2618298986569282,-0.8427759268681739,-0.9019267788874382,-1.6200154282513926,2015-01-24,0.7660049728541383,0.3141390602858972,-0.1959061549135001,1.065807751323357,0.3517624468700125,0.0166402095497623,0.8019399248744529,1.634451550731258,-0.8238649762007128,1.3036557822638213,-1.2101737191482849,-1.3386995878348875,-1.1987115360533993,1.005674132590428,1.727285313588791,1.7544339465261716,0.5112649503194864,-1.1019274198107387,-1.645742551934763,0.3154908772231269,0,1.1832851915794553,0,-0.12236652236652229,1,High,0.5083798273927338,Night,3.992984210434449,3.970451372451938,-2.987310077844021
-1.0773399668421153,-1.3078340849672627,193442,1996-08-05,-1.2208859638003056,-1.182668426364362,-0.2223825904484937,0.8923092032373596,-0.4794758203104481,-0.8496037089832893,-0.928545848584576,-1.0094876803602142,-0.652577893708982,1.4877892903616097,0.9427662910728726,-0.9019267788874382,0.9538505081700628,2015-02-19,0.7660049728541383,1.254675168926308,-1.2606135185738274,1.065807751323357,1.279895552067935,0.0166402095497623,0.8296527516519717,0.19516698686083,-0.8238649762007128,1.3036557822638213,0.0097594654770023,-1.3386995878348875,1.2703132549937672,0.0014423042786996,0.6408882032521428,-0.4395338723963766,-0.051330184136655,-1.1019274198107387,-1.4660567181172324,-0.1834403993553725,0,0.0016163709363255356,0,0.2501221001221001,0,Medium,-35.564353888635935,Night,0.1500241467191112,103.94491926143336,-0.14858184244041162
0.6522585406814897,0.2246129513184485,389238,2001-06-06,-1.2208859638003056,0.0609366486770281,-1.0399656435679565,0.9872915767168964,-0.4794758203104481,-0.5647396049017768,-0.928545848584576,0.0174580778902579,1.5645610430146262,0.6121040105725515,-1.437956666181856,0.4369944565013188,-0.1746633256412805,2015-01-29,-1.084248584764553,-0.6263970483545135,-0.1959061549135001,-0.6643996371885862,-1.5045037635258325,0.5060581374839519,-1.6125401081168802,0.6269523560219584,1.1400563019893055,-1.1607218779702453,1.2296926501022896,1.3621065745757797,0.0358008594701839,-0.9080506723055068,-1.5237067939469142,-0.7879143956279344,-0.674316886698258,0.6424172067553336,-0.2980987983032834,1.3133534303801258,0,-0.9197381745997752,0,0.5,0,Low,0.7425991190395902,Night,-2.985938076273107,3.288298170618699,2.0778874039676003
-0.3385667349852991,-0.6510710694162436,760179,2007-03-25,1.1871731363975355,-1.182668426364362,-0.2223825904484937,0.699599064119903,-0.4794758203104481,-0.7579560266121222,-0.928545848584576,-1.5229605594854505,-0.652577893708982,-1.139266549005565,-0.2475951875544917,0.3652024331560771,-1.1144981903926834,2015-02-15,-0.1591218059552074,-1.566933156994924,-0.1959061549135001,1.065807751323357,1.279895552067935,0.0166402095497623,-1.7268555185741457,-1.244117577009598,-0.8238649762007128,0.071466952146788,0.0097594654770023,-0.4384308670313317,0.0358008594701839,-1.8868924883542595,-1.4560632002844438,-1.4660121997750737,-1.886916004184235,-0.603543240791861,-0.1184129644857528,0.4818013027492934,0,-2.697101651538541,0,0.011660561660561649,0,Low,1.0000129927079149,Evening,-4.808991404243752,2.5486316695604674,2.9220989158894923
1.2693514755265949,1.6475994850123232,939905,2013-10-31,1.1871731363975355,1.3045417237184185,-1.0399656435679565,0.9780719761850172,-0.4794758203104481,1.509221772411149,1.0769527444706637,-1.0094876803602142,1.0718635015204911,-1.489540660921188,1.5379470303865548,0.9108218105799138,0.9538505081700628,2015-02-12,-1.084248584764553,1.254675168926308,0.8688012087468271,1.065807751323357,0.3517624468700125,0.0166402095497623,-0.7534424780137948,0.4830238996349156,1.1400563019893055,0.071466952146788,-1.2101737191482849,-1.3386995878348875,-1.1987115360533993,1.54303289958893,1.6698907492691186,0.0809632188602959,1.7047930462984755,0.1440330277364557,0.5104874538756043,1.4796638559062922,0,1.5776255322047075,1,-0.12889332889332888,1,High,1.1048318813686717,Night,3.45564701442789,2.2395146440713245,-1.91261411483896
0.7913217372663021,1.1002969720531406,872814,1992-06-13,-1.2208859638003056,-1.182668426364362,-1.0399656435679565,-0.470347755374383,-0.4794758203104481,-0.6912993611603767,1.0769527444706637,-1.0094876803602142,1.5645610430146262,-1.139266549005565,-1.437956666181856,0.3293064214834563,0.0887752349329762,2015-01-01,1.6911317516634838,-1.566933156994924,-0.1959061549135001,1.065807751323357,1.279895552067935,-0.9621956463186168,0.9612886788451864,-1.1001891206225551,-0.8238649762007128,1.3036557822638213,0.0097594654770023,1.3621065745757797,1.2703132549937672,-1.8357335084213977,-1.425316112256048,-1.4349067959151132,-1.8312921914555205,1.3899934752836502,-0.6574704659383447,-0.5160612504077055,0,3.902936477068295,0,0.015157065157065153,0,Low,0.9975811743020797,Evening,-4.691515099626682,2.555663789851964,2.855781591205284
2.2601767511933835,2.4138230031551786,632627,1990-10-07,1.1871731363975355,1.3045417237184185,-0.2223825904484937,-0.5369337592157326,-0.4794758203104481,1.440513917966017,-0.928545848584576,-1.5229605594854505,1.5645610430146262,-1.489540660921188,-1.437956666181856,-0.9019267788874382,-1.0539785210715702,2015-01-13,-1.084248584764553,0.3141390602858972,-1.2606135185738274,1.065807751323357,0.8158289994689738,0.0166402095497623,-0.4832424169329856,-0.8123322078484696,1.1400563019893055,-1.1607218779702453,-1.2101737191482849,0.461837853772224,1.2703132549937672,1.024621902935932,-0.160585891354705,2.6025746251077617,0.8089847860674633,-1.1019274198107387,-1.4660567181172324,-0.8486821014600384,1,-1.9082871837295596,0,-0.337051837051837,1,High,0.7895439226952824,Evening,3.25097351982052,3.172848772465706,-2.226351616884588
-0.7470648749531856,-1.1983735823754262,283414,1991-12-28,-0.0168564137013849,1.3045417237184185,1.412783515790431,-0.2009715158340554,-0.4794758203104481,-0.9532934056489626,-0.928545848584576,-0.4960148012349781,0.5791659600263559,0.7872410665303631,0.3475855517591904,-0.9019267788874382,-1.075338404361375,2015-03-01,-1.084248584764553,-0.6263970483545135,-1.2606135185738274,-1.5295033314445576,1.279895552067935,-0.9621956463186168,0.6391270675565294,1.4905230943442151,0.1580956628942965,0.071466952146788,0.0097594654770023,-1.3386995878348875,-1.1987115360533993,0.812406875066284,-0.0027508394756071,1.54291720027844,0.7422362107930057,-0.354351151282422,0.7800162046019002,-1.347613378038538,0,-4.042418220875252,0,0.17692862692862696,1,High,0.9136250811606756,Night,2.2824025715958385,2.8094294031918614,-1.4699956965295544
0.8173960866259544,0.8813759668694676,163161,1998-11-11,-1.2208859638003056,1.3045417237184185,1.412783515790431,0.3363877791662271,-0.4794758203104481,1.6425490569812615,-0.928545848584576,1.557876715265966,0.8255147307734235,-1.489540660921188,-0.2475951875544917,0.1318783572840417,0.9538505081700628,2015-02-02,0.7660049728541383,-0.6263970483545135,-1.2606135185738274,-0.6643996371885862,-1.040437210926871,0.5060581374839519,-1.5501862478674628,-1.5319744897836836,-0.8238649762007128,-1.1607218779702453,-1.2101737191482849,-1.3386995878348875,-1.1987115360533993,0.6756039731717428,0.7023823793089341,0.7175871511941545,0.5796027773861928,-1.1019274198107387,-1.5558996350259977,-0.8486821014600384,1,2.008402226870629,0,-0.2389166389166389,1,High,0.8579018811320299,Evening,1.9995723078892813,2.9596767153769576,-1.3239683347175384
-1.01649981833626,-0.8699920745999167,853360,2009-06-26,-0.0168564137013849,1.3045417237184185,-0.2223825904484937,-0.7471406513425776,-0.4794758203104481,-0.6963226811441801,-0.928545848584576,1.0444038361407302,-0.8989266644560496,0.9623781224881748,-1.437956666181856,-0.9019267788874382,-0.7371402522728019,2015-01-27,-1.084248584764553,0.3141390602858972,-1.2606135185738274,-0.6643996371885862,-1.040437210926871,1.484893993352331,-1.2557374633563243,0.6269523560219584,1.1400563019893055,0.071466952146788,-1.2101737191482849,1.3621065745757797,1.2703132549937672,0.3099120055035098,-0.3881143427648332,0.7632084101887633,0.338566255561763,1.6391855647930893,1.4089166229632577,0.1491804516969604,1,-0.4147979630670268,0,-0.3629259629259629,1,Medium,1.09245578452476,Night,0.713660322985693,2.302776296290705,-0.40374831748218326
0.4958124445235756,0.334073453910285,776860,2009-01-11,1.1871731363975355,0.0609366486770281,-1.0399656435679565,0.3325360349440195,-0.4794758203104481,1.450155901601595,-0.928545848584576,-1.0094876803602142,1.5645610430146262,0.0866928426991166,0.9427662910728726,-0.9019267788874382,0.9538505081700628,2015-01-12,0.7660049728541383,0.3141390602858972,-0.1959061549135001,1.065807751323357,0.3517624468700125,0.9954760654181416,-0.3065731462263027,0.914809268796044,-0.8238649762007128,-1.1607218779702453,0.0097594654770023,0.461837853772224,1.2703132549937672,0.8313546454117883,0.0074981898671914,1.5636541361850804,0.7607774817025773,0.3932251172458947,0.9597020384194308,0.8144221538016264,0,2.5000362607784172,0,0.1780941280941281,1,High,0.9151047279239295,Night,2.331929807754849,2.804972601827698,-1.5005751623430608
2.164570803541325,2.304362500563342,149367,2003-03-18,-0.0168564137013849,-1.182668426364362,-1.0399656435679565,0.1741637858075178,2.1334714293377703,-0.5820142441794114,1.0769527444706637,1.557876715265966,-0.1598803522148468,1.312652234403798,0.9427662910728726,0.9862034350924176,-0.4274219445706351,2015-01-06,0.7660049728541383,-0.6263970483545135,-1.2606135185738274,-0.6643996371885862,-1.5045037635258325,1.484893993352331,0.5871655173486814,-1.6759029461707264,-0.8238649762007128,1.3036557822638213,-1.2101737191482849,-1.3386995878348875,-1.1987115360533993,0.6532456041640478,1.346021422036684,-0.0828585748021627,0.586489535152605,0.6424172067553336,-0.477784632120814,1.6459742814324587,1,3.750732968982588,0,-0.16572316572316564,1,High,0.8978072467795359,Evening,1.8496523823871263,2.8314764601862805,-1.1964067782230785
0.0525485054094859,0.2246129513184485,395269,2012-11-02,-1.2208859638003056,1.3045417237184185,-1.0399656435679565,-0.1379094481960015,-0.4794758203104481,-0.9548980773104552,1.0769527444706637,-0.4960148012349781,0.0864684185322207,-0.6138553811321298,-0.2475951875544917,-0.9019267788874382,-0.505741516633252,2015-01-30,-1.084248584764553,0.3141390602858972,0.8688012087468271,0.2007040570673854,1.279895552067935,-0.9621956463186168,-0.3412141796982013,0.0512385304737872,1.1400563019893055,-1.1607218779702453,1.2296926501022896,-1.3386995878348875,0.0358008594701839,1.072749239613513,1.497707056310103,1.5221802643718,0.7236949398834343,-0.1051590617729831,1.588602456780788,-0.6823716759338719,0,-7.778705754769098,0,0.8435897435897437,1,High,0.6746164327534103,Night,3.7435822605653373,3.4897053594824303,-2.6708330209518243
-0.3124923856256467,-0.7605315720080802,981123,2000-05-04,-0.0168564137013849,-1.182668426364362,-0.2223825904484937,-0.8067607347820627,-0.4794758203104481,-0.6762852158754535,1.0769527444706637,0.530930957015494,-1.1452754352031171,0.7872410665303631,0.3475855517591904,-0.9019267788874382,-0.4915015944400489,2015-03-01,-1.084248584764553,1.254675168926308,-1.2606135185738274,0.2007040570673854,0.8158289994689738,-0.4727777183844272,-0.1437602889083792,0.19516698686083,0.1580956628942965,-1.1607218779702453,0.0097594654770023,-0.4384308670313317,-1.1987115360533993,0.187888364478462,1.4341630743847518,0.4604491459518142,-0.2256181306866272,-1.1019274198107387,-1.5558996350259977,0.3154908772231269,0,-0.23289259041815963,0,0.3403318903318903,1,Medium,-1.2008030966142849,Night,1.6689940896499387,8.882855579839154,-1.4811057251714768
1.617009466988626,1.3192179772368136,143626,1999-09-29,1.1871731363975355,0.0609366486770281,1.412783515790431,-0.5409903834497586,-0.4794758203104481,1.6339954593421744,1.0769527444706637,-1.5229605594854505,-1.3916242059501849,-0.4387183251743182,-0.2475951875544917,-0.9019267788874382,0.9538505081700628,2015-02-24,1.6911317516634838,-1.566933156994924,-0.1959061549135001,1.065807751323357,0.8158289994689738,0.5060581374839519,-0.5837014140014916,-0.3805468386873412,-0.8238649762007128,1.3036557822638213,0.0097594654770023,-0.4384308670313317,1.2703132549937672,-1.7311418161142138,-1.281829701456868,-1.2897482445686308,-1.7592461102068997,0.6424172067553336,-0.477784632120814,-0.6823716759338719,0,3.19995524694984,0,0.03147408147408148,0,Low,1.0162351287839033,Evening,-4.330824056232398,2.5017167961838798,2.5996822401181845
0.4697380951639233,0.771915464277631,648397,1999-03-09,-0.0168564137013849,-1.182668426364362,-0.2223825904484937,-0.5983977627615937,3.875436262436583,-0.6397684703265278,1.0769527444706637,0.530930957015494,0.8255147307734235,-1.3144036049633765,-0.2475951875544917,0.3328960226507184,-1.0682184432647732,2015-01-24,-1.084248584764553,1.254675168926308,0.8688012087468271,0.2007040570673854,-1.040437210926871,0.9954760654181416,-0.6044860340846308,0.3390954432478728,1.1400563019893055,0.071466952146788,-1.2101737191482849,-0.4384308670313317,-1.1987115360533993,-0.1918249532454442,-0.5459493946439311,0.443859597226502,-0.2404511474142845,-1.6003115988296166,0.3308016200580737,-1.347613378038538,1,0.3205648245157183,0,-0.38087468087468085,1,Low,1.2534990721759363,Night,-0.3425409448317136,1.7857047518639275,0.1507159915862694
-0.8426708226052443,-0.8699920745999167,154982,1991-02-13,-1.2208859638003056,1.3045417237184185,1.412783515790431,0.4827540596101046,-0.4794758203104481,-0.4271424983454311,-0.928545848584576,1.557876715265966,0.8255147307734235,0.6121040105725515,-0.2475951875544917,1.3236259448150534,-1.292497217807722,2015-02-26,0.7660049728541383,0.3141390602858972,-0.1959061549135001,1.065807751323357,0.3517624468700125,-0.4727777183844272,0.9855374022755156,0.6269523560219584,-0.8238649762007128,0.071466952146788,-1.2101737191482849,1.3621065745757797,0.0358008594701839,-0.0569168283854535,0.3867122755507383,0.3982383382318932,-0.2812419434153418,-0.8527353303012999,0.1511157862405431,-0.5160612504077055,0,-0.117900014204765,0,-0.27481407481407477,1,Medium,4.941366073259533,Night,0.5037086703672896,-8.850063060771106,-0.5606254987527431
0.1829202522077476,0.2246129513184485,330591,1993-08-05,1.1871731363975355,1.3045417237184185,1.412783515790431,-0.6262204683666868,-0.4794758203104481,-0.361713755556393,1.0769527444706637,-0.4960148012349781,0.0864684185322207,1.4877892903616097,0.9427662910728726,0.5769889020245401,-0.3348624503148151,2015-01-19,-1.084248584764553,1.254675168926308,-1.2606135185738274,1.065807751323357,-1.040437210926871,0.0166402095497623,-0.898934818595769,1.2026661815701296,1.1400563019893055,-1.1607218779702453,1.2296926501022896,0.461837853772224,0.0358008594701839,0.6684038204404512,-0.2118310380686978,1.119883707782977,0.7030346665841974,-0.603543240791861,-0.1184129644857528,0.9807325793277928,1,-1.0673635270136046,0,0.6491841491841492,1,High,1.0518096894048827,Night,1.6110873362984766,2.4103466746945905,-0.9426835158580253
-0.3472581847718499,-0.103768556457061,319232,1997-10-31,-1.2208859638003056,0.0609366486770281,1.412783515790431,0.0547187389167273,-0.4794758203104481,-0.4670499848834241,-0.928545848584576,1.557876715265966,-0.4062291229619144,0.2618298986569282,-0.8427759268681739,0.6882665382096647,0.9538505081700628,2015-01-17,0.7660049728541383,0.3141390602858972,-0.1959061549135001,-0.6643996371885862,-1.040437210926871,-0.4727777183844272,-0.5663808972655423,-1.1001891206225551,-0.8238649762007128,0.071466952146788,0.0097594654770023,1.3621065745757797,1.2703132549937672,1.41115641798422,2.165943769460569,0.3318801433306441,1.3281403715354656,0.6424172067553336,-0.2980987983032834,1.6459742814324587,0,25.788800274279872,1,0.42354867354867354,1,High,0.9411709527294689,Evening,3.8259642843266786,2.7112243011073214,-2.414807866342459
0.3567492479387631,0.0056919461347754,531640,2001-04-21,1.1871731363975355,0.0609366486770281,-1.0399656435679565,-1.194926405175358,3.004453845887177,-0.565674500565429,-0.928545848584576,-1.5229605594854505,-1.6379729766972524,0.7872410665303631,-1.437956666181856,1.1800418981245702,0.9538505081700628,2015-02-20,-1.084248584764553,0.3141390602858972,-0.1959061549135001,1.065807751323357,-1.040437210926871,-1.4516135742528065,0.62180655082058,-0.6684037514614268,1.1400563019893055,-1.1607218779702453,-1.2101737191482849,-0.4384308670313317,-1.1987115360533993,0.760111028912692,1.190236176026146,-0.161658931247396,0.7962707717294714,-0.1051590617729831,-1.7355854688435284,0.8144221538016264,0,-0.6361158827325659,0,-0.18343878343878334,1,High,1.0475702810130538,Evening,1.8248480165082213,2.400761923368834,-1.0647369875955293
0.443663745804271,0.2246129513184485,368050,2013-01-08,-1.2208859638003056,1.3045417237184185,1.412783515790431,-0.3651213813038684,1.2624890127883643,1.6313024016841908,1.0769527444706637,-0.4960148012349781,1.3182122722675589,0.4369669546147398,-0.2475951875544917,-0.9019267788874382,0.9538505081700628,2015-02-22,0.7660049728541383,1.254675168926308,-0.1959061549135001,-0.6643996371885862,0.3517624468700125,-0.4727777183844272,1.0652117792608822,1.4905230943442151,-0.8238649762007128,0.071466952146788,1.2296926501022896,-1.3386995878348875,-1.1987115360533993,0.6267187256803417,1.317324139876848,1.3396952283933647,0.1934145918696889,-0.354351151282422,0.7800162046019002,-0.8486821014600384,0,-1.7164714920659556,0,0.823076923076923,1,High,0.3086141762328061,Night,2.8504339601399016,4.548179741822527,-2.2237152344595597
0.0177827062632828,-0.3226895616407341,253791,2009-07-23,-1.2208859638003056,1.3045417237184185,-1.0399656435679565,1.5121941669985512,1.2624890127883643,1.4824028251642878,-0.928545848584576,0.530930957015494,1.0718635015204911,0.0866928426991166,-0.2475951875544917,-0.9019267788874382,-0.9578590462674496,2015-01-23,0.7660049728541383,-0.6263970483545135,-1.2606135185738274,-1.5295033314445576,-1.040437210926871,0.5060581374839519,-1.6298606248528296,-0.0926899259132555,-0.8238649762007128,0.071466952146788,1.2296926501022896,-0.4384308670313317,0.0358008594701839,0.9018403510970644,1.0918454943352796,1.111588933420321,0.6945586570255362,0.6424172067553336,-0.2980987983032834,0.4818013027492934,1,0.5963782789274901,0,0.7974358974358975,1,High,0.7701561435175104,Evening,2.8979930847811364,3.213417838132849,-1.996152733684072
-0.0082916430963695,-0.103768556457061,155724,1998-02-20,-1.2208859638003056,0.0609366486770281,-1.0399656435679565,0.5655665603875617,-0.4794758203104481,1.4670537918804445,-0.928545848584576,1.0444038361407302,1.0718635015204911,-0.2635812692165066,-0.8427759268681739,-0.9019267788874382,0.9538505081700628,2015-01-31,0.7660049728541383,-0.6263970483545135,-1.2606135185738274,-1.5295033314445576,0.8158289994689738,-0.9621956463186168,-0.348142386392581,-0.6684037514614268,-0.8238649762007128,-1.1607218779702453,-1.2101737191482849,-0.4384308670313317,1.2703132549937672,0.1014865317029624,-1.5237067939469142,-0.2570488364179416,0.6013225518802623,1.6391855647930893,0.6003303707843697,-1.014992526986205,1,0.17944192491064653,0,-0.49206349206349204,1,Medium,5.925087957013638,Evening,-1.1794330784845934,-11.62145791402833,1.280919610187556
-1.5814440544620605,-1.5267550901509357,824540,2008-03-13,1.1871731363975355,0.0609366486770281,1.412783515790431,-0.8324936642665964,-0.4794758203104481,1.4276346836742102,-0.928545848584576,-1.0094876803602142,1.5645610430146262,-0.9641294930477532,-0.2475951875544917,0.9323594175834864,0.9538505081700628,2015-01-05,-1.084248584764553,-0.6263970483545135,0.8688012087468271,0.2007040570673854,-1.5045037635258325,-1.4516135742528065,0.7118732378475164,-1.6759029461707264,2.1220169410843157,1.3036557822638213,0.0097594654770023,-1.3386995878348875,0.0358008594701839,0.9234408092909392,0.2329768354087598,2.019866726131168,0.7146891797273567,-1.6003115988296166,0.3308016200580737,-1.680234229090871,0,-1.1092479837098213,0,0.20373515373515375,1,High,0.7739406777305521,Evening,2.9675327412672843,3.213556838568844,-2.044091931976345
0.0612399551960367,-0.4321500642325706,717392,1996-08-20,-1.2208859638003056,-1.182668426364362,-1.0399656435679565,-0.8836726912191168,-0.4794758203104481,-0.7760120712205708,-0.928545848584576,0.0174580778902579,1.5645610430146262,-0.7889924370899414,-0.8427759268681739,-0.9019267788874382,0.9538505081700628,2015-02-03,0.7660049728541383,0.3141390602858972,0.8688012087468271,-1.5295033314445576,1.279895552067935,0.0166402095497623,-1.5778990746449817,-1.5319744897836836,-0.8238649762007128,1.3036557822638213,0.0097594654770023,-0.4384308670313317,-1.1987115360533993,-0.4078295351841933,-0.0888426859551151,-0.0828585748021627,-0.5259867194216858,-0.1051590617729831,1.588602456780788,0.9807325793277928,0,0.4615170308574105,0,0.16713841713841718,0,Low,1.2897251517335027,Evening,-0.6976879801789637,1.710738508927182,0.2898584449947704
0.0177827062632828,0.0056919461347754,965768,2014-07-27,-0.0168564137013849,0.0609366486770281,-0.2223825904484937,0.1884644106325216,2.1334714293377703,1.4335091773219355,1.0769527444706637,0.0174580778902579,-0.1598803522148468,1.312652234403798,0.9427662910728726,0.792364972060265,-1.5274559339955724,2015-02-17,-1.084248584764553,0.3141390602858972,0.8688012087468271,-1.5295033314445576,-1.040437210926871,-0.4727777183844272,0.4659219001970363,0.0512385304737872,1.1400563019893055,0.071466952146788,1.2296926501022896,1.3621065745757797,1.2703132549937672,-0.6238341171229423,-0.847270857322209,0.5185125664904072,-0.785564512155687,0.6424172067553336,-0.5676275490295793,1.3133534303801258,0,-3.310072203855605,0,0.5769230769230769,1,Low,1.2592542630289238,Night,-1.1143228029874888,1.7862514387287376,0.4904886858645464
-0.3298752851987483,-0.103768556457061,414779,1992-11-09,-1.2208859638003056,-1.182668426364362,1.412783515790431,1.3609927182757324,-0.4794758203104481,-0.9133580117777262,1.0769527444706637,0.530930957015494,-1.1452754352031171,0.0866928426991166,0.9427662910728726,1.2374755168007634,-0.1889032478344836,2015-01-09,0.7660049728541383,1.254675168926308,0.8688012087468271,0.2007040570673854,1.279895552067935,-0.9621956463186168,0.8157963382632123,-0.524475295074384,-0.8238649762007128,0.071466952146788,-1.2101737191482849,-1.3386995878348875,-1.1987115360533993,-0.4714940435450877,-0.3430186136565195,-0.339996580044503,-0.4836066716283795,-0.8527353303012999,-0.0285700475769874,-0.6823716759338719,0,-0.3464336662350155,0,-0.35779775779775774,0,Low,1.02569206110065,Evening,-1.166621865329402,2.4743140568050412,0.6951278217843143
-0.3385667349852991,-0.7605315720080802,428230,2012-06-04,-0.0168564137013849,1.3045417237184185,-1.0399656435679565,0.5853579695293286,-0.4794758203104481,1.540087282978296,-0.928545848584576,-0.4960148012349781,-0.652577893708982,1.4877892903616097,0.3475855517591904,1.6287420440323306,0.9538505081700628,2015-02-08,-0.1591218059552074,-1.566933156994924,-0.1959061549135001,1.065807751323357,-0.1123041057289486,0.5060581374839519,-1.3804451838551597,-0.3805468386873412,-0.8238649762007128,-1.1607218779702453,1.2296926501022896,-1.3386995878348875,-1.1987115360533993,-1.8493759030701609,-1.4560632002844438,-1.3975803112831606,-1.8519524647547567,-0.1051590617729831,0.2409587031493084,-1.1813029525123715,0,-3.159387656700971,0,0.5076923076923077,0,Low,1.0013937475199413,Evening,-4.7055959763223605,2.5444251290047064,2.8562200732521994
0.6088012917487358,0.4435339565021215,517240,2001-05-13,1.1871731363975355,-1.182668426364362,1.412783515790431,0.392975638430783,-0.4794758203104481,-0.5016550781051802,1.0769527444706637,-1.0094876803602142,0.3328171892792883,-1.489540660921188,1.5379470303865548,0.5590408961882296,-0.7300202911762004,2015-02-06,0.7660049728541383,-0.6263970483545135,-1.2606135185738274,-0.6643996371885862,-1.040437210926871,0.0166402095497623,1.321555426952932,1.4905230943442151,-0.8238649762007128,1.3036557822638213,-1.2101737191482849,1.3621065745757797,1.2703132549937672,0.4198090735074347,0.6572866502006205,0.6719658921995457,0.2453301504164892,-0.1051590617729831,1.588602456780788,0.1491804516969604,1,1.068279975073831,0,-0.244044844044844,1,Medium,0.5843836675161262,Night,1.5745826928166555,3.750702501398577,-1.1547736193092208
-1.0686485170555644,-1.1983735823754262,469874,2011-09-17,-1.2208859638003056,0.0609366486770281,-0.2223825904484937,-0.4810834679937263,2.1334714293377703,1.6276046800294468,-0.928545848584576,1.0444038361407302,-0.8989266644560496,-0.088444213258695,-1.437956666181856,0.6200641160316851,0.9538505081700628,2015-01-14,-1.084248584764553,-0.6263970483545135,-1.2606135185738274,-0.6643996371885862,0.3517624468700125,0.0166402095497623,0.8261886483047819,-1.6759029461707264,1.1400563019893055,-1.1607218779702453,0.0097594654770023,0.461837853772224,-1.1987115360533993,-0.3043747090977398,-0.5049532772727369,-0.5038183737069617,-0.1662860637759984,-1.1019274198107387,-1.645742551934763,-0.8486821014600384,1,0.6326871780779778,0,0.11981906981906984,0,Low,0.5463220337555533,Evening,-1.1750577147556969,3.8605756004319183,0.8706830056579571
0.6609499904680405,0.6624549616857945,718428,2011-07-15,-0.0168564137013849,0.0609366486770281,-0.2223825904484937,0.5788427851534678,-0.4794758203104481,1.4885005774779605,1.0769527444706637,0.0174580778902579,0.8255147307734235,0.7872410665303631,1.5379470303865548,1.176452296957308,0.9538505081700628,2015-01-22,-1.084248584764553,-0.6263970483545135,-0.1959061549135001,0.2007040570673854,-1.040437210926871,-1.4516135742528065,1.345804150383261,-1.6759029461707264,1.1400563019893055,1.3036557822638213,0.0097594654770023,0.461837853772224,0.0358008594701839,1.2110679631356944,1.3706190924594006,1.3936112617506298,0.9827429820200192,0.6424172067553336,-0.5676275490295793,-1.014992526986205,0,2.092218996209152,1,0.3331057831057831,1,High,0.8114673994084577,Evening,3.7469733362300497,3.093938867468293,-2.535905373094355
-0.0865146911753265,0.0056919461347754,620215,2005-07-27,-0.0168564137013849,0.0609366486770281,-1.0399656435679565,-1.7752285506530152,-0.4794758203104481,-0.6352474823411048,1.0769527444706637,1.0444038361407302,-1.6379729766972524,-0.7889924370899414,0.3475855517591904,-0.9019267788874382,0.9538505081700628,2015-02-23,-1.084248584764553,-0.6263970483545135,-1.2606135185738274,0.2007040570673854,1.279895552067935,-0.9621956463186168,0.9647527821923764,-1.244117577009598,1.1400563019893055,-1.1607218779702453,1.2296926501022896,0.461837853772224,0.0358008594701839,0.3311335082904746,-0.2630761847826907,1.0161990282497757,0.2712879296898893,0.3932251172458947,0.9597020384194308,1.1470430048539593,0,-0.18653017646592265,0,0.6433566433566433,1,Medium,0.819268070520493,Evening,1.0244107731569743,3.093639435061086,-0.6932772648664997
-0.7992135736724904,-1.3078340849672627,618659,2005-10-18,1.1871731363975355,-1.182668426364362,-1.0399656435679565,-1.193533221094985,-0.4794758203104481,-0.7098716914338273,-0.928545848584576,1.0444038361407302,-0.652577893708982,1.4877892903616097,0.9427662910728726,1.2518339214698118,-0.997018832298758,2015-02-22,-1.084248584764553,-0.6263970483545135,-1.2606135185738274,-1.5295033314445576,-1.5045037635258325,-1.4516135742528065,-1.37005287381359,1.3465946379571725,1.1400563019893055,-1.1607218779702453,-1.2101737191482849,-0.4384308670313317,-1.1987115360533993,-0.0667696689651158,0.2186281943288418,0.2281954637974424,-0.2081363609718884,1.6391855647930893,0.8698591215106656,1.3133534303801258,0,0.055942912796991054,0,-0.2939282939282939,1,Medium,3.117275875016051,Night,0.23868729715439582,-3.574839829128558,-0.3054569661195116
-1.564061154888959,-0.6510710694162436,649082,1996-01-19,-1.2208859638003056,1.3045417237184185,-0.2223825904484937,2.730779501298794,-0.4794758203104481,-0.9758843919094558,-0.928545848584576,-0.4960148012349781,0.8255147307734235,-0.2635812692165066,1.5379470303865548,-0.9019267788874382,-0.6552606996618843,2015-01-24,0.7660049728541383,1.254675168926308,0.8688012087468271,1.065807751323357,1.279895552067935,0.0166402095497623,-0.3550705930869607,-1.6759029461707264,-0.8238649762007128,-1.1607218779702453,1.2296926501022896,-0.4384308670313317,0.0358008594701839,-0.2259309398673519,-0.5643976474609685,0.4065331125945493,-0.2738254350515132,1.1408013857742114,1.4987595398720228,-0.5160612504077055,0,-0.08273493228763582,0,0.6090909090909091,1,Low,1.211992687699035,Evening,-0.43168996991793246,1.9107249361080096,0.20575903005058055
-0.9643511196169552,-0.7605315720080802,437573,2005-09-29,1.1871731363975355,0.0609366486770281,1.412783515790431,1.5096126788496247,-0.4794758203104481,-0.649661619961296,1.0769527444706637,1.557876715265966,0.0864684185322207,-1.489540660921188,0.9427662910728726,1.442082783334702,-1.381496731515241,2015-02-09,0.7660049728541383,1.254675168926308,-0.1959061549135001,-1.5295033314445576,1.279895552067935,0.0166402095497623,-0.4070321432948087,0.6269523560219584,-0.8238649762007128,-1.1607218779702453,0.0097594654770023,-0.4384308670313317,-1.1987115360533993,0.9609573945750376,2.0347561938727474,0.265521948429395,0.7496527191568344,-0.1051590617729831,-1.7355854688435284,0.1491804516969604,0,0.6365584838283387,0,0.4086302586302586,1,High,0.7801094442682418,Night,3.049930861458977,3.1738427789142114,-2.0889734668839393
-0.2864180362659944,-0.5416105668244071,964657,1997-02-18,-0.0168564137013849,0.0609366486770281,1.412783515790431,0.085409764687294,-0.4794758203104481,1.450546604267002,-0.928545848584576,-1.0094876803602142,0.0864684185322207,0.2618298986569282,-0.2475951875544917,2.1456446121180703,0.9538505081700628,2015-01-19,0.7660049728541383,0.3141390602858972,-1.2606135185738274,1.065807751323357,-1.040437210926871,1.484893993352331,1.172598983023768,0.3390954432478728,-0.8238649762007128,0.071466952146788,0.0097594654770023,0.461837853772224,-1.1987115360533993,0.6229291716112408,1.3132245281397286,-0.099448123527475,0.5568235016972907,-0.354351151282422,0.7800162046019002,-1.5139238035647045,1,7.29333326884392,0,0.32657897657897655,1,High,0.8938778808177458,Night,1.7705999063095443,2.842373009048184,-1.1476707346983035
-0.0343659924560218,0.1151524487266119,932502,2010-05-11,-1.2208859638003056,-1.182668426364362,-0.2223825904484937,0.7495897870038694,-0.4794758203104481,-0.7868819775188564,-0.928545848584576,-0.4960148012349781,-0.8989266644560496,1.4877892903616097,-0.2475951875544917,0.7241625498822855,0.2276144763167062,2015-01-01,1.6911317516634838,-1.566933156994924,-0.1959061549135001,1.065807751323357,0.8158289994689738,0.9954760654181416,-1.4601195608405264,-0.3805468386873412,-0.8238649762007128,-1.1607218779702453,-1.2101737191482849,-1.3386995878348875,0.0358008594701839,-1.859607699056733,-1.439664753335966,-1.4494226510497614,-1.8572499707289205,0.6424172067553336,-0.5676275490295793,1.6459742814324587,0,-2.4808305161935422,0,-0.4825063825063825,0,Low,0.9987326737804246,Evening,-4.746337375114648,2.5523339841280315,2.8867296760579153
-0.7296819753800842,-1.1983735823754262,434507,2009-02-06,-1.2208859638003056,0.0609366486770281,-0.2223825904484937,0.1018821176375847,-0.4794758203104481,-0.7503233709700656,-0.928545848584576,1.557876715265966,-0.652577893708982,1.662926346319421,-0.8427759268681739,1.5713084253561371,0.9538505081700628,2015-01-07,-1.084248584764553,0.3141390602858972,-0.1959061549135001,-0.6643996371885862,0.3517624468700125,1.484893993352331,0.7984758215272629,-0.3805468386873412,1.1400563019893055,0.071466952146788,-1.2101737191482849,1.3621065745757797,-1.1987115360533993,0.482715671054509,-0.1810839500403022,-0.1761747863820443,0.7666047382741569,-0.1051590617729831,1.588602456780788,0.8144221538016264,0,4.737935805729949,0,-0.3393828393828393,1,Medium,1.588104957302357,Evening,0.40934600185181036,0.8480046917741245,0.07336966920269866
1.0520652308628256,0.771915464277631,935277,2013-07-09,-1.2208859638003056,1.3045417237184185,-1.0399656435679565,0.3787159896081432,-0.4794758203104481,-0.3747185728477949,-0.928545848584576,-0.4960148012349781,1.5645610430146262,-1.489540660921188,1.5379470303865548,0.7600585615549064,-1.8051344167630323,2015-02-01,-1.084248584764553,0.3141390602858972,-0.1959061549135001,-0.6643996371885862,-1.5045037635258325,1.484893993352331,1.491296490965235,1.3465946379571725,1.1400563019893055,-1.1607218779702453,0.0097594654770023,0.461837853772224,1.2703132549937672,0.8851663131930204,1.3132245281397286,-0.099448123527475,0.9234109151093904,-0.603543240791861,-0.9269992166646406,-1.014992526986205,0,2.337276482126926,0,0.32657897657897655,1,High,1.0432049414233517,Night,2.137187319721644,2.414444464755791,-1.252021006528624
-0.694916176233881,-0.7605315720080802,756054,1992-06-06,-1.2208859638003056,0.0609366486770281,-0.2223825904484937,-0.2387104140112134,-0.4794758203104481,-0.7435837499917961,-0.928545848584576,0.530930957015494,1.0718635015204911,-1.3144036049633765,-0.8427759268681739,-0.9019267788874382,-0.5840610886958689,2015-02-21,-1.084248584764553,-0.6263970483545135,0.8688012087468271,0.2007040570673854,0.8158289994689738,1.484893993352331,0.9543604721508068,1.0587377251830867,1.1400563019893055,0.071466952146788,-1.2101737191482849,0.461837853772224,1.2703132549937672,0.7881537290240384,0.989355200907294,1.0079042538871192,0.5886085375422704,-0.1051590617729831,1.588602456780788,-1.680234229090871,0,-3.3017287243938136,0,-0.2062826062826062,1,High,0.7468185064005599,Night,2.585867992336684,3.280914136667974,-1.7977142633126455
0.0612399551960367,-0.4321500642325706,682387,1998-03-08,1.1871731363975355,-1.182668426364362,1.412783515790431,-0.1441787765576792,-0.4794758203104481,-0.6924993764898408,1.0769527444706637,1.0444038361407302,0.8255147307734235,0.7872410665303631,-0.2475951875544917,1.826170108231745,0.9538505081700628,2015-01-21,0.7660049728541383,0.3141390602858972,0.8688012087468271,1.065807751323357,-1.040437210926871,0.0166402095497623,0.1887936324218474,-1.388046033396641,-0.8238649762007128,1.3036557822638213,-1.2101737191482849,-0.4384308670313317,-1.1987115360533993,-0.0277372620533769,0.4154095577105743,-0.5535870198828986,-0.004712131564018,1.3899934752836502,-0.6574704659383447,0.4818013027492934,0,0.19238236790453236,0,-0.2715506715506715,0,Medium,0.16989064910584434,Evening,-0.1428895937363423,5.1517249678907415,0.1151523316829654
0.7217901389738959,0.2246129513184485,456604,2004-03-29,-1.2208859638003056,1.3045417237184185,1.412783515790431,-1.1787408842416145,-0.4794758203104481,-0.3306389399899209,1.0769527444706637,1.0444038361407302,-0.4062291229619144,0.0866928426991166,1.5379470303865548,-0.9019267788874382,-0.7905399604973135,2015-01-19,1.6911317516634838,-1.566933156994924,1.9335085724071543,1.065807751323357,0.3517624468700125,0.5060581374839519,-0.1749372190330879,-0.3805468386873412,-0.8238649762007128,-1.1607218779702453,1.2296926501022896,1.3621065745757797,-1.1987115360533993,-1.80352229883404,-1.4273659181246077,-1.3395168907445676,-1.8101021675588675,-0.8527353303012999,-0.3879417152120487,-0.6823716759338719,0,1.5300426522806616,0,0.5109557109557109,0,Low,1.0036488999209945,Evening,-4.576984976428043,2.537804781893633,2.7734626775940026
-0.7122990758069826,-0.5416105668244071,139872,2006-06-01,-0.0168564137013849,0.0609366486770281,-0.2223825904484937,-0.1462685526782384,-0.4794758203104481,1.429197494335838,1.0769527444706637,1.557876715265966,0.8255147307734235,0.0866928426991166,0.3475855517591904,1.2015795051281426,-0.0678639091922575,2015-02-27,-0.1591218059552074,-1.566933156994924,-0.1959061549135001,1.065807751323357,0.3517624468700125,0.0166402095497623,1.3839092872023495,-0.9562606642355124,-0.8238649762007128,-1.1607218779702453,1.2296926501022896,-0.4384308670313317,1.2703132549937672,-1.6890777659471945,-1.1362934847891284,-1.2731586958433183,-1.7422940910895772,0.1440330277364557,1.1393878722369617,1.3133534303801258,0,11.54786372656999,0,0.544055944055944,0,Low,1.031506753402377,Evening,-4.151746271722024,2.4579973837919806,2.462668505774829
-1.5814440544620605,-1.0889130797835898,354105,1994-06-08,-0.0168564137013849,0.0609366486770281,1.412783515790431,-0.0728805324444808,2.1334714293377703,-0.5193762347147085,1.0769527444706637,0.530930957015494,0.0864684185322207,0.2618298986569282,-0.2475951875544917,-0.9019267788874382,-1.046858559974969,2015-02-14,0.7660049728541383,0.3141390602858972,-1.2606135185738274,-1.5295033314445576,0.3517624468700125,1.484893993352331,1.1275656395102998,0.3390954432478728,-0.8238649762007128,-1.1607218779702453,1.2296926501022896,1.3621065745757797,-1.1987115360533993,0.6835620367168547,-0.0724442390066373,1.4019060361132858,0.6161555686079194,-1.6003115988296166,0.3308016200580737,1.1470430048539593,1,-9.379341686056895,0,0.6650349650349651,1,High,0.901388073245311,Night,1.945617365714568,2.8462881419968893,-1.2620553289977132
-0.8513622723917951,-0.8699920745999167,165485,1998-02-12,-1.2208859638003056,1.3045417237184185,1.412783515790431,0.2636553749702914,-0.4794758203104481,-0.8333616410356586,-0.928545848584576,0.0174580778902579,0.3328171892792883,0.0866928426991166,1.5379470303865548,1.0400474526013488,0.9538505081700628,2015-02-01,-1.084248584764553,0.3141390602858972,0.8688012087468271,1.065807751323357,1.279895552067935,1.484893993352331,0.1437602889083792,1.2026661815701296,1.1400563019893055,-1.1607218779702453,-1.2101737191482849,1.3621065745757797,1.2703132549937672,-0.270268722475832,-0.4844552185871397,-0.4830814378003213,-0.1292035219568554,-1.6003115988296166,0.3308016200580737,0.9807325793277928,0,-1.0250794144700113,0,-0.3738816738816738,0,Low,0.4780575378120081,Night,-1.0967401783443165,4.057976913770713,0.8264714558684845
1.6865410652810322,2.085441495379669,515050,2000-11-16,1.1871731363975355,-1.182668426364362,-1.0399656435679565,-1.087610254984284,-0.4794758203104481,-0.4435241029592786,-0.928545848584576,-1.5229605594854505,0.0864684185322207,1.1375151784459865,1.5379470303865548,-0.9019267788874382,-1.107378229296082,2015-02-02,0.7660049728541383,-0.6263970483545135,-1.2606135185738274,1.065807751323357,-1.5045037635258325,0.5060581374839519,0.0433012918398732,0.914809268796044,-0.8238649762007128,1.3036557822638213,1.2296926501022896,-0.4384308670313317,-1.1987115360533993,1.7643428572244202,0.0423448896327065,1.6341597182676575,2.0380061720733464,-1.6003115988296166,1.2292307891457268,-0.5160612504077055,1,-1.6222212611181897,1,0.6780885780885781,1,High,1.155107131599301,Night,3.7145107799737103,2.1053213435487557,-1.95016792274929
0.087314304555689,0.2246129513184485,795686,2004-10-24,-1.2208859638003056,1.3045417237184185,-1.0399656435679565,0.5822847693520355,1.2624890127883643,-0.4046631414179113,1.0769527444706637,1.0444038361407302,-0.652577893708982,-0.6138553811321298,-0.8427759268681739,-0.9019267788874382,-1.0788983849096756,2015-02-01,-1.084248584764553,1.254675168926308,-1.2606135185738274,-0.6643996371885862,-1.5045037635258325,0.0166402095497623,-0.5248116570992639,0.19516698686083,1.1400563019893055,-1.1607218779702453,1.2296926501022896,-1.3386995878348875,0.0358008594701839,0.4258723600179961,1.1000447178095183,-0.2072801902420048,0.3639942842377469,-0.1051590617729831,1.6784453736895533,-1.5139238035647045,1,0.7313803332200691,0,0.7983682983682983,1,Medium,0.854700759451978,Night,1.2567588118052604,2.9510153247250632,-0.8308864517872643
0.0438570556229351,-0.103768556457061,395983,2009-11-08,1.1871731363975355,-1.182668426364362,-1.0399656435679565,0.4043259910855853,-0.4794758203104481,1.586957649160505,-0.928545848584576,0.530930957015494,1.0718635015204911,1.662926346319421,-0.2475951875544917,1.1836314992918322,0.9538505081700628,2015-01-19,0.7660049728541383,-0.6263970483545135,-0.1959061549135001,-0.6643996371885862,1.279895552067935,0.5060581374839519,-1.6021477980753107,1.3465946379571725,-0.8238649762007128,-1.1607218779702453,0.0097594654770023,-0.4384308670313317,-1.1987115360533993,-0.2069831695218476,-0.55414861811817,-0.5535870198828986,-0.004712131564018,1.6391855647930893,0.8698591215106656,1.4796638559062922,0,-0.5119202380383128,0,0.11422466422466424,0,Low,0.02276588159696829,Night,-1.1124477695650865,5.3746067699211375,0.9054646000432389
-1.0599570672690135,-1.3078340849672627,119513,1996-09-21,-1.2208859638003056,-1.182668426364362,-0.2223825904484937,0.5249183660425651,-0.4794758203104481,-0.3416902439542882,1.0769527444706637,1.557876715265966,-1.6379729766972524,-0.4387183251743182,-0.8427759268681739,-0.4316890259761053,-0.4060620612808305,2015-02-18,0.7660049728541383,0.3141390602858972,-1.2606135185738274,0.2007040570673854,0.3517624468700125,1.484893993352331,1.5294016277843236,0.3390954432478728,-0.8238649762007128,0.071466952146788,1.2296926501022896,1.3621065745757797,-1.1987115360533993,0.7169101125249422,0.3129192642825886,0.3235853689679879,0.8386508195227776,-0.354351151282422,0.0612728693317778,0.3154908772231269,1,1.3657528353922623,0,0.7088578088578088,1,High,1.1698114380861964,Night,1.4751554527733541,2.057654605991383,-0.758245340248412
-0.0952061409618773,0.2246129513184485,217938,1995-07-16,1.1871731363975355,0.0609366486770281,-1.0399656435679565,-1.677459809012732,-0.4794758203104481,-0.8743296062368989,-0.928545848584576,0.0174580778902579,-0.1598803522148468,-0.2635812692165066,-0.8427759268681739,-0.9019267788874382,0.9538505081700628,2015-02-08,0.7660049728541383,1.254675168926308,-1.2606135185738274,0.2007040570673854,0.3517624468700125,1.484893993352331,-0.2303628725881257,-1.5319744897836836,-0.8238649762007128,-1.1607218779702453,0.0097594654770023,-1.3386995878348875,1.2703132549937672,2.256984886207532,2.01835774692427,2.0488984364004645,2.110052253321967,-0.8527353303012999,-0.0285700475769874,0.9807325793277928,1,-1.3454785739483401,1,0.4067654567654568,1,High,0.9348982934348512,Evening,6.177308436646701,2.7369725590205536,-3.920323550439169
-0.6080016783683733,-0.7605315720080802,203914,2001-06-09,1.1871731363975355,-1.182668426364362,-0.2223825904484937,-1.0504040448378564,-0.4794758203104481,-0.8407570843451468,-0.928545848584576,1.557876715265966,0.3328171892792883,-1.6646777168789997,1.5379470303865548,-0.9019267788874382,0.9538505081700628,2015-01-09,0.7660049728541383,1.254675168926308,0.8688012087468271,0.2007040570673854,-1.040437210926871,-0.9621956463186168,0.5213475537520741,0.7708808124090012,-0.8238649762007128,-1.1607218779702453,0.0097594654770023,-1.3386995878348875,-1.1987115360533993,1.1352768817536774,0.0177472192099899,1.584391072091721,1.1776912018692285,-1.3511195093201778,-1.376213801208467,1.4796638559062922,0,-1.080801209909785,1,0.17925962925962927,1,High,1.0373594172820797,Night,2.779829493170939,2.448589493240988,-1.6445526114172617
0.7304815887604467,0.6624549616857945,565157,2002-10-06,-1.2208859638003056,-1.182668426364362,-0.2223825904484937,-0.859250993810228,-0.4794758203104481,1.6116416854142497,1.0769527444706637,1.0444038361407302,1.3182122722675589,-0.6138553811321298,-1.437956666181856,-0.9019267788874382,0.9538505081700628,2015-02-27,-1.084248584764553,0.3141390602858972,-1.2606135185738274,-0.6643996371885862,-1.5045037635258325,-0.4727777183844272,1.1344938462046794,-1.1001891206225551,1.1400563019893055,-1.1607218779702453,1.2296926501022896,-0.4384308670313317,-1.1987115360533993,-0.1781825585966811,0.6654858736748593,-0.4270917108523924,-0.3119674780654889,1.3899934752836502,-1.1066850504821713,0.6481117282754599,0,0.20736986893250314,0,0.7489510489510489,0,Low,1.750840437823512,Evening,-0.07357331524302196,0.41291206465174773,-0.10460924335365915
-0.8687451719648965,-0.7605315720080802,904191,1997-07-14,-0.0168564137013849,0.0609366486770281,-1.0399656435679565,-0.4031061354952105,-0.4794758203104481,-0.9344420020430784,1.0769527444706637,-0.4960148012349781,0.0864684185322207,-1.139266549005565,0.3475855517591904,0.2431559934691663,-0.6339008163720796,2015-01-08,-1.084248584764553,0.3141390602858972,0.8688012087468271,1.065807751323357,-1.040437210926871,0.9954760654181416,0.7395860646250353,1.634451550731258,1.1400563019893055,1.3036557822638213,0.0097594654770023,1.3621065745757797,1.2703132549937672,0.4095772775208624,0.4810033455044851,0.4936282434024387,0.3221439870418568,-0.354351151282422,0.0612728693317778,0.1491804516969604,1,-1.0160557171212938,0,0.23194028194028193,1,Medium,0.7865260555119357,Night,1.2967755759487807,3.1661239062726607,-0.8871982984279183
1.973358908237208,1.6475994850123232,419510,1994-11-11,1.1871731363975355,-1.182668426364362,-0.2223825904484937,0.4747637391491424,-0.4794758203104481,-0.902348568813224,-0.928545848584576,1.0444038361407302,-0.1598803522148468,-0.7889924370899414,0.3475855517591904,-0.2701569734493116,0.9538505081700628,2015-01-08,-1.084248584764553,0.3141390602858972,0.8688012087468271,-0.6643996371885862,1.279895552067935,-0.9621956463186168,-0.4936347269745552,0.19516698686083,1.1400563019893055,0.071466952146788,1.2296926501022896,1.3621065745757797,-1.1987115360533993,0.3970717490928295,0.6367885915150233,0.6512289562929054,0.224140126519836,-0.8527353303012999,-0.3879417152120487,-1.347613378038538,0,0.8363547592107374,0,0.7456876456876457,1,Medium,0.5644812620153782,Night,1.5121576743277647,3.808263543097604,-1.1150859252349352
-0.8948195213245489,-0.6510710694162436,575000,2012-06-23,1.1871731363975355,-1.182668426364362,-0.2223825904484937,-0.8333131843138748,2.568962637612473,1.6510747472871057,-0.928545848584576,1.0444038361407302,1.0718635015204911,-0.4387183251743182,0.3475855517591904,0.964665828088845,-0.6303408358237789,2015-02-24,-1.084248584764553,0.3141390602858972,-0.1959061549135001,-1.5295033314445576,-1.5045037635258325,0.5060581374839519,-0.1506884956027589,1.2026661815701296,1.1400563019893055,0.071466952146788,0.0097594654770023,1.3621065745757797,-1.1987115360533993,0.0560118828737521,0.3293177112310663,0.3401749176933002,-0.0937102319299613,-1.1019274198107387,-1.5558996350259977,1.3133534303801258,1,-0.06721596531061245,0,0.2146908646908647,1,Medium,-1.6730121201077182,Night,0.5757823969944053,10.279463713591854,-0.5197705141206531
1.4866377201903644,1.209757474644977,120485,2007-02-18,1.1871731363975355,-1.182668426364362,-0.2223825904484937,0.0777882282476076,-0.4794758203104481,-0.4874223381510708,1.0769527444706637,-1.5229605594854505,-0.8989266644560496,0.6121040105725515,-0.2475951875544917,-0.9019267788874382,0.9538505081700628,2015-02-12,0.7660049728541383,-0.6263970483545135,-1.2606135185738274,1.065807751323357,-1.040437210926871,0.9954760654181416,0.9924656089698952,0.6269523560219584,-0.8238649762007128,1.3036557822638213,1.2296926501022896,1.3621065745757797,0.0358008594701839,-0.5866964872457539,-1.5237067939469142,-1.5344440882669867,-0.0343781650193325,-1.3511195093201778,-1.2863708842997017,-1.5139238035647045,1,-7.542130195433551,0,0.5,0,Low,0.05859626631989458,Night,-3.0925290472332336,5.271097382649274,2.50583255998748
2.234102401833731,2.4138230031551786,781181,2005-06-27,1.1871731363975355,-1.182668426364362,1.412783515790431,0.5996585943543324,-0.4794758203104481,-0.7208113660652211,1.0769527444706637,0.0174580778902579,0.0864684185322207,1.4877892903616097,-1.437956666181856,-0.9019267788874382,0.9538505081700628,2015-02-18,-1.084248584764553,0.3141390602858972,-0.1959061549135001,1.065807751323357,-1.040437210926871,-0.9621956463186168,-0.7014809278059468,-0.2366183823002983,1.1400563019893055,-1.1607218779702453,1.2296926501022896,-0.4384308670313317,1.2703132549937672,0.7328262396151658,-0.0457967627153611,1.4558220694705508,0.6643628729728054,1.1408013857742114,1.4987595398720228,0.1491804516969604,0,1.2220703987971993,0,0.6680652680652681,1,High,0.9065750248608204,Evening,2.074388179727995,2.8306646745518513,-1.3415619401128294
1.947284558877556,2.1949019979715056,299796,1999-09-29,-0.0168564137013849,0.0609366486770281,-1.0399656435679565,0.3603997165514764,2.568962637612473,-0.3891048031347427,-0.928545848584576,0.0174580778902579,1.5645610430146262,-1.3144036049633765,-0.2475951875544917,-0.9019267788874382,0.9538505081700628,2015-02-06,-0.1591218059552074,-1.566933156994924,-0.1959061549135001,1.065807751323357,1.279895552067935,0.0166402095497623,0.1714731156858981,-0.524475295074384,-0.8238649762007128,-1.1607218779702453,1.2296926501022896,1.3621065745757797,0.0358008594701839,-1.753121229714999,-1.2572320310341516,-1.3996540048738246,-1.7682518703629773,-1.1019274198107387,-1.645742551934763,1.3133534303801258,0,-4.864366659672274,0,0.5303030303030303,0,Low,1.0086312623581088,Evening,-4.425137906270954,2.5241497024937867,2.6720166765559545
-1.3815407093713925,-0.103768556457061,589749,2006-05-14,-0.0168564137013849,-1.182668426364362,-0.2223825904484937,-0.2405133581152256,-0.4794758203104481,-0.4339239803235656,1.0769527444706637,1.0444038361407302,0.8255147307734235,-0.9641294930477532,-0.8427759268681739,0.1390575596185659,0.9538505081700628,2015-02-14,-1.084248584764553,-0.6263970483545135,0.8688012087468271,-1.5295033314445576,1.279895552067935,1.484893993352331,-0.9370399554148574,0.7708808124090012,1.1400563019893055,-1.1607218779702453,1.2296926501022896,-1.3386995878348875,-1.1987115360533993,0.9655048594579588,1.1492400586549516,1.169652353958914,0.753890723936165,-0.8527353303012999,0.1511157862405431,1.3133534303801258,0,-4.0143669415747905,0,0.803962703962704,1,High,0.7808245973353326,Night,3.0727831365500307,3.1825629088104246,-2.107278277092072
-0.5906187787952717,-1.0889130797835898,854021,2010-04-29,1.1871731363975355,-1.182668426364362,-1.0399656435679565,-0.2178536288079848,-0.4794758203104481,1.388215575467976,-0.928545848584576,0.0174580778902579,-0.4062291229619144,0.0866928426991166,-0.2475951875544917,1.3415739506513638,-1.427776478643151,2015-02-05,1.6911317516634838,-1.566933156994924,-0.1959061549135001,1.065807751323357,-1.040437210926871,-0.9621956463186168,0.2753962161015939,-0.3805468386873412,-0.8238649762007128,-1.1607218779702453,1.2296926501022896,-1.3386995878348875,-1.1987115360533993,-1.7644898919223015,-1.2695308662455098,-1.4058750856458166,-1.7793766329087202,0.8916092962647725,-1.1965279673909366,-1.014992526986205,0,8.099465687318018,0,0.5289044289044289,0,Low,1.0084374240351264,Evening,-4.454782584800046,2.524687236736773,2.690292692877745
0.1046972041287906,-0.3226895616407341,454086,1992-11-10,-0.0168564137013849,1.3045417237184185,-0.2223825904484937,-0.4261756248260899,-0.4794758203104481,1.6005764277832606,-0.928545848584576,-1.5229605594854505,1.3182122722675589,-0.4387183251743182,0.9427662910728726,0.5195552833483468,-1.9795734636297704,2015-01-25,-0.1591218059552074,-1.566933156994924,-0.1959061549135001,1.065807751323357,0.8158289994689738,1.484893993352331,0.8123322349160224,-1.6759029461707264,-0.8238649762007128,1.3036557822638213,1.2296926501022896,1.3621065745757797,-1.1987115360533993,-1.7660057135499418,-1.4089176653075703,-1.186063565035429,-1.801626158000206,1.3899934752836502,-0.6574704659383447,1.4796638559062922,0,4.143854679922813,0,0.5130536130536131,0,Low,1.0201706395101626,Evening,-4.396607388343206,2.489578512791932,2.6306016747932643
0.6435670908949389,0.990836469461304,139484,1999-07-24,-0.0168564137013849,1.3045417237184185,1.412783515790431,-0.4662501551379923,2.568962637612473,-0.357583470236377,-0.928545848584576,0.530930957015494,0.3328171892792883,1.312652234403798,-0.8427759268681739,-0.9019267788874382,-0.9685389879123518,2015-01-16,0.7660049728541383,-0.6263970483545135,0.8688012087468271,-1.5295033314445576,0.3517624468700125,0.5060581374839519,0.6910886177643772,0.0512385304737872,-0.8238649762007128,-1.1607218779702453,1.2296926501022896,-1.3386995878348875,-1.1987115360533993,0.8825136253446498,0.87456607226795,0.8917774128099334,0.7798485032095651,0.1440330277364557,1.1393878722369617,-1.347613378038538,0,-1.8927940471730373,0,0.7727272727272727,1,High,0.883666378792317,Night,2.5461919882874486,2.8851555715499675,-1.663678362942799
0.7913217372663021,0.990836469461304,678849,1992-02-22,1.1871731363975355,1.3045417237184185,-0.2223825904484937,0.3100402096462343,-0.4794758203104481,1.5097101507429076,-0.928545848584576,0.530930957015494,0.0864684185322207,-0.6138553811321298,0.9427662910728726,0.8821050012418171,-1.150097995875691,2015-01-28,-1.084248584764553,1.254675168926308,0.8688012087468271,-1.5295033314445576,-1.040437210926871,-0.4727777183844272,1.273057980092274,1.2026661815701296,0.1580956628942965,0.071466952146788,1.2296926501022896,-0.4384308670313317,1.2703132549937672,1.261847987661646,1.190236176026146,1.2111262257721946,1.146965667219081,-0.354351151282422,0.7800162046019002,-0.5160612504077055,0,4.069936345240847,1,0.8086247086247087,1,High,0.9089563635855848,Night,3.5483280690174217,2.8120069070966167,-2.2864800813557755
-0.7992135736724904,-0.9794525771917532,346940,2002-09-13,1.1871731363975355,1.3045417237184185,-0.2223825904484937,-0.3682355574835254,-0.4794758203104481,-0.2980850357615511,-0.928545848584576,1.0444038361407302,1.5645610430146262,-0.088444213258695,-0.8427759268681739,0.8103129778965755,-1.1572179569722925,2015-01-21,0.7660049728541383,-0.6263970483545135,-1.2606135185738274,-0.6643996371885862,0.3517624468700125,-1.4516135742528065,1.473975974229286,-1.244117577009598,-0.8238649762007128,1.3036557822638213,1.2296926501022896,-1.3386995878348875,0.0358008594701839,2.089486596353274,0.6880337382290161,2.9405866803859992,1.991917870098126,0.3932251172458947,0.690173287693135,-1.347613378038538,1,-5.6743359738765315,1,0.7515151515151515,1,High,0.9533044721464564,Evening,5.620538288713141,2.6899122533785387,-3.5310516923598674
-0.7122990758069826,-0.5416105668244071,985436,2003-08-09,-1.2208859638003056,0.0609366486770281,-1.0399656435679565,0.9779080721755616,-0.4794758203104481,-0.6832480955196698,-0.928545848584576,1.0444038361407302,1.5645610430146262,-0.6138553811321298,0.9427662910728726,0.4657112658394154,-0.1639833839963782,2015-01-07,-1.084248584764553,0.3141390602858972,0.8688012087468271,-0.6643996371885862,-0.1123041057289486,-0.9621956463186168,-1.4046939072854887,0.914809268796044,1.1400563019893055,0.071466952146788,1.2296926501022896,-1.3386995878348875,1.2703132549937672,1.789732869487396,2.202840275094644,2.235530859560228,1.3615146591726943,1.3899934752836502,-0.6574704659383447,0.9807325793277928,0,1.8301628652506146,1,0.9237762237762238,1,High,0.760735817980944,Night,5.799885793827567,3.240641467822662,-4.010152924340171
-0.8339793728186935,-1.0889130797835898,237418,2007-12-04,-0.0168564137013849,1.3045417237184185,-0.2223825904484937,0.3340111710291207,-0.4794758203104481,-0.8327337260376831,-0.928545848584576,1.557876715265966,-1.3916242059501849,0.6121040105725515,-0.8427759268681739,1.6610484545376891,0.9538505081700628,2015-02-23,-1.084248584764553,1.254675168926308,-0.1959061549135001,-1.5295033314445576,1.279895552067935,-0.9621956463186168,0.7776912014441238,-1.1001891206225551,1.1400563019893055,0.071466952146788,1.2296926501022896,0.461837853772224,1.2703132549937672,0.3265860434075535,0.7638765553657255,-0.3773230646764556,0.3555182746790856,-0.8527353303012999,0.1511157862405431,1.1470430048539593,0,0.9777668951443097,0,0.7601398601398601,1,Medium,1.0885865861966495,Evening,0.7420717653683555,2.2722020984840836,-0.415485721960802
-1.6509756527544666,-1.1983735823754262,335780,2002-07-22,1.1871731363975355,0.0609366486770281,1.412783515790431,1.3585751341362622,-0.4794758203104481,1.4009831804268094,-0.928545848584576,-1.5229605594854505,-0.1598803522148468,0.4369669546147398,0.9427662910728726,-0.9019267788874382,-0.0037842593228436,2015-02-14,0.7660049728541383,0.3141390602858972,-1.2606135185738274,-0.6643996371885862,1.279895552067935,0.9954760654181416,1.3284836336473116,0.914809268796044,-0.8238649762007128,-1.1607218779702453,1.2296926501022896,-0.4384308670313317,1.2703132549937672,0.7017518962485387,1.132841611706474,1.1530628052336016,0.3936603176930613,-1.3511195093201778,-1.2863708842997017,1.1470430048539593,1,0.5165348327679034,0,0.8020979020979021,1,High,0.5609671435593752,Night,2.679564734633137,3.8183878527009596,-1.9778128383845983
0.8173960866259544,0.6624549616857945,491392,1992-07-03,-1.2208859638003056,1.3045417237184185,-0.2223825904484937,0.4338696887899627,-0.4794758203104481,-0.8179149320854634,1.0769527444706637,-0.4960148012349781,0.3328171892792883,0.2618298986569282,0.9427662910728726,-0.9019267788874382,-0.8652995520116296,2015-02-27,-1.084248584764553,-0.6263970483545135,-0.1959061549135001,-1.5295033314445576,-1.040437210926871,0.0166402095497623,-0.4416731767667072,0.914809268796044,1.1400563019893055,0.071466952146788,-1.2101737191482849,-1.3386995878348875,0.0358008594701839,0.4258723600179961,1.1000447178095183,-0.2072801902420048,0.3639942842377469,-1.1019274198107387,-1.4660567181172324,-1.014992526986205,0,0.9815651783385659,0,-0.19369519369519372,1,Medium,0.854700759451978,Night,1.2567588118052604,2.9510153247250632,-0.8308864517872643
0.6261841913218373,0.771915464277631,140880,2005-03-29,-1.2208859638003056,0.0609366486770281,-1.0399656435679565,0.7885169892495815,-0.4794758203104481,-0.9799309552297416,-0.928545848584576,1.0444038361407302,0.8255147307734235,0.6121040105725515,-1.437956666181856,-0.9019267788874382,-0.8261397659803211,2015-02-21,-0.1591218059552074,-1.566933156994924,1.9335085724071543,1.065807751323357,0.3517624468700125,-0.4727777183844272,0.8400450616935413,-0.6684037514614268,-0.8238649762007128,-1.1607218779702453,-1.2101737191482849,-0.4384308670313317,0.0358008594701839,-1.7743427325019636,-1.3884196066219732,-1.3975803112831606,-1.764543616181063,-0.603543240791861,-0.1184129644857528,1.6459742814324587,0,-2.250224797268828,0,-0.47667887667887665,0,Low,0.994477886564115,Evening,-4.550543534086197,2.5646376065728704,2.776200801584233
-1.364157809798291,-0.2132290590488975,962591,2008-03-16,-0.0168564137013849,0.0609366486770281,1.412783515790431,-0.0591535716525713,-0.4794758203104481,-0.9922520428566816,1.0769527444706637,-0.4960148012349781,1.0718635015204911,-0.9641294930477532,-0.8427759268681739,1.8046325012281723,0.9538505081700628,2015-01-05,-0.1591218059552074,-1.566933156994924,-0.1959061549135001,1.065807751323357,-1.040437210926871,-0.4727777183844272,1.1933836031069072,0.914809268796044,-0.8238649762007128,0.071466952146788,0.0097594654770023,-1.3386995878348875,0.0358008594701839,-1.7455421215767972,-1.3863698007534135,-1.3955066176924964,-1.7253420719722543,1.1408013857742114,1.4987595398720228,0.9807325793277928,0,29.509150199405074,0,0.019585969585969577,0,Low,0.9884282018023748,Night,-4.507218490418165,2.582132517363249,2.7616763688413677
0.1568459028480952,0.334073453910285,922565,1999-05-23,-1.2208859638003056,0.0609366486770281,-1.0399656435679565,-0.5400889113977534,-0.4794758203104481,1.558478215585665,1.0769527444706637,-1.5229605594854505,-1.3916242059501849,-1.3144036049633765,-0.8427759268681739,-0.9019267788874382,0.9538505081700628,2015-01-30,-1.084248584764553,0.3141390602858972,-0.1959061549135001,1.065807751323357,-1.040437210926871,-1.4516135742528065,-0.3897116265588594,1.634451550731258,1.1400563019893055,1.3036557822638213,-1.2101737191482849,-1.3386995878348875,-1.1987115360533993,-0.0387269688537694,0.9237614131133832,0.1162160099015845,-0.3225624900138155,1.1408013857742114,1.4987595398720228,0.1491804516969604,0,0.07170493550493214,0,-0.21374181374181367,1,Medium,8.329358814283578,Night,0.7174149330011521,-18.5254224551524,-0.7561419018549215
-0.738373425166635,-1.1983735823754262,288580,2012-11-22,1.1871731363975355,0.0609366486770281,1.412783515790431,-0.7231696899596911,-0.4794758203104481,-0.981340275558531,1.0769527444706637,-0.4960148012349781,0.8255147307734235,-1.3144036049633765,-1.437956666181856,2.285639057641292,0.9538505081700628,2015-02-26,0.7660049728541383,0.3141390602858972,0.8688012087468271,-1.5295033314445576,-0.1123041057289486,0.9954760654181416,0.7014809278059468,-1.5319744897836836,-0.8238649762007128,-1.1607218779702453,-1.2101737191482849,-0.4384308670313317,1.2703132549937672,0.0317587368315065,-0.1503368620119065,-0.1450693825220838,0.1203090094262355,-0.354351151282422,0.0612728693317778,0.3154908772231269,1,-0.04391608385766357,0,-0.3358863358863359,1,Medium,3.7880984362214796,Evening,-0.17509723510775477,-5.513182808682901,0.20685597193926125
-1.1381801153479707,-1.0889130797835898,154280,1993-01-29,-1.2208859638003056,0.0609366486770281,-0.2223825904484937,0.7841735329990075,-0.4794758203104481,-0.4642034368926022,1.0769527444706637,-1.0094876803602142,-1.1452754352031171,0.4369669546147398,1.5379470303865548,0.3580232308215529,-1.1785778402620972,2015-01-10,-1.084248584764553,0.3141390602858972,0.8688012087468271,0.2007040570673854,0.3517624468700125,-1.4516135742528065,1.1760630863709578,0.4830238996349156,1.1400563019893055,1.3036557822638213,0.0097594654770023,-1.3386995878348875,-1.1987115360533993,-0.2975535117733582,-0.5008536655356174,-0.4996709865256337,-0.1588695554121698,0.3932251172458947,0.690173287693135,-0.6823716759338719,0,-0.37944806832146233,0,0.12028527028527028,0,Low,0.5339210698149932,Night,-1.159394207473421,3.8964356259795783,0.8618406957000627
-1.7031243514737713,-0.8699920745999167,425973,2003-02-11,-0.0168564137013849,0.0609366486770281,-1.0399656435679565,-0.1116438306807365,1.2624890127883643,1.4454535159500903,-0.928545848584576,0.530930957015494,-0.4062291229619144,-1.139266549005565,1.5379470303865548,-0.9019267788874382,-2.1896123159795158,2015-02-23,-1.084248584764553,-0.6263970483545135,-1.2606135185738274,-0.6643996371885862,-0.1123041057289486,-0.4727777183844272,1.4116221139798684,-1.388046033396641,1.1400563019893055,-1.1607218779702453,-1.2101737191482849,0.461837853772224,1.2703132549937672,-0.1766667369690407,0.7515777201543673,8.916882439861383e-05,-0.4412266238350731,-0.354351151282422,0.0612728693317778,1.4796638559062922,0,1.5824279614895487,0,-0.23332223332223329,1,Low,2.497522334579198,Evening,0.3104402651436928,-1.7572182952379443,-0.4871070021127335
0.7826302874797514,0.5529944590939581,477177,1990-08-15,-1.2208859638003056,-1.182668426364362,-0.2223825904484937,-0.1225844233119,-0.4794758203104481,-0.570795496215584,-0.928545848584576,1.557876715265966,0.3328171892792883,-1.139266549005565,0.9427662910728726,1.0328682502668247,0.9538505081700628,2015-02-05,1.6911317516634838,-1.566933156994924,1.9335085724071543,1.065807751323357,1.279895552067935,0.9954760654181416,-0.0017320516735949,-1.244117577009598,-0.8238649762007128,0.071466952146788,-1.2101737191482849,-0.4384308670313317,0.0358008594701839,-1.7682794459914024,-1.3986686359647718,-1.2814534702059746,-1.7830848870906344,0.6424172067553336,-0.2980987983032834,-0.5160612504077055,0,14.425110657027503,0,-0.47784437784437783,0,Low,1.008373365140992,Evening,-4.46320699326138,2.5240408281734386,2.6949275472699776
1.0433737810762749,0.771915464277631,648509,2010-03-06,-0.0168564137013849,-1.182668426364362,1.412783515790431,-1.4690558609898987,2.1334714293377703,1.6416141613176094,1.0769527444706637,0.530930957015494,-0.652577893708982,0.4369669546147398,1.5379470303865548,-0.9019267788874382,-0.5164214582781543,2015-01-21,0.7660049728541383,0.3141390602858972,-0.1959061549135001,0.2007040570673854,-0.1123041057289486,-0.4727777183844272,-0.6148783441262003,0.19516698686083,-0.8238649762007128,-1.1607218779702453,0.0097594654770023,-1.3386995878348875,1.2703132549937672,1.0170427947977303,1.7395841488001489,1.7668761080701558,0.5208004610729803,1.1408013857742114,1.4987595398720228,0.9807325793277928,0,-0.692310969321059,0,0.3750638250638251,1,High,0.512072797392719,Night,4.027260717943285,3.959771190329348,-3.010217923145555
-0.4254812328508068,-0.5416105668244071,914815,1990-09-27,-0.0168564137013849,-1.182668426364362,-1.0399656435679565,1.845492970226574,-0.4794758203104481,-0.5405020859799258,1.0769527444706637,1.0444038361407302,-1.1452754352031171,1.312652234403798,-0.2475951875544917,-0.9019267788874382,0.9538505081700628,2015-01-07,0.7660049728541383,-0.6263970483545135,-0.1959061549135001,-1.5295033314445576,-0.5763706583279098,-0.4727777183844272,1.6056119014225003,-1.5319744897836836,-0.8238649762007128,0.071466952146788,0.0097594654770023,-0.4384308670313317,1.2703132549937672,0.9200302106287483,0.2309270295402001,0.2406376253414266,1.1649771875312362,0.8916092962647725,-0.8371562997558752,-1.1813029525123715,0,0.49852788763964095,0,0.20350205350205353,1,High,1.2662365950988685,Evening,1.6365418424128628,1.7787894839941918,-0.7165116317841145
0.4958124445235756,0.6624549616857945,249048,2005-06-17,-1.2208859638003056,0.0609366486770281,-0.2223825904484937,-0.0091218727662401,-0.4794758203104481,-0.6092099404250577,-0.928545848584576,1.557876715265966,1.5645610430146262,-1.139266549005565,-0.2475951875544917,-0.9019267788874382,-0.6517007191135835,2015-01-11,0.7660049728541383,0.3141390602858972,-0.1959061549135001,-0.6643996371885862,0.3517624468700125,-0.9621956463186168,0.0363730851454935,0.6269523560219584,-0.8238649762007128,1.3036557822638213,-1.2101737191482849,-0.4384308670313317,-1.1987115360533993,0.372439647643674,0.8089722844740392,0.8254192179086843,0.1007082373218313,-0.354351151282422,0.0612728693317778,-0.349750824881539,0,-40.83377295013017,0,-0.22679542679542675,1,Medium,0.27040076844185423,Night,1.7350997397045549,4.658728177716469,-1.362660092060881
0.3567492479387631,0.1151524487266119,144323,2001-09-14,-0.0168564137013849,1.3045417237184185,-1.0399656435679565,-1.5215461200180638,-0.4794758203104481,-0.575316484201007,-0.928545848584576,1.0444038361407302,-1.3916242059501849,-0.2635812692165066,-0.2475951875544917,0.0672655362733242,-1.1429780347790894,2015-02-06,0.7660049728541383,-0.6263970483545135,0.8688012087468271,0.2007040570673854,1.279895552067935,0.0166402095497623,-0.7742270980969339,-1.6759029461707264,-0.8238649762007128,1.3036557822638213,-1.2101737191482849,-0.4384308670313317,0.0358008594701839,1.2273630456328282,1.1615388938663098,1.182094515502898,1.1135913795818524,0.1440330277364557,0.5104874538756043,-1.1813029525123715,0,-0.8066557011587384,1,-0.18670218670218663,1,High,0.9073032435194771,Evening,3.45722478895106,2.8167883858521514,-2.229861743318232
0.2698347500732554,0.0056919461347754,651861,2011-01-07,-1.2208859638003056,-1.182668426364362,-1.0399656435679565,-0.8597836818409591,1.2624890127883643,-0.9241860570761468,1.0769527444706637,0.530930957015494,-0.652577893708982,1.4877892903616097,1.5379470303865548,-0.9019267788874382,-0.1746633256412805,2015-01-24,1.6911317516634838,-1.566933156994924,1.9335085724071543,1.065807751323357,-1.040437210926871,-0.4727777183844272,0.1056551520892907,-1.5319744897836836,-0.8238649762007128,-1.1607218779702453,1.2296926501022896,-0.4384308670313317,0.0358008594701839,-1.8118593177860625,-1.4314655298617271,-1.3478116651072236,-1.8185781771175284,0.1440330277364557,1.1393878722369617,0.8144221538016264,0,2.1073456770570504,0,0.5104895104895105,0,Low,1.003708821636604,Evening,-4.597855372086479,2.537646198354333,2.7859960543004165
-1.3120091110789862,-0.3226895616407341,125324,2003-09-13,1.1871731363975355,1.3045417237184185,1.412783515790431,1.869627835618916,-0.4794758203104481,1.577022638525872,1.0769527444706637,-1.5229605594854505,0.5791659600263559,-1.489540660921188,-0.8427759268681739,1.689765263875786,0.9538505081700628,2015-02-18,-1.084248584764553,1.254675168926308,-1.2606135185738274,-0.6643996371885862,0.8158289994689738,0.9954760654181416,-0.7880835114856933,0.7708808124090012,1.1400563019893055,-1.1607218779702453,1.2296926501022896,-1.3386995878348875,1.2703132549937672,-0.0629801148960149,0.5711948037211125,-0.4747866634376652,-0.1143705052291981,-1.3511195093201778,-1.376213801208467,0.1491804516969604,0,-0.03368589192472856,0,0.7382284382284383,0,Medium,1.8160068685950215,Night,-0.01796236494575075,0.28521145423222427,-0.045017749950264155
1.929901659304454,1.6475994850123232,398102,1997-10-24,-1.2208859638003056,1.3045417237184185,1.412783515790431,-0.6502733817542999,-0.4794758203104481,1.451788480596331,-0.928545848584576,1.0444038361407302,-1.6379729766972524,-0.4387183251743182,-0.8427759268681739,0.1605951666221384,0.1599748458989916,2015-01-12,0.7660049728541383,1.254675168926308,-0.1959061549135001,1.065807751323357,0.3517624468700125,1.484893993352331,1.3146272202585525,0.19516698686083,-0.8238649762007128,1.3036557822638213,1.2296926501022896,1.3621065745757797,-1.1987115360533993,1.820428257447113,1.919967065233404,1.949361144048591,1.5506356224503235,0.3932251172458947,0.690173287693135,-1.347613378038538,0,-2.7994857363247925,1,0.8916083916083917,1,High,0.8517966936132769,Night,5.419963831732318,2.9772998920776677,-3.5995355742852047
-0.8079050234590411,-1.3078340849672627,514065,2009-01-04,-0.0168564137013849,0.0609366486770281,-1.0399656435679565,0.4399341371398211,1.2624890127883643,1.4394953003026347,-0.928545848584576,1.0444038361407302,-0.652577893708982,1.4877892903616097,-1.437956666181856,0.9323594175834864,0.9538505081700628,2015-01-17,0.7660049728541383,1.254675168926308,0.8688012087468271,1.065807751323357,0.8158289994689738,1.484893993352331,1.643717038241589,0.0512385304737872,-0.8238649762007128,1.3036557822638213,1.2296926501022896,1.3621065745757797,0.0358008594701839,1.4479150924544983,1.8666721126508512,1.895445110691326,1.0574378162557214,-1.6003115988296166,1.049544955328196,0.6481117282754599,0,3.2912012935996042,1,0.8855477855477856,1,High,0.730317054811622,Night,4.8195550395978985,3.3286148725841005,-3.3716399471434
-1.0251912681228106,-1.4172945875590992,391652,1998-10-12,1.1871731363975355,-1.182668426364362,-1.0399656435679565,0.5182392776572488,2.568962637612473,-0.9250093234068256,1.0769527444706637,0.0174580778902579,-0.652577893708982,1.1375151784459865,-0.2475951875544917,-0.9019267788874382,-0.1248235979650698,2015-01-12,0.7660049728541383,0.3141390602858972,-0.1959061549135001,1.065807751323357,0.3517624468700125,0.0166402095497623,-1.5605785579090323,-0.0926899259132555,-0.8238649762007128,-1.1607218779702453,0.0097594654770023,-0.4384308670313317,1.2703132549937672,1.1019288059455896,1.5264043384699388,0.0083839431870547,1.143787163634583,0.1440330277364557,0.5104874538756043,0.9807325793277928,1,2.1262893940373693,1,0.3508214008214008,1,High,1.0379855027635585,Evening,2.6785754452915764,2.430804059241354,-1.5766466393459868
0.8000131870528528,0.771915464277631,922167,1993-02-23,1.1871731363975355,-1.182668426364362,-0.2223825904484937,-0.4714541074382084,2.568962637612473,-0.3454716876087623,1.0769527444706637,1.0444038361407302,-0.1598803522148468,-0.088444213258695,-0.8427759268681739,-0.9019267788874382,0.9538505081700628,2015-01-06,0.7660049728541383,-0.6263970483545135,-1.2606135185738274,-1.5295033314445576,-1.040437210926871,0.0166402095497623,-0.9993938156642748,0.914809268796044,-0.8238649762007128,-1.1607218779702453,-1.2101737191482849,0.461837853772224,0.0358008594701839,0.0810229397298177,-0.3983633721076318,-0.3959863069924319,0.3173762316651099,1.3899934752836502,-1.1066850504821713,1.3133534303801258,0,-0.1718578973210757,0,-0.3640914640914641,1,Medium,3.9170673843240924,Night,-0.4769734474349538,-5.886821216364802,0.5579963871647715
-0.6862247264473302,-0.4321500642325706,442795,1996-07-07,1.1871731363975355,1.3045417237184185,-1.0399656435679565,-0.8259784798907355,2.568962637612473,-0.7594490689406416,1.0769527444706637,0.0174580778902579,-0.652577893708982,1.1375151784459865,-1.437956666181856,-0.9019267788874382,-0.8724195131082311,2015-02-25,0.7660049728541383,-0.6263970483545135,0.8688012087468271,-0.6643996371885862,-1.040437210926871,0.0166402095497623,1.1310297428574896,0.7708808124090012,-0.8238649762007128,1.3036557822638213,1.2296926501022896,1.3621065745757797,0.0358008594701839,1.3603763934582684,0.1284367361122144,1.8083499798834368,1.4065434599530824,1.3899934752836502,-1.1066850504821713,0.3154908772231269,1,-1.6469896898862497,1,0.6878787878787879,1,High,1.0339362199907287,Night,3.3433301759487337,2.4576490259438404,-1.9829537824904653
-0.2342693375466897,-0.5416105668244071,226330,2013-01-23,-1.2208859638003056,-1.182668426364362,1.412783515790431,-0.8139315351957465,-0.4794758203104481,-0.3325505923170905,-0.928545848584576,0.0174580778902579,-0.652577893708982,0.6121040105725515,0.9427662910728726,-0.9019267788874382,-1.10025826819948,2015-02-16,-1.084248584764553,-0.6263970483545135,0.8688012087468271,-1.5295033314445576,-1.5045037635258325,0.9954760654181416,-1.667965761671918,1.4905230943442151,1.1400563019893055,-1.1607218779702453,0.0097594654770023,-0.4384308670313317,0.0358008594701839,-1.3173225117683998,-1.0625004735209789,-1.0678630303675791,-1.2941250856753628,-1.3511195093201778,-1.376213801208467,0.6481117282754599,0,1.6184704404185917,0,0.05641580641580641,0,Low,0.9823912189349298,Night,-3.4244885895639205,2.5995845045958568,2.1071660777955206
0.2959090994329077,0.0056919461347754,134430,2006-12-06,-0.0168564137013849,0.0609366486770281,1.412783515790431,0.9490609665113712,-0.4794758203104481,1.3822573598205203,-0.928545848584576,0.0174580778902579,-1.1452754352031171,1.4877892903616097,-0.2475951875544917,-0.9019267788874382,-0.4416618667638382,2015-02-25,1.6911317516634838,-1.566933156994924,-0.1959061549135001,1.065807751323357,-1.040437210926871,0.5060581374839519,-0.223434665893746,-0.3805468386873412,-0.8238649762007128,1.3036557822638213,0.0097594654770023,1.3621065745757797,1.2703132549937672,-1.7910167704060074,-1.2982281484053455,-1.420390940780465,-1.80533441218212,0.1440330277364557,1.319073706054492,0.8144221538016264,0,-1.8871441840510719,0,0.029609279609279643,0,Low,1.0079947044647555,Evening,-4.52395350136793,2.5259149450941965,2.7329367309619226
-1.0686485170555644,-1.5267550901509357,524230,2014-02-23,-0.0168564137013849,-1.182668426364362,-1.0399656435679565,-1.377228639692382,1.6979802210630677,-0.5477719462898188,-0.928545848584576,-0.4960148012349781,-0.652577893708982,-1.3144036049633765,0.3475855517591904,0.9287698164162242,-1.4633762841261586,2015-02-21,-1.084248584764553,0.3141390602858972,-1.2606135185738274,0.2007040570673854,1.279895552067935,-0.4727777183844272,1.6263965215056395,-0.0926899259132555,1.1400563019893055,-1.1607218779702453,0.0097594654770023,-1.3386995878348875,-1.1987115360533993,0.8017961236728015,1.23123229339734,-0.1409219953407557,0.8386508195227776,0.8916092962647725,-0.8371562997558752,-0.349750824881539,1,-0.5821812607913466,0,0.31725496725496727,1,High,1.0459638663720319,Evening,1.928961117579362,2.4057970035404304,-1.1271649939065604
-0.6601503770876779,-1.1983735823754262,438817,2007-11-16,1.1871731363975355,1.3045417237184185,-0.2223825904484937,-1.1058445760362232,-0.4794758203104481,-0.3976025861073433,-0.928545848584576,-0.4960148012349781,-1.6379729766972524,-0.6138553811321298,-0.2475951875544917,1.348753152985888,0.9538505081700628,2015-02-16,0.7660049728541383,0.3141390602858972,0.8688012087468271,-1.5295033314445576,0.8158289994689738,-0.9621956463186168,0.8642937851238703,-0.0926899259132555,-0.8238649762007128,0.071466952146788,-1.2101737191482849,0.461837853772224,1.2703132549937672,1.860597530579582,2.2725336746256746,2.3060364416428047,1.4245549802652375,0.8916092962647725,-1.016842133573406,0.3154908772231269,0,-1.6825142098746848,1,-0.06036186036186031,1,High,0.7656433974617213,Evening,6.003125096533717,3.2264483701724336,-4.1425275659541345
2.129805004395122,1.975980992787833,293794,1999-04-17,1.1871731363975355,0.0609366486770281,1.412783515790431,0.7550805713206336,-0.4794758203104481,-0.8207475264096636,1.0769527444706637,-1.5229605594854505,-0.652577893708982,-0.9641294930477532,0.3475855517591904,-0.0045264870719174,0.9538505081700628,2015-02-09,-0.1591218059552074,-1.566933156994924,-0.1959061549135001,1.065807751323357,0.3517624468700125,0.9954760654181416,1.5813631779921715,-0.524475295074384,-0.8238649762007128,1.3036557822638213,-1.2101737191482849,-0.4384308670313317,1.2703132549937672,-1.7951852798820185,-1.3228258188280624,-1.3312221163819111,-1.827583937273606,-0.354351151282422,0.7800162046019002,0.4818013027492934,0,-2.377471981924084,0,-0.4692196692196692,0,Low,1.0180480955379783,Evening,-4.48163187248358,2.4964745528955485,2.6864465926015613
0.4175893964446186,0.0056919461347754,868283,2006-02-06,-0.0168564137013849,0.0609366486770281,-0.2223825904484937,-0.6973957844727935,-0.4794758203104481,-0.6401173119920697,1.0769527444706637,0.0174580778902579,0.3328171892792883,-1.3144036049633765,0.9427662910728726,1.5569500206870888,-1.0931383071028786,2015-02-13,0.7660049728541383,1.254675168926308,-0.1959061549135001,1.065807751323357,0.3517624468700125,1.484893993352331,-1.4878323876180453,0.914809268796044,-0.8238649762007128,-1.1607218779702453,0.0097594654770023,0.461837853772224,-1.1987115360533993,-0.0860963947175301,-0.3737657016849152,-0.3711019839044635,0.0710422038665169,1.6391855647930893,0.6003303707843697,-0.6823716759338719,0,0.12345431401901868,0,0.13473748473748476,1,Medium,-0.8251568402653693,Night,-0.6738254817228617,7.826498547728505,0.5877290870053317
1.347574523605552,0.8813759668694676,828890,1993-10-20,1.1871731363975355,-1.182668426364362,1.412783515790431,0.4559557540641092,-0.4794758203104481,1.5632643232368997,-0.928545848584576,0.530930957015494,0.5791659600263559,-1.489540660921188,0.9427662910728726,-0.9019267788874382,0.9538505081700628,2015-01-11,0.7660049728541383,-0.6263970483545135,0.8688012087468271,1.065807751323357,0.3517624468700125,-1.4516135742528065,0.4589936935026565,0.19516698686083,-0.8238649762007128,0.071466952146788,-1.2101737191482849,1.3621065745757797,0.0358008594701839,0.1037602641444229,-0.3860645368962735,0.7673557973700913,0.0487926787750311,1.3899934752836502,-1.1066850504821713,1.1470430048539593,0,0.22756602072360974,0,-0.36269286269286266,1,Medium,0.47023982579007234,Night,0.4300839392488489,4.144937350129283,-0.326323675104426
-1.6075184038217127,-0.7605315720080802,882920,2006-01-01,1.1871731363975355,1.3045417237184185,-0.2223825904484937,-0.166182889827098,-0.4794758203104481,-0.6450708636427647,1.0769527444706637,-0.4960148012349781,1.0718635015204911,-1.3144036049633765,-1.437956666181856,0.6380121218679955,-2.25725194639723,2015-01-02,1.6911317516634838,-1.566933156994924,-0.1959061549135001,1.065807751323357,0.8158289994689738,-0.4727777183844272,0.0952628420477211,-0.524475295074384,-0.8238649762007128,1.3036557822638213,0.0097594654770023,-0.4384308670313317,1.2703132549937672,-1.732657637741854,-1.261331642771271,-1.4017276984644886,-1.7380560863102466,1.6391855647930893,0.6003303707843697,1.6459742814324587,0,10.42627231850942,0,0.03380508380508379,0,Low,1.0031162830827403,Evening,-4.4011154275460065,2.5400967114187814,2.6684577898041524
-1.1381801153479707,-1.4172945875590992,918777,2003-04-04,-1.2208859638003056,0.0609366486770281,1.412783515790431,-0.2672297116564932,1.2624890127883643,-0.4521195615982309,1.0769527444706637,0.530930957015494,0.3328171892792883,-1.489540660921188,-0.8427759268681739,0.1498263631203521,0.9538505081700628,2015-02-12,-1.084248584764553,0.3141390602858972,0.8688012087468271,0.2007040570673854,0.8158289994689738,0.5060581374839519,-1.0063220223586546,-0.3805468386873412,1.1400563019893055,-1.1607218779702453,-1.2101737191482849,-0.4384308670313317,1.2703132549937672,-0.4775573300556491,-0.4947042479299383,-1.5344440882669867,-0.1477447928664269,0.1440330277364557,1.319073706054492,-0.349750824881539,0,1.7870734289566945,0,-0.375047175047175,0,Low,0.3093766820119636,Evening,-2.176893129063352,4.558400741562113,1.6993357990077032
0.7044072394007943,0.5529944590939581,212580,2014-07-05,-1.2208859638003056,1.3045417237184185,-0.2223825904484937,1.3851685596704382,-0.4794758203104481,-0.6762991695420751,1.0769527444706637,-0.4960148012349781,0.5791659600263559,0.6121040105725515,-1.437956666181856,-0.9019267788874382,0.9538505081700628,2015-02-05,-1.084248584764553,1.254675168926308,0.8688012087468271,-0.6643996371885862,-1.5045037635258325,-0.9621956463186168,-0.0571577052286327,0.7708808124090012,0.1580956628942965,1.3036557822638213,1.2296926501022896,1.3621065745757797,0.0358008594701839,0.1105814614688044,-0.0970419094293539,-0.0911533491648189,0.2029501026231828,-1.1019274198107387,-1.4660567181172324,0.1491804516969604,0,0.07983243690044281,0,0.6622377622377622,1,Medium,1.8352829185343784,Night,0.014754844029010006,0.1334284282790394,0.0958266174397944
-0.0691317916022249,-0.3226895616407341,602410,1996-01-16,-0.0168564137013849,0.0609366486770281,1.412783515790431,0.8468258406134218,-0.4794758203104481,1.5962507911305412,1.0769527444706637,0.530930957015494,-1.3916242059501849,-0.2635812692165066,0.3475855517591904,-0.9019267788874382,0.9538505081700628,2015-01-24,1.6911317516634838,-1.566933156994924,1.9335085724071543,1.065807751323357,1.279895552067935,1.484893993352331,-0.424352660030758,-1.244117577009598,-0.8238649762007128,-1.1607218779702453,0.0097594654770023,-0.4384308670313317,0.0358008594701839,-1.798595878544209,-1.4150670829132497,-1.424538327961793,-1.7846741388828835,1.1408013857742114,-0.2082558813945181,-0.6823716759338719,1,-2.123924032971543,0,0.016322566322566297,0,Low,0.9922602138884142,Evening,-4.624279549757926,2.5710512161031165,2.8256836712137168
0.165537352634646,0.4435339565021215,976971,2002-04-19,1.1871731363975355,0.0609366486770281,-1.0399656435679565,1.957357456680041,-0.4794758203104481,-0.6950947584814725,-0.928545848584576,0.530930957015494,-1.6379729766972524,0.7872410665303631,-0.8427759268681739,-0.9019267788874382,0.9538505081700628,2015-01-12,-0.1591218059552074,-1.566933156994924,1.9335085724071543,1.065807751323357,1.279895552067935,-1.4516135742528065,-0.4104962466419985,-0.8123322078484696,-0.8238649762007128,1.3036557822638213,-1.2101737191482849,1.3621065745757797,-1.1987115360533993,-1.80238543261331,-1.3904694124905328,-1.3996540048738246,-1.8026856591950384,-1.6003115988296166,0.3308016200580737,0.1491804516969604,0,-0.9208254249302975,0,-0.4769119769119769,0,Low,1.0001671267107493,Evening,-4.592809076559396,2.5481850561149146,2.7904236439460863
1.0781395802224778,0.990836469461304,630226,2005-12-10,-1.2208859638003056,0.0609366486770281,-1.0399656435679565,0.6352257644062043,-0.4794758203104481,-0.5070830544210121,1.0769527444706637,1.0444038361407302,-1.3916242059501849,0.6121040105725515,0.3475855517591904,0.7169833475477613,-0.213823111672589,2015-01-16,0.7660049728541383,-0.6263970483545135,-1.2606135185738274,-1.5295033314445576,-1.040437210926871,0.9954760654181416,1.5640426612562222,0.7708808124090012,-0.8238649762007128,1.3036557822638213,1.2296926501022896,-0.4384308670313317,0.0358008594701839,0.2515528728393565,-0.3061221080224446,0.929103897441886,0.1934145918696889,0.8916092962647725,-0.8371562997558752,1.4796638559062922,0,0.39600483942848735,0,0.6384615384615385,1,Medium,0.7688794041871277,Night,0.8163963812891303,3.245413684449553,-0.5648435084497738
0.7044072394007943,0.4435339565021215,171254,1994-11-07,1.1871731363975355,-1.182668426364362,1.412783515790431,1.0496980283171276,-0.4794758203104481,-0.6798015398641158,-0.928545848584576,-1.0094876803602142,-0.8989266644560496,-0.7889924370899414,-0.2475951875544917,0.8067233767293134,0.9538505081700628,2015-01-13,1.6911317516634838,-1.566933156994924,-0.1959061549135001,1.065807751323357,0.3517624468700125,-1.4516135742528065,1.1864553964125275,-0.6684037514614268,-0.8238649762007128,-1.1607218779702453,0.0097594654770023,-0.4384308670313317,-1.1987115360533993,-1.903945481665213,-1.4663122296272422,-1.476380667728394,-1.9054572750938064,-0.1051590617729831,-1.7355854688435284,-1.347613378038538,0,-1.8138013185718667,0,0.010495060495060505,0,Low,1.0007945575320927,Evening,-4.848150172449443,2.54637160859291,2.94420469078423
-1.5119124561696542,-0.8699920745999167,247116,2012-06-02,-1.2208859638003056,0.0609366486770281,1.412783515790431,-0.4222829046015195,-0.4794758203104481,-0.9837403062174592,1.0769527444706637,1.557876715265966,-0.1598803522148468,1.662926346319421,-0.8427759268681739,-0.9019267788874382,0.9538505081700628,2015-02-02,1.6911317516634838,-1.566933156994924,1.9335085724071543,1.065807751323357,-1.040437210926871,-0.4727777183844272,-1.023642539094604,-0.3805468386873412,-0.8238649762007128,0.071466952146788,1.2296926501022896,-0.4384308670313317,1.2703132549937672,-1.7811639298263453,-1.326925430565182,-1.3353695035632396,-1.8058641627795369,-0.8527353303012999,-0.0285700475769874,0.9807325793277928,0,4.21794992969712,0,0.5223776223776223,0,Low,1.0138680367413664,Evening,-4.468159096907959,2.508562817071194,2.686995167081614
1.1998198772341886,1.1002969720531406,505969,1998-04-07,1.1871731363975355,0.0609366486770281,-1.0399656435679565,1.9117101900466489,-0.4794758203104481,-0.3988026014368074,1.0769527444706637,1.557876715265966,-0.4062291229619144,-1.6646777168789997,-0.8427759268681739,1.3631115576549364,0.4625731925045569,2015-02-28,0.7660049728541383,0.3141390602858972,-0.1959061549135001,-0.6643996371885862,1.279895552067935,-0.4727777183844272,0.0883346353533414,-1.244117577009598,-0.8238649762007128,-1.1607218779702453,1.2296926501022896,-1.3386995878348875,1.2703132549937672,0.9071457267938056,0.0484943072383856,0.0560788957723275,1.2412612735591877,-0.8527353303012999,0.1511157862405431,0.1491804516969604,0,0.4745202787517657,0,0.6787878787878788,1,High,1.3683136772661544,Evening,1.3458344765699009,1.4835907321482393,-0.4386887497760953
0.1307715534884429,0.0056919461347754,653864,2007-04-25,-0.0168564137013849,0.0609366486770281,1.412783515790431,0.1010625975903064,2.568962637612473,1.495226244789608,-0.928545848584576,-0.4960148012349781,-1.1452754352031171,0.4369669546147398,0.9427662910728726,-0.9019267788874382,0.9538505081700628,2015-01-18,-0.1591218059552074,-1.566933156994924,1.9335085724071543,1.065807751323357,-1.040437210926871,1.484893993352331,-0.7672988914025543,-0.8123322078484696,-0.8238649762007128,0.071466952146788,-1.2101737191482849,0.461837853772224,0.0358008594701839,-1.775100643315784,-1.3720211596734957,-1.3809907625578484,-1.7740791269345568,0.1440330277364557,0.5104874538756043,1.6459742814324587,0,-17.564194088080278,0,-0.47481407481407484,0,Low,0.9994250934672484,Evening,-4.527091049165901,2.550330662401326,2.7519904058501172
2.2949425503395866,2.5232835057470155,586367,2000-06-30,-1.2208859638003056,-1.182668426364362,-1.0399656435679565,-1.0018065060342622,-0.4794758203104481,-0.4611196765692118,1.0769527444706637,1.557876715265966,0.8255147307734235,-0.7889924370899414,1.5379470303865548,-0.9019267788874382,0.9538505081700628,2015-02-15,-1.084248584764553,0.3141390602858972,-1.2606135185738274,-0.6643996371885862,0.3517624468700125,0.9954760654181416,-1.0686758826080722,-0.6684037514614268,1.1400563019893055,1.3036557822638213,-1.2101737191482849,1.3621065745757797,-1.1987115360533993,0.4391357992598491,-0.0580955979267194,-0.0517531709422022,0.6421133478813196,0.1440330277364557,1.319073706054492,0.6481117282754599,0,-0.4383443658622,0,-0.32539682539682535,1,Medium,1.4622171245124091,Evening,0.532264579012398,1.2120700882037507,-0.09312877975254891
0.3219834487925601,0.0056919461347754,896890,1996-06-04,-1.2208859638003056,0.0609366486770281,1.412783515790431,-0.8774853148621669,-0.4794758203104481,-0.5177855167198375,1.0769527444706637,0.0174580778902579,-0.8989266644560496,-1.139266549005565,-1.437956666181856,-0.9019267788874382,0.9538505081700628,2015-01-31,-1.084248584764553,0.3141390602858972,0.8688012087468271,-1.5295033314445576,1.279895552067935,0.0166402095497623,0.0259807751039239,1.3465946379571725,1.1400563019893055,0.071466952146788,0.0097594654770023,0.461837853772224,-1.1987115360533993,-1.2763953278221103,-0.6545891056775959,-1.0948210470462114,-1.3354456322738364,-1.1019274198107387,-1.5558996350259977,-1.680234229090871,0,1.454607570988438,0,0.1028027528027528,0,Low,1.046264154552053,Night,-3.084855784997644,2.4168516874101753,1.8084604571755336
0.165537352634646,0.4435339565021215,650026,2009-05-09,1.1871731363975355,1.3045417237184185,-1.0399656435679565,-0.0873040852765762,-0.4794758203104481,-0.4779896595148179,-0.928545848584576,1.0444038361407302,-0.652577893708982,1.4877892903616097,-0.8427759268681739,1.4815683961745851,-0.2707828004454013,2015-02-10,0.7660049728541383,0.3141390602858972,-0.1959061549135001,1.065807751323357,0.3517624468700125,1.484893993352331,1.4046939072854887,0.3390954432478728,-0.8238649762007128,0.071466952146788,1.2296926501022896,-0.4384308670313317,0.0358008594701839,0.0620751693843134,-0.4086124014504303,-0.4063547749457521,0.2961862077684568,-0.1051590617729831,0.2409587031493084,0.9807325793277928,0,-0.7110306490046628,0,0.6268065268065268,1,Medium,4.771335130793409,Night,-0.5187809686277256,-8.357167875742364,0.580856138012039
-0.6601503770876779,-0.7605315720080802,547744,2001-07-08,1.1871731363975355,-1.182668426364362,1.412783515790431,-1.9975643394795768,-0.4794758203104481,-0.805021744127035,-0.928545848584576,-1.0094876803602142,-0.8989266644560496,0.9623781224881748,-0.2475951875544917,-0.9019267788874382,-0.4452218473121389,2015-02-26,0.7660049728541383,0.3141390602858972,0.8688012087468271,-0.6643996371885862,0.3517624468700125,-0.9621956463186168,-0.9508963688036168,-1.6759029461707264,-0.8238649762007128,-1.1607218779702453,0.0097594654770023,-1.3386995878348875,0.0358008594701839,0.2667110891157599,-0.2979228845482058,-0.2943753210498943,0.5250384658523108,0.6424172067553336,-0.477784632120814,-1.014992526986205,1,-0.1335182138380883,0,0.14336219336219339,1,Medium,1.9685589340662795,Evening,-0.06725973974578925,-0.2521810689900779,0.33397082886154916
-0.694916176233881,-1.0889130797835898,598124,1993-09-20,1.1871731363975355,1.3045417237184185,-1.0399656435679565,0.1856780424717756,-0.4794758203104481,-0.8300825293795647,1.0769527444706637,1.0444038361407302,0.5791659600263559,1.662926346319421,-1.437956666181856,-0.9019267788874382,0.9538505081700628,2015-02-25,-1.084248584764553,1.254675168926308,-1.2606135185738274,1.065807751323357,0.8158289994689738,1.484893993352331,0.7672988914025543,0.3390954432478728,1.1400563019893055,-1.1607218779702453,-1.2101737191482849,1.3621065745757797,1.2703132549937672,0.7290366855460649,-0.0478465685839208,-0.041384702988882,1.042075048930648,-1.3511195093201778,-1.376213801208467,-0.017129973829206,0,3.926327257191038,0,-0.32423132423132417,1,High,1.4293843371760835,Night,0.9528437773578453,1.3069883714504344,-0.22380709181178038
1.2085113270207395,0.990836469461304,436126,2009-11-03,-0.0168564137013849,0.0609366486770281,-1.0399656435679565,0.7995805098878367,0.8269978045136612,-0.3879466488051436,1.0769527444706637,0.0174580778902579,-1.6379729766972524,-1.3144036049633765,-1.437956666181856,-0.9019267788874382,0.9538505081700628,2015-01-08,-1.084248584764553,1.254675168926308,0.8688012087468271,1.065807751323357,0.3517624468700125,0.9954760654181416,-1.196847706454097,0.19516698686083,2.1220169410843157,0.071466952146788,1.2296926501022896,1.3621065745757797,0.0358008594701839,0.4664205885573753,-0.0416971509782417,1.4641168438332068,0.2887696994046281,1.3899934752836502,-1.1066850504821713,-0.349750824881539,0,0.583330883455276,0,0.6685314685314685,1,Medium,0.6191173532464098,Night,1.711189392259593,3.66876112564223,-1.2447688037022178
1.738689764000337,1.5381389824204867,739447,2014-12-10,-0.0168564137013849,0.0609366486770281,-1.0399656435679565,-2.0048170918979884,-0.4794758203104481,-0.4885665388140482,1.0769527444706637,-1.5229605594854505,-0.8989266644560496,-0.4387183251743182,-0.8427759268681739,0.0134215187643929,-0.3526623530563189,2015-01-14,-0.1591218059552074,-1.566933156994924,1.9335085724071543,1.065807751323357,1.279895552067935,-0.9621956463186168,-1.12410153616311,-0.524475295074384,-0.8238649762007128,0.071466952146788,-1.2101737191482849,-0.4384308670313317,0.0358008594701839,-1.665961486125679,-1.162940961080405,-1.3519590522885518,-1.6829620241789482,-0.8527353303012999,0.1511157862405431,-0.5160612504077055,0,0.830979705748715,0,-0.45103785103785105,0,Low,1.0102052468800191,Evening,-4.197862037547905,2.5197848763570376,2.531900551422226
-1.2250946132134786,-1.6362155927427724,427484,1994-01-08,1.1871731363975355,0.0609366486770281,1.412783515790431,1.4935091099206097,-0.4794758203104481,-0.4408449989679168,-0.928545848584576,-0.4960148012349781,0.5791659600263559,-0.9641294930477532,-0.2475951875544917,-0.9019267788874382,0.9538505081700628,2015-02-03,1.6911317516634838,-1.566933156994924,-0.1959061549135001,1.065807751323357,-1.5045037635258325,-0.4727777183844272,1.148350259593439,-0.6684037514614268,-0.8238649762007128,0.071466952146788,1.2296926501022896,-1.3386995878348875,0.0358008594701839,-1.767521535177582,-1.3146265953538234,-1.322927342019255,-1.7931501484415446,-0.603543240791861,-0.7473133828471099,1.6459742814324587,0,-1.1834680752656825,0,0.5237762237762238,0,Low,1.0145003199419054,Evening,-4.430704085814623,2.506734149693753,2.6631825506370417
0.0525485054094859,-0.2132290590488975,218684,2006-08-05,-0.0168564137013849,1.3045417237184185,1.412783515790431,-0.8520801933965441,-0.4794758203104481,-0.4819385471687522,1.0769527444706637,-0.4960148012349781,1.3182122722675589,-0.2635812692165066,-0.8427759268681739,1.2482443203025495,0.9538505081700628,2015-01-05,1.6911317516634838,-1.566933156994924,1.9335085724071543,1.065807751323357,-0.5763706583279098,-0.9621956463186168,-0.8642937851238703,-0.3805468386873412,-0.8238649762007128,-1.1607218779702453,0.0097594654770023,0.461837853772224,-1.1987115360533993,-1.7311418161142138,-1.281829701456868,-1.4120961664178089,-1.7279908249593363,0.3932251172458947,0.9597020384194308,-1.014992526986205,0,2.0316677481743977,0,0.03147408147408148,0,Low,0.9981803957681801,Evening,-4.421916692834014,2.5543368001452476,2.6907748767198
1.1389797287283332,1.209757474644977,565564,2007-02-07,1.1871731363975355,-1.182668426364362,-0.2223825904484937,1.1549244023876422,2.1334714293377703,1.592553069475797,1.0769527444706637,-0.4960148012349781,-0.8989266644560496,0.2618298986569282,-0.2475951875544917,1.3308051471495776,-0.1639833839963782,2015-01-24,-1.084248584764553,1.254675168926308,-0.1959061549135001,-1.5295033314445576,-1.040437210926871,0.9954760654181416,1.6610375549775385,0.0512385304737872,1.1400563019893055,1.3036557822638213,1.2296926501022896,1.3621065745757797,1.2703132549937672,-0.6988672876911394,0.2350266412773195,-0.644829537872116,-0.8729733607293813,-0.354351151282422,0.7800162046019002,0.6481117282754599,0,-0.6051189853875686,0,0.7,0,Low,1.2491278748234422,Night,-1.2827762573241777,1.8355102827496732,0.5839089696330383
-1.677050002114119,0.1151524487266119,743163,2001-04-09,1.1871731363975355,1.3045417237184185,1.412783515790431,-0.1586433053921384,-0.4794758203104481,-0.8526874693066796,-0.928545848584576,0.530930957015494,1.5645610430146262,-0.4387183251743182,1.5379470303865548,-0.0404224987445382,0.9538505081700628,2015-01-26,-1.084248584764553,1.254675168926308,-1.2606135185738274,0.2007040570673854,0.3517624468700125,1.484893993352331,1.4012298039382989,-0.8123322078484696,1.1400563019893055,-1.1607218779702453,0.0097594654770023,-1.3386995878348875,-1.1987115360533993,0.0264533611347653,0.4687045102931269,0.4811860818584546,-0.2070768597770557,0.3932251172458947,0.690173287693135,-0.1834403993553725,1,-0.16674846642814997,0,0.23054168054168056,1,Medium,-7.8277021592830405,Evening,0.7428137323745257,28.07906524714175,-0.7163603712397605
-0.538470080075967,-0.6510710694162436,604614,1995-02-17,-0.0168564137013849,-1.182668426364362,1.412783515790431,0.4353038488727,1.6979802210630677,-0.7099972744334224,-0.928545848584576,0.0174580778902579,0.0864684185322207,1.1375151784459865,1.5379470303865548,-0.9019267788874382,0.9538505081700628,2015-01-21,0.7660049728541383,1.254675168926308,0.8688012087468271,0.2007040570673854,-1.5045037635258325,-0.9621956463186168,-1.1067810194271606,-0.0926899259132555,-0.8238649762007128,1.3036557822638213,0.0097594654770023,1.3621065745757797,-1.1987115360533993,1.0837389464139056,-0.1339384150634288,1.2774844206734437,1.2232497532470326,-0.8527353303012999,0.1511157862405431,0.6481117282754599,1,2.4896091766963817,0,0.162010212010212,1,High,1.1287299663491828,Evening,2.366795758857047,2.1839148466278946,-1.2830568124431416
0.5914183921756342,0.4435339565021215,509928,1995-07-25,1.1871731363975355,-1.182668426364362,-0.2223825904484937,0.093113253131709,-0.4794758203104481,1.590878629481196,1.0769527444706637,1.557876715265966,-0.1598803522148468,0.6121040105725515,-0.2475951875544917,-0.9019267788874382,0.9538505081700628,2015-02-06,-1.084248584764553,1.254675168926308,-0.1959061549135001,-1.5295033314445576,-1.5045037635258325,1.484893993352331,-1.1829912930653377,-0.9562606642355124,1.1400563019893055,-1.1607218779702453,0.0097594654770023,0.461837853772224,1.2703132549937672,1.072749239613513,-0.0129998688184057,1.5221802643718,1.1141211301792686,-1.3511195093201778,-1.376213801208467,0.1491804516969604,1,11.520784450648195,0,0.1757631257631258,1,High,1.0385652587508727,Evening,2.6233015257326633,2.445398219326223,-1.5505522861191503
-1.1729459144941738,-1.4172945875590992,593390,2006-03-24,-1.2208859638003056,-1.182668426364362,1.412783515790431,-1.3591172466475347,-0.4794758203104481,-0.8864274351978919,-0.928545848584576,-0.4960148012349781,0.8255147307734235,-1.6646777168789997,0.9427662910728726,-0.9019267788874382,0.9538505081700628,2015-01-07,0.7660049728541383,-0.6263970483545135,-0.1959061549135001,-0.6643996371885862,-1.040437210926871,-0.9621956463186168,0.0675500152702023,0.3390954432478728,-0.8238649762007128,0.071466952146788,1.2296926501022896,0.461837853772224,0.0358008594701839,0.3925242842099085,-0.4455089070845052,0.6470815691115773,0.4985509359814944,-1.3511195093201778,-1.2863708842997017,0.4818013027492934,0,-0.288808470341024,0,0.6226107226107226,1,Medium,1.2701116489476567,Night,0.7001235980085665,1.7836394906835238,-0.307599313798658
-1.442380857877248,-1.1983735823754262,970607,1995-03-28,1.1871731363975355,0.0609366486770281,-0.2223825904484937,-0.9709925522566034,-0.4794758203104481,-0.8906274888510163,1.0769527444706637,1.0444038361407302,-0.4062291229619144,0.2618298986569282,-0.8427759268681739,-0.9019267788874382,-0.459461769505342,2015-02-10,1.6911317516634838,-1.566933156994924,1.9335085724071543,1.065807751323357,-1.5045037635258325,1.484893993352331,1.6367888315472092,0.7708808124090012,-0.8238649762007128,-1.1607218779702453,1.2296926501022896,-0.4384308670313317,0.0358008594701839,-1.726594351231293,-1.2285347488743157,-1.3851381497391764,-1.7422940910895772,-0.1051590617729831,1.588602456780788,-0.1834403993553725,0,1.7781764910504667,0,0.5335664335664335,0,Low,1.0090934786972783,Night,-4.355966989703069,2.522867927527162,2.6293726384717764
1.0781395802224778,0.771915464277631,174701,1996-06-19,-1.2208859638003056,1.3045417237184185,-1.0399656435679565,0.2384551335164879,-0.4794758203104481,-0.6010609991179989,-0.928545848584576,0.530930957015494,1.5645610430146262,1.4877892903616097,-0.8427759268681739,-0.0117056894064416,0.9538505081700628,2015-02-23,0.7660049728541383,0.3141390602858972,0.8688012087468271,0.2007040570673854,1.279895552067935,-0.4727777183844272,1.2107041198428563,-1.6759029461707264,-0.8238649762007128,-1.1607218779702453,1.2296926501022896,1.3621065745757797,-1.1987115360533993,0.6642353109644402,1.095945106072399,-0.2093538838326688,0.6987966618048668,-1.1019274198107387,-1.645742551934763,-1.1813029525123715,1,2.785566054305381,0,0.7979020979020979,1,High,1.05203020411553,Evening,1.585387884044597,2.3867829232983175,-0.9211525730801567
0.6696414402545912,0.4435339565021215,529398,1993-06-16,1.1871731363975355,-1.182668426364362,-0.2223825904484937,1.060351788931744,2.1334714293377703,-0.8096404077788096,1.0769527444706637,-1.0094876803602142,1.3182122722675589,0.7872410665303631,-0.2475951875544917,-0.9019267788874382,0.9538505081700628,2015-01-09,-1.084248584764553,1.254675168926308,-0.1959061549135001,-0.6643996371885862,0.3517624468700125,0.5060581374839519,1.671429865019108,1.3465946379571725,1.1400563019893055,0.071466952146788,0.0097594654770023,-1.3386995878348875,0.0358008594701839,0.2814903499852533,0.37441344033938,0.385796176687909,0.1981823472464359,-0.1051590617729831,1.6784453736895533,-1.014992526986205,0,0.2654685807624854,0,0.21981906981906985,1,Medium,0.7040441820212886,Night,0.9583919642737249,3.404694191576164,-0.6769016142884716
0.3654406977253139,0.5529944590939581,940942,2001-07-11,1.1871731363975355,0.0609366486770281,1.412783515790431,1.6094302206081037,-0.4794758203104481,1.56884578988557,1.0769527444706637,-1.0094876803602142,0.3328171892792883,-1.6646777168789997,-0.2475951875544917,-0.9019267788874382,-1.132298093134187,2015-02-22,0.7660049728541383,-0.6263970483545135,-1.2606135185738274,0.2007040570673854,-1.040437210926871,-0.4727777183844272,-0.199185942463417,0.914809268796044,-0.8238649762007128,1.3036557822638213,0.0097594654770023,0.461837853772224,1.2703132549937672,0.3265860434075535,0.7638765553657255,-0.3773230646764556,0.3555182746790856,0.8916092962647725,-0.8371562997558752,0.6481117282754599,1,0.20292016162340692,0,0.26410811410811413,1,Medium,1.0885865861966495,Night,0.7420717653683555,2.2722020984840836,-0.415485721960802
0.8173960866259544,1.1002969720531406,442677,2008-11-22,1.1871731363975355,0.0609366486770281,-1.0399656435679565,0.7974087817625497,-0.4794758203104481,-0.563651218905286,-0.928545848584576,-1.0094876803602142,1.0718635015204911,1.4877892903616097,0.3475855517591904,0.8139025790638376,0.9538505081700628,2015-02-21,0.7660049728541383,-0.6263970483545135,-0.1959061549135001,-1.5295033314445576,-1.040437210926871,1.484893993352331,-1.6645016583247283,0.7708808124090012,-0.8238649762007128,0.071466952146788,1.2296926501022896,0.461837853772224,0.0358008594701839,-0.9345775507892128,-0.9477113448816348,-0.3690282903137995,-0.9672689670694878,1.1408013857742114,-0.2082558813945181,1.1470430048539593,0,-1.172016662152645,0,0.5655011655011655,0,Low,1.034980993534096,Night,-2.2840086022649224,2.443896757666526,1.3494310514757095
1.0955224797955794,1.209757474644977,365364,2002-12-28,-1.2208859638003056,1.3045417237184185,-0.2223825904484937,-1.1389122099438962,-0.4794758203104481,-0.9780611639024372,-0.928545848584576,-0.4960148012349781,-0.8989266644560496,0.2618298986569282,-1.437956666181856,-0.9019267788874382,0.9538505081700628,2015-02-04,0.7660049728541383,1.254675168926308,0.8688012087468271,-0.6643996371885862,-1.040437210926871,-0.4727777183844272,0.3204295596150621,1.0587377251830867,-0.8238649762007128,1.3036557822638213,-1.2101737191482849,-1.3386995878348875,0.0358008594701839,-0.1402870179056725,0.3047200408083498,0.3152905946053318,-0.3554070270536278,0.1440330277364557,1.1393878722369617,-1.680234229090871,0,0.12317643085854177,0,-0.2841380841380841,1,Medium,2.5334458298802196,Night,0.2646036083600538,-1.8861723521012033,-0.4048906262657263
1.3736488729652043,1.209757474644977,114839,2006-01-01,-1.2208859638003056,0.0609366486770281,-1.0399656435679565,-0.2379318699662999,1.2624890127883643,1.6537957122783324,1.0769527444706637,-1.5229605594854505,-0.8989266644560496,0.4369669546147398,1.5379470303865548,1.000561839761466,-1.627135389347994,2015-01-07,-1.084248584764553,1.254675168926308,0.8688012087468271,-0.6643996371885862,-1.040437210926871,-0.9621956463186168,1.1656707763293883,0.7708808124090012,1.1400563019893055,-1.1607218779702453,0.0097594654770023,-0.4384308670313317,0.0358008594701839,0.1628773076223963,-0.2241298732800561,-0.219722351785989,0.341744759146261,1.3899934752836502,-0.6574704659383447,-1.680234229090871,0,-0.6845572734864793,0,0.1517538017538018,1,Medium,2.098160056638936,Night,-0.10210746591978409,-0.6268941973322909,0.2649847735421804
0.3219834487925601,-0.103768556457061,872734,1990-05-19,-0.0168564137013849,-1.182668426364362,1.412783515790431,-1.0374146520884977,-0.4794758203104481,-0.4287890310067889,-0.928545848584576,-1.5229605594854505,-0.652577893708982,-1.139266549005565,-0.8427759268681739,-0.9019267788874382,0.9538505081700628,2015-01-17,-1.084248584764553,1.254675168926308,-1.2606135185738274,-0.6643996371885862,0.8158289994689738,-1.4516135742528065,-0.4139603499891884,1.634451550731258,1.1400563019893055,-1.1607218779702453,-1.2101737191482849,1.3621065745757797,1.2703132549937672,0.9518624648091956,1.1369412234435934,1.1572101924149298,0.7411767095981732,-1.6003115988296166,0.3308016200580737,0.4818013027492934,0,-0.9175341609327461,0,-0.18949938949938944,1,High,0.7786586385545795,Night,3.0353281254566964,3.188827219106617,-2.0834656606475006
0.3567492479387631,0.2246129513184485,267885,2013-08-26,-0.0168564137013849,1.3045417237184185,1.412783515790431,-0.181958650737202,-0.4794758203104481,1.664093518245129,1.0769527444706637,1.0444038361407302,0.0864684185322207,-1.489540660921188,0.9427662910728726,-0.0260640940754899,-1.1999377235519018,2015-01-28,0.7660049728541383,-0.6263970483545135,0.8688012087468271,-1.5295033314445576,-1.040437210926871,1.484893993352331,0.7915476148328833,-1.1001891206225551,-0.8238649762007128,1.3036557822638213,-1.2101737191482849,-0.4384308670313317,1.2703132549937672,0.7858799965825779,-0.0170994805555251,1.5138854900091436,0.7162784315196057,1.1408013857742114,1.4987595398720228,-1.014992526986205,0,-4.319026946097527,0,-0.32073482073482074,1,High,0.9114337089640281,Evening,2.2130644409732243,2.8160299722181694,-1.4271844443906465
1.4518719210441613,1.4286784798286505,740505,1997-10-12,-1.2208859638003056,0.0609366486770281,-0.2223825904484937,-0.0550969474185444,2.568962637612473,-0.7174206250761539,-0.928545848584576,-0.4960148012349781,1.0718635015204911,-0.7889924370899414,0.3475855517591904,-0.9019267788874382,-0.366902275249522,2015-02-22,-1.084248584764553,0.3141390602858972,-0.1959061549135001,0.2007040570673854,-1.040437210926871,0.9954760654181416,-0.0433012918398732,-1.388046033396641,0.1580956628942965,1.3036557822638213,1.2296926501022896,-1.3386995878348875,-1.1987115360533993,1.3702292340379307,-0.1216395798520705,1.3023687437614122,1.6142056941402834,-1.6003115988296166,1.049544955328196,0.8144221538016264,0,-24.869873343474513,1,0.6594405594405595,1,High,1.17805435469292,Evening,2.794934858049625,2.039755647350762,-1.4247056240116944
1.2085113270207395,1.4286784798286505,629663,2002-01-21,-1.2208859638003056,1.3045417237184185,-0.2223825904484937,-0.8333951363186025,-0.4794758203104481,1.4119368087248247,-0.928545848584576,-1.5229605594854505,1.5645610430146262,0.6121040105725515,-0.8427759268681739,-0.9019267788874382,0.9538505081700628,2015-02-16,0.7660049728541383,-0.6263970483545135,-1.2606135185738274,0.2007040570673854,-1.040437210926871,-1.4516135742528065,0.6148783441262003,-1.388046033396641,-0.8238649762007128,-1.1607218779702453,-1.2101737191482849,0.461837853772224,0.0358008594701839,-0.1944776410938148,1.138991029312153,-0.6365347635094599,-0.4036143314185138,-0.603543240791861,-0.7473133828471099,-0.017129973829206,1,0.23335614281244108,0,-0.18926628926628924,0,Low,2.075387198937747,Evening,0.09884193438417926,-0.5082457915164129,-0.29331957547799403
1.504020619763466,1.5381389824204867,839884,1996-09-02,-1.2208859638003056,-1.182668426364362,-1.0399656435679565,1.7915685511156725,-0.4794758203104481,-0.6803596865289828,-0.928545848584576,0.530930957015494,-0.1598803522148468,-1.139266549005565,0.9427662910728726,-0.9019267788874382,-1.3245370427424288,2015-02-17,-1.084248584764553,-0.6263970483545135,0.8688012087468271,-0.6643996371885862,1.279895552067935,-0.4727777183844272,-0.1333679788668096,-0.2366183823002983,1.1400563019893055,1.3036557822638213,0.0097594654770023,1.3621065745757797,0.0358008594701839,0.2379104781905934,-0.1790341441717425,-0.1741010927913802,0.4233263511483757,-1.1019274198107387,-1.5558996350259977,1.6459742814324587,0,0.1327944416349554,0,0.1568820068820069,1,Medium,1.7793439575422438,Evening,0.07019111418525303,0.29503038154814115,0.16771936400534038
-0.4341726826373576,-0.2132290590488975,241562,2010-01-28,-1.2208859638003056,0.0609366486770281,-0.2223825904484937,3.2419551307885395,-0.4794758203104481,-0.8643666882690223,-0.928545848584576,0.530930957015494,0.3328171892792883,1.312652234403798,-0.2475951875544917,-0.9019267788874382,-1.459816303577858,2015-01-09,0.7660049728541383,0.3141390602858972,-0.1959061549135001,0.2007040570673854,0.3517624468700125,-0.9621956463186168,1.570970867950602,-1.388046033396641,-0.8238649762007128,-1.1607218779702453,-1.2101737191482849,1.3621065745757797,0.0358008594701839,1.0143901069493595,1.4403124919904309,-0.0351636222168899,1.05478906326864,-1.6003115988296166,0.3308016200580737,-0.8486821014600384,0,0.31289445816857175,0,-0.15500055500055493,1,High,1.0398248328899213,Evening,2.4599379330421813,2.425038938324394,-1.4455478260928218
-0.3298752851987483,-0.5416105668244071,405533,2014-10-03,1.1871731363975355,-1.182668426364362,-0.2223825904484937,-0.7075988090614065,-0.4794758203104481,1.626432572033226,-0.928545848584576,-0.4960148012349781,0.8255147307734235,-1.6646777168789997,1.5379470303865548,1.4528515868364884,-1.474056225771061,2015-02-09,0.7660049728541383,1.254675168926308,0.8688012087468271,0.2007040570673854,-1.040437210926871,-0.9621956463186168,-1.0409630558305532,0.914809268796044,-0.8238649762007128,0.071466952146788,-1.2101737191482849,0.461837853772224,1.2703132549937672,0.0347903800867872,-0.5234015300897743,-0.5224816160229381,0.3173762316651099,0.8916092962647725,-1.016842133573406,-0.017129973829206,0,-0.04916688497514558,0,-0.3783105783105783,1,Medium,9.12226623012407,Night,-0.7285069144476026,-20.939293371816238,0.7632972945343899
0.8173960866259544,0.771915464277631,667021,2007-05-02,1.1871731363975355,1.3045417237184185,-0.2223825904484937,-0.4834600761308326,2.1334714293377703,-0.3284203069970745,1.0769527444706637,0.0174580778902579,1.5645610430146262,1.312652234403798,0.3475855517591904,0.4226360518322705,-1.0041387933953594,2015-02-16,0.7660049728541383,1.254675168926308,-0.1959061549135001,1.065807751323357,0.3517624468700125,-1.4516135742528065,-0.2753962161015939,0.914809268796044,-0.8238649762007128,0.071466952146788,1.2296926501022896,1.3621065745757797,1.2703132549937672,-0.728046854023216,-0.8985160040362018,-0.2694909979619258,-0.7166969344915642,-0.354351151282422,0.7800162046019002,-0.017129973829206,0,1.5059120615747703,0,0.5710955710955711,0,Low,0.9844118066617136,Night,-1.884703936489692,2.5887159800096775,1.156657082466476
0.2698347500732554,0.334073453910285,511621,1990-09-22,-0.0168564137013849,0.0609366486770281,-1.0399656435679565,-0.7530821716853443,-0.4794758203104481,-0.7856121938562838,-0.928545848584576,1.0444038361407302,0.8255147307734235,1.4877892903616097,-1.437956666181856,0.530324086850133,-1.1892577819069996,2015-02-18,-1.084248584764553,1.254675168926308,0.8688012087468271,0.2007040570673854,1.279895552067935,1.484893993352331,-1.0028579190114648,-0.6684037514614268,2.1220169410843157,-1.1607218779702453,1.2296926501022896,-0.4384308670313317,1.2703132549937672,0.61913961754214,-0.1072909387721525,-0.101521817118139,0.9191729103300595,-0.603543240791861,-0.1184129644857528,0.1491804516969604,0,-0.8221419427557162,0,0.661072261072261,1,High,1.4845947500246157,Evening,0.7103601544397681,1.1473325030099797,-0.0912205368976281
-0.2777265864794436,-0.4321500642325706,476923,2004-09-19,-1.2208859638003056,-1.182668426364362,1.412783515790431,-0.1531115450730113,-0.4794758203104481,-0.6225077847155147,1.0769527444706637,0.530930957015494,0.5791659600263559,-0.7889924370899414,0.3475855517591904,1.3810595634912468,-1.4918561285125649,2015-01-11,-1.084248584764553,0.3141390602858972,-1.2606135185738274,1.065807751323357,-0.5763706583279098,-0.4727777183844272,0.6183424474733902,1.0587377251830867,1.1400563019893055,-1.1607218779702453,1.2296926501022896,-1.3386995878348875,0.0358008594701839,1.0227271259013817,1.4485117154646696,1.472411618195863,0.6791958897004626,1.6391855647930893,0.8698591215106656,-1.014992526986205,0,-6.679664848777664,0,0.837995337995338,1,High,0.6641020937034006,Night,3.6001192233609953,3.5201136374224866,-2.5773920974596134
-1.5379868055293064,-1.1983735823754262,735822,1995-08-28,-0.0168564137013849,-1.182668426364362,1.412783515790431,0.4727559150333109,-0.4794758203104481,-0.6928621718220044,1.0769527444706637,0.0174580778902579,0.3328171892792883,-0.6138553811321298,-0.2475951875544917,-0.9019267788874382,-0.2031431700276867,2015-02-04,-1.084248584764553,-0.6263970483545135,-1.2606135185738274,0.2007040570673854,-0.1123041057289486,0.9954760654181416,-1.467047767534906,-0.2366183823002983,1.1400563019893055,-1.1607218779702453,-1.2101737191482849,0.461837853772224,1.2703132549937672,0.0317587368315065,-0.425010848398908,0.688555440924858,-0.0216641506813406,-1.3511195093201778,-1.2863708842997017,1.6459742814324587,1,0.06717773092598497,0,-0.3671217671217671,1,Medium,-0.6821262656008279,Evening,0.24188044184460938,7.6159460365760205,-0.2101217050131029
1.947284558877556,1.6475994850123232,492745,2004-02-04,-0.0168564137013849,-1.182668426364362,1.412783515790431,1.023596314811319,-0.4794758203104481,-0.6670897495717691,1.0769527444706637,1.0444038361407302,-0.4062291229619144,-1.139266549005565,0.9427662910728726,-0.9019267788874382,0.0852152543846755,2015-01-22,-1.084248584764553,1.254675168926308,-0.1959061549135001,-0.6643996371885862,-1.040437210926871,0.9954760654181416,-0.5178834504048843,0.6269523560219584,1.1400563019893055,0.071466952146788,0.0097594654770023,-1.3386995878348875,-1.1987115360533993,0.9018403510970644,1.0918454943352796,-0.2114275774233329,1.032539538177154,1.6391855647930893,1.4089166229632577,0.6481117282754599,0,0.8810499383376186,0,0.3014041514041514,1,High,1.144923701847447,Night,1.9129574550891006,2.121168487963035,-1.0111171039920364
-0.9122024208976504,-0.7605315720080802,130930,2014-07-23,-0.0168564137013849,-1.182668426364362,-0.2223825904484937,-0.8121285910917343,0.8269978045136612,1.6387257523269223,1.0769527444706637,0.0174580778902579,-0.1598803522148468,1.662926346319421,0.9427662910728726,-0.9019267788874382,0.9538505081700628,2015-01-10,0.7660049728541383,-0.6263970483545135,0.8688012087468271,-0.6643996371885862,-1.040437210926871,-1.4516135742528065,-1.5190093177427542,0.7708808124090012,-0.8238649762007128,1.3036557822638213,0.0097594654770023,-0.4384308670313317,0.0358008594701839,-0.4407986555853707,-0.5869455120151253,-0.5867661173335231,-0.3146162310525705,0.3932251172458947,0.9597020384194308,-1.014992526986205,0,0.5427702006686042,0,0.1104950604950605,0,Low,0.7137429772278764,Night,-1.4883278604012191,3.3764423234618812,1.0475292048158484
-0.8426708226052443,-1.4172945875590992,261119,1997-03-21,-1.2208859638003056,1.3045417237184185,1.412783515790431,-1.3287130528935156,-0.4794758203104481,1.5535386176015913,1.0769527444706637,0.530930957015494,-0.8989266644560496,1.1375151784459865,0.3475855517591904,0.5554512950209676,0.9538505081700628,2015-01-10,-1.084248584764553,0.3141390602858972,0.8688012087468271,-0.6643996371885862,0.3517624468700125,-0.9621956463186168,-1.2245605332316158,-1.388046033396641,1.1400563019893055,0.071466952146788,1.2296926501022896,1.3621065745757797,0.0358008594701839,0.9810420311412722,1.4075155980934757,-0.0517531709422022,1.020885025033995,-1.3511195093201778,-1.376213801208467,-1.5139238035647045,1,-0.7383405825249136,0,0.8333333333333334,1,High,1.0406118718833093,Evening,2.3766474521852685,2.4225720755800633,-1.3956054210439963
0.5914183921756342,0.2246129513184485,280709,1991-05-06,1.1871731363975355,1.3045417237184185,1.412783515790431,1.4420842269539051,-0.4794758203104481,-0.4813524931706418,-0.928545848584576,-1.5229605594854505,0.3328171892792883,-0.4387183251743182,0.3475855517591904,0.2934104098108355,0.5764925700501815,2015-02-16,0.7660049728541383,1.254675168926308,-1.2606135185738274,0.2007040570673854,-1.040437210926871,1.484893993352331,1.047891262524933,1.0587377251830867,-0.8238649762007128,-1.1607218779702453,0.0097594654770023,-0.4384308670313317,-1.1987115360533993,0.6934148772965169,-0.1995322028573396,1.1447680308709456,0.7284626952601813,-1.1019274198107387,-1.645742551934763,0.8144221538016264,0,0.48084181457236524,0,0.15455100455100457,1,High,1.0505422778900082,Night,1.6736985232737873,2.4137008944750256,-0.9802836459772705
-0.46024703199701,-0.2132290590488975,898573,1992-08-07,-0.0168564137013849,1.3045417237184185,-0.2223825904484937,1.9346977273728003,-0.4794758203104481,1.628846556358776,-0.928545848584576,1.0444038361407302,0.3328171892792883,1.312652234403798,0.3475855517591904,1.0364578514340868,0.9538505081700628,2015-02-08,0.7660049728541383,-0.6263970483545135,-0.1959061549135001,-0.6643996371885862,1.279895552067935,0.5060581374839519,0.2061141491577967,-1.6759029461707264,-0.8238649762007128,1.3036557822638213,0.0097594654770023,-0.4384308670313317,-1.1987115360533993,-0.5279583991746906,-0.8001253223453355,-0.8024302507625827,-0.3262707441957297,-0.8527353303012999,0.1511157862405431,-1.014992526986205,0,-0.2728892057998224,0,0.08625263625263625,0,Low,0.6179868767930142,Evening,-1.928826317303648,3.6533749130494484,1.4008679181289574
0.3915150470849663,0.4435339565021215,547802,2013-09-03,-1.2208859638003056,0.0609366486770281,-0.2223825904484937,1.0737919177071056,-0.4794758203104481,1.4654630738855734,-0.928545848584576,0.530930957015494,-1.3916242059501849,1.1375151784459865,0.3475855517591904,-0.9019267788874382,0.9538505081700628,2015-01-26,0.7660049728541383,-0.6263970483545135,-1.2606135185738274,-0.6643996371885862,0.3517624468700125,0.9954760654181416,-1.6056119014225003,0.6269523560219584,-0.8238649762007128,-1.1607218779702453,-1.2101737191482849,-1.3386995878348875,1.2703132549937672,0.0279691827624057,-0.4270606542674677,-0.4250180172617284,0.2580441647544811,-1.1019274198107387,-1.645742551934763,1.6459742814324587,0,0.026047091856527545,0,-0.36735486735486733,1,Medium,9.225687473923637,Night,-0.594034506774715,-21.238134617166242,0.6220036895371207
-0.2342693375466897,-0.103768556457061,600845,2012-01-05,-1.2208859638003056,-1.182668426364362,1.412783515790431,1.1628327708438764,-0.4794758203104481,-0.5214832383745815,-0.928545848584576,-1.0094876803602142,-1.6379729766972524,-0.2635812692165066,-0.2475951875544917,-0.9019267788874382,-1.6983350003140094,2015-02-01,0.7660049728541383,-0.6263970483545135,-1.2606135185738274,0.2007040570673854,0.8158289994689738,-0.9621956463186168,-0.1818654257274677,1.2026661815701296,-0.8238649762007128,1.3036557822638213,1.2296926501022896,-1.3386995878348875,0.0358008594701839,0.7934591047207796,-0.0129998688184057,-0.0061319119475934,1.1141211301792686,0.1440330277364557,1.1393878722369617,-0.6823716759338719,1,0.6823495538360234,0,0.6717948717948719,1,High,1.4041299916034597,Night,1.0949893494132694,1.3800181545341823,-0.3015302446924898
-0.1212804903215296,0.1151524487266119,390381,2007-01-27,1.1871731363975355,1.3045417237184185,1.412783515790431,-1.1932054130760736,-0.4794758203104481,1.522896365700391,-0.928545848584576,0.0174580778902579,0.0864684185322207,0.7872410665303631,-0.2475951875544917,0.4226360518322705,-0.9578590462674496,2015-02-02,-0.1591218059552074,-1.566933156994924,1.9335085724071543,1.065807751323357,0.3517624468700125,-0.4727777183844272,1.0686758826080722,-0.2366183823002983,-0.8238649762007128,-1.1607218779702453,1.2296926501022896,-0.4384308670313317,1.2703132549937672,-1.760700337853201,-1.3945690242276525,-1.4038013920551526,-1.7422940910895772,1.6391855647930893,1.4089166229632577,-0.6823716759338719,0,1.475606625786881,0,0.5146853146853146,0,Low,0.9895466270884925,Evening,-4.540664507372382,2.578898287602447,2.779964169519181
-0.2603436869063421,-0.3226895616407341,629918,2005-10-14,-1.2208859638003056,-1.182668426364362,1.412783515790431,0.0915561650418801,-0.4794758203104481,-0.5565627562614747,-0.928545848584576,-1.0094876803602142,-0.652577893708982,-0.7889924370899414,0.3475855517591904,1.00774104209599,-0.9614190268157504,2015-02-06,-1.084248584764553,0.3141390602858972,0.8688012087468271,-1.5295033314445576,-1.040437210926871,0.9954760654181416,-1.6263965215056395,1.3465946379571725,1.1400563019893055,-1.1607218779702453,1.2296926501022896,0.461837853772224,0.0358008594701839,0.4789261169854081,0.710581602783173,0.7258819255568106,0.3004242125477874,0.3932251172458947,0.9597020384194308,1.1470430048539593,0,5.230897186105944,0,0.754079254079254,1,Medium,0.6272858685446719,Night,1.736887740887771,3.626622254802687,-1.257961623902363
-0.9469682200438536,-1.1983735823754262,208298,1990-11-03,1.1871731363975355,0.0609366486770281,-0.2223825904484937,-1.976748530278712,-0.4794758203104481,-0.5928562431444536,1.0769527444706637,-1.5229605594854505,-1.3916242059501849,0.4369669546147398,-0.2475951875544917,-0.9019267788874382,-1.5488158172853772,2015-01-01,1.6911317516634838,-1.566933156994924,1.9335085724071543,1.065807751323357,-0.1123041057289486,1.484893993352331,0.1680090123387082,-1.244117577009598,-0.8238649762007128,1.3036557822638213,0.0097594654770023,0.461837853772224,0.0358008594701839,-1.8781765139953277,-1.3925192183590926,-1.4680858933657377,-1.8906242583661488,1.3899934752836502,-0.6574704659383447,1.4796638559062922,0,0.9501347467121983,0,0.01888666888666888,0,Low,1.0066281049231334,Evening,-4.751229370090979,2.5297046706694517,2.8730528560956508
1.4518719210441613,1.3192179772368136,513099,2005-10-15,-0.0168564137013849,1.3045417237184185,-0.2223825904484937,1.1311992970189395,-0.4794758203104481,-0.6785317562015433,-0.928545848584576,-1.5229605594854505,-0.652577893708982,1.662926346319421,-0.2475951875544917,1.262602724971598,0.0745353127397732,2015-01-19,0.7660049728541383,0.3141390602858972,-1.2606135185738274,-0.6643996371885862,-1.040437210926871,-1.4516135742528065,1.647181141588779,-0.6684037514614268,-0.8238649762007128,1.3036557822638213,-1.2101737191482849,1.3621065745757797,1.2703132549937672,0.8578815238954942,0.0218468309471094,1.592685846454377,0.7867352609759775,0.3932251172458947,0.9597020384194308,1.1470430048539593,1,0.7583816289266152,0,-0.3163059163059163,1,High,0.9170664270016254,Evening,2.4012679383774636,2.7990638245825625,-1.5433864144819693
-1.755273050193076,-1.1983735823754262,184938,1999-05-22,-1.2208859638003056,0.0609366486770281,-0.2223825904484937,0.3448288356531918,-0.4794758203104481,-0.94927474966192,-0.928545848584576,0.0174580778902579,0.8255147307734235,1.662926346319421,-0.8427759268681739,-0.9019267788874382,0.9538505081700628,2015-01-17,0.7660049728541383,1.254675168926308,-0.1959061549135001,-0.6643996371885862,-1.040437210926871,0.0166402095497623,1.3423400470360711,1.0587377251830867,-0.8238649762007128,1.3036557822638213,-1.2101737191482849,0.461837853772224,1.2703132549937672,0.2038044915686856,-0.1995322028573396,-0.1948380286980206,0.3862438093292327,-1.1019274198107387,-1.645742551934763,0.4818013027492934,0,0.5910291700328952,0,-0.3414807414807415,1,Medium,1.8951589888786806,Night,-0.008126422226127528,-0.03987342128800684,0.21193091379481313
0.5653440428159818,0.5529944590939581,187775,2002-12-21,1.1871731363975355,-1.182668426364362,-1.0399656435679565,0.1694105695333042,1.2624890127883643,-0.6967691984760737,-0.928545848584576,0.0174580778902579,1.0718635015204911,0.9623781224881748,0.3475855517591904,-0.9019267788874382,-0.5199814388264551,2015-02-01,-1.084248584764553,0.3141390602858972,0.8688012087468271,-1.5295033314445576,0.3517624468700125,-0.9621956463186168,1.4289426307158175,0.4830238996349156,1.1400563019893055,-1.1607218779702453,-1.2101737191482849,-0.4384308670313317,-1.1987115360533993,1.7397107557752645,1.58789851452673,1.6134227823610174,1.6094379387635362,0.1440330277364557,1.319073706054492,0.8144221538016264,1,10.269137819617798,1,-0.13821733821733823,1,High,0.9251175853820253,Night,4.810759235651283,2.7652622451283455,-3.071048479876019
-0.8948195213245489,-1.3078340849672627,326322,2007-02-10,-1.2208859638003056,0.0609366486770281,-0.2223825904484937,-3.372637026807583,-0.4794758203104481,1.4240346376858175,1.0769527444706637,1.0444038361407302,0.8255147307734235,1.662926346319421,-0.2475951875544917,0.0277799234334413,0.9538505081700628,2015-01-02,-0.1591218059552074,-1.566933156994924,-0.1959061549135001,1.065807751323357,0.3517624468700125,-0.4727777183844272,0.0571577052286327,-0.6684037514614268,-0.8238649762007128,-1.1607218779702453,-1.2101737191482849,1.3621065745757797,0.0358008594701839,-1.775858554129604,-1.281829701456868,-1.4120961664178089,-1.790501395454463,1.3899934752836502,-0.6574704659383447,0.6481117282754599,0,0.5265491265627523,0,-0.4645576645576645,0,Low,1.0082460675355442,Evening,-4.48442726332914,2.5252178886200585,2.708568709199536
-0.9556596698304044,-0.9794525771917532,146138,2002-03-01,-0.0168564137013849,0.0609366486770281,1.412783515790431,-0.9459971908146204,-0.4794758203104481,-0.8174405074203265,-0.928545848584576,-0.4960148012349781,-1.3916242059501849,-0.7889924370899414,-0.2475951875544917,-0.9019267788874382,-0.918699260236141,2015-02-20,0.7660049728541383,0.3141390602858972,-1.2606135185738274,-0.6643996371885862,-1.5045037635258325,-1.4516135742528065,1.5432580411730832,1.0587377251830867,-0.8238649762007128,-1.1607218779702453,0.0097594654770023,1.3621065745757797,1.2703132549937672,0.429661914087097,-0.2097812322001381,-0.2052064966513407,0.7072726713635281,0.1440330277364557,0.5104874538756043,-0.6823716759338719,0,-0.45418989871101345,0,0.1533855033855034,1,Medium,1.646110586170248,Night,0.2922849425120493,0.6802656988282685,0.1373769715750477
-0.7557563247397364,-1.1983735823754262,336047,2003-04-21,1.1871731363975355,0.0609366486770281,-1.0399656435679565,0.0342717137371374,-0.4794758203104481,-0.7523047916303436,-0.928545848584576,-1.5229605594854505,-0.4062291229619144,0.2618298986569282,0.9427662910728726,0.8031337755620513,-0.2031431700276867,2015-02-05,-1.084248584764553,0.3141390602858972,0.8688012087468271,-0.6643996371885862,0.3517624468700125,1.484893993352331,-0.7811553047913137,0.19516698686083,0.1580956628942965,1.3036557822638213,-1.2101737191482849,-0.4384308670313317,-1.1987115360533993,0.1014865317029624,-0.4906046361928188,0.5558390511223599,0.1266660165952315,-0.8527353303012999,-0.3879417152120487,0.6481117282754599,1,2.9611466568225997,0,-0.3745809745809745,1,Medium,1.2480943665667468,Night,0.19190043152477257,1.8908769215752936,-0.09041389982181017
-0.8079050234590411,-1.3078340849672627,532330,2002-09-22,1.1871731363975355,0.0609366486770281,-1.0399656435679565,0.8341232798806109,1.6979802210630677,-0.8292871703821293,1.0769527444706637,0.530930957015494,-0.8989266644560496,0.2618298986569282,-0.2475951875544917,-0.9019267788874382,0.9538505081700628,2015-02-27,-1.084248584764553,1.254675168926308,-1.2606135185738274,1.065807751323357,0.3517624468700125,0.0166402095497623,-0.3931757299060492,-1.388046033396641,1.1400563019893055,0.071466952146788,0.0097594654770023,0.461837853772224,0.0358008594701839,1.0644122206614912,-0.0170994805555251,1.5138854900091436,1.1056451206206075,0.6424172067553336,-0.477784632120814,0.9807325793277928,1,1.276083488198955,0,0.1752969252969253,1,High,1.0387367416702062,Evening,2.602431130074226,2.4449443877227655,-1.538018909412735
0.3306748985791108,0.1151524487266119,118137,1998-02-10,1.1871731363975355,-1.182668426364362,-1.0399656435679565,-0.0727576044373883,-0.4794758203104481,-0.4536684185932369,-0.928545848584576,-0.4960148012349781,-0.4062291229619144,0.6121040105725515,-1.437956666181856,-0.9019267788874382,-0.6339008163720796,2015-01-27,1.6911317516634838,-1.566933156994924,1.9335085724071543,1.065807751323357,1.279895552067935,1.484893993352331,1.6402529348943993,-0.9562606642355124,-0.8238649762007128,1.3036557822638213,0.0097594654770023,-0.4384308670313317,0.0358008594701839,-1.7159835998378103,-1.3843199948848537,-1.3934329241018324,-1.6850810265686136,-1.1019274198107387,-1.4660567181172324,-1.1813029525123715,0,23.58526230171343,0,0.019819069819069824,0,Low,0.981991907568225,Evening,-4.4628339455553,2.600745453932408,2.7468503457174895
2.051581956316165,2.4138230031551786,212674,1992-09-01,1.1871731363975355,0.0609366486770281,-1.0399656435679565,-0.8426557128528456,-0.4794758203104481,-0.4642732052257106,1.0769527444706637,1.557876715265966,-0.4062291229619144,-0.9641294930477532,1.5379470303865548,0.5877577055263263,-1.5452558367370763,2015-01-26,0.7660049728541383,1.254675168926308,-1.2606135185738274,-0.6643996371885862,-0.5763706583279098,0.9954760654181416,1.2245605332316158,1.3465946379571725,-0.8238649762007128,-1.1607218779702453,1.2296926501022896,1.3621065745757797,0.0358008594701839,0.0332745584591469,-0.3020224962853252,-0.2985227082312223,0.2008311002335175,1.6391855647930893,0.6003303707843697,-0.1834403993553725,1,-0.039487773522911156,0,0.6389277389277389,1,Medium,6.03539383058235,Night,-0.39971410428303,-12.012243303858218,0.4329886627421769
-1.598826954035162,-1.7456760953346089,935596,1999-05-01,1.1871731363975355,1.3045417237184185,-0.2223825904484937,1.8656941393919808,-0.4794758203104481,-0.5237716397005364,-0.928545848584576,0.0174580778902579,-0.652577893708982,-1.6646777168789997,1.5379470303865548,-0.9019267788874382,0.9538505081700628,2015-01-13,-1.084248584764553,0.3141390602858972,-1.2606135185738274,-0.6643996371885862,0.3517624468700125,0.5060581374839519,-1.3250195303001218,1.3465946379571725,1.1400563019893055,0.071466952146788,1.2296926501022896,0.461837853772224,0.0358008594701839,0.3974507044997397,-0.3450684195250792,0.8503035409966527,0.4275643559277063,0.1440330277364557,1.319073706054492,-0.5160612504077055,1,0.21303089454864882,0,0.6340326340326341,1,Medium,1.0757643031519226,Night,0.9327994773992798,2.3469505020071963,-0.5353487728995401
2.234102401833731,1.975980992787833,737593,1997-12-19,-1.2208859638003056,-1.182668426364362,-1.0399656435679565,-1.602473724686781,2.568962637612473,1.590794907481466,-0.928545848584576,-0.4960148012349781,0.3328171892792883,1.662926346319421,0.3475855517591904,-0.9019267788874382,0.9538505081700628,2015-01-14,-1.084248584764553,1.254675168926308,-1.2606135185738274,-1.5295033314445576,-1.040437210926871,-0.4727777183844272,-0.2927167328375432,-0.6684037514614268,1.1400563019893055,0.071466952146788,-1.2101737191482849,-0.4384308670313317,-1.1987115360533993,0.2379104781905934,0.4933021807158434,0.506070404946423,0.0758099592432639,0.3932251172458947,0.9597020384194308,-1.680234229090871,0,-0.14846460381227103,0,-0.2626928626928626,1,Medium,0.318647758484909,Evening,1.0751825449055303,4.519254611348303,-0.8372720667149369
0.0351656058363843,-0.3226895616407341,812025,2000-06-18,-1.2208859638003056,0.0609366486770281,-1.0399656435679565,-0.4217092405684244,-0.4794758203104481,-0.9558748339739724,1.0769527444706637,-1.5229605594854505,-0.1598803522148468,-1.6646777168789997,-0.2475951875544917,-0.9019267788874382,0.9538505081700628,2015-02-22,-1.084248584764553,1.254675168926308,0.8688012087468271,0.2007040570673854,0.3517624468700125,-1.4516135742528065,-0.0259807751039239,0.6269523560219584,1.1400563019893055,1.3036557822638213,0.0097594654770023,-1.3386995878348875,1.2703132549937672,-0.0857174393106201,0.546597133298396,-0.4872288249816494,-0.136620030320684,-1.6003115988296166,1.2292307891457268,-0.1834403993553725,0,0.20326242426536598,0,0.23939948939948943,0,Medium,1.593860307537962,Night,-0.0772517220039374,0.9012474459419835,-0.008465717306682705
0.6522585406814897,0.4435339565021215,168151,1995-04-24,1.1871731363975355,1.3045417237184185,1.412783515790431,0.101800165632857,-0.4794758203104481,-0.5250972380295956,1.0769527444706637,-1.5229605594854505,0.8255147307734235,1.1375151784459865,-0.2475951875544917,-0.9019267788874382,0.9538505081700628,2015-01-17,0.7660049728541383,1.254675168926308,-1.2606135185738274,1.065807751323357,0.3517624468700125,-0.9621956463186168,0.8816143018598196,0.19516698686083,-0.8238649762007128,1.3036557822638213,-1.2101737191482849,-0.4384308670313317,0.0358008594701839,0.1867514982577318,-0.2097812322001381,1.1240310949643053,0.0281324054757943,1.3899934752836502,-1.1066850504821713,0.8144221538016264,1,1.8344730838470529,0,-0.3426462426462426,1,Medium,0.15064004893240876,Night,0.9423822682399615,5.046156153367258,-0.7556307699822298
0.3480577981522124,0.1151524487266119,594739,2006-06-16,-1.2208859638003056,-1.182668426364362,-1.0399656435679565,0.3540074601827071,-0.4794758203104481,-0.8611154839461719,-0.928545848584576,0.530930957015494,-0.8989266644560496,-1.6646777168789997,-1.437956666181856,-0.9019267788874382,0.9538505081700628,2015-02-02,1.6911317516634838,-1.566933156994924,1.9335085724071543,1.065807751323357,-1.040437210926871,1.484893993352331,0.1264397721724299,-1.388046033396641,-0.8238649762007128,1.3036557822638213,0.0097594654770023,1.3621065745757797,1.2703132549937672,-1.7743427325019636,-1.3884196066219732,-1.3975803112831606,-1.764543616181063,-0.603543240791861,-0.9269992166646406,1.4796638559062922,0,-5.0121478215131035,0,0.019352869352869354,0,Low,0.994477886564115,Evening,-4.550543534086197,2.5646376065728704,2.776200801584233
-0.6080016783683733,-0.9794525771917532,843227,2007-09-28,1.1871731363975355,0.0609366486770281,1.412783515790431,0.7658982359447046,-0.4794758203104481,1.5638224699017664,-0.928545848584576,1.557876715265966,0.0864684185322207,1.312652234403798,0.9427662910728726,-0.9019267788874382,0.9538505081700628,2015-01-07,-1.084248584764553,0.3141390602858972,-1.2606135185738274,-0.6643996371885862,0.3517624468700125,0.0166402095497623,1.7268555185741457,1.0587377251830867,1.1400563019893055,-1.1607218779702453,-1.2101737191482849,0.461837853772224,1.2703132549937672,-0.1884143545832534,-0.4352598777417066,-0.4333127916243846,-0.0402054215909121,-0.8527353303012999,-0.0285700475769874,-1.680234229090871,1,-0.24600410307349657,0,-0.36828726828726827,0,Low,0.21338944725994308,Night,-0.9087780909570032,4.823321005918641,0.7203637363737498
-0.7122990758069826,-1.0889130797835898,283925,1991-11-21,1.1871731363975355,0.0609366486770281,-0.2223825904484937,1.5305923920599458,-0.4794758203104481,1.6589446152617309,-0.928545848584576,1.0444038361407302,1.3182122722675589,-0.2635812692165066,-0.2475951875544917,-0.9019267788874382,-0.7229003300795989,2015-02-02,-0.1591218059552074,-1.566933156994924,1.9335085724071543,1.065807751323357,0.3517624468700125,0.9954760654181416,0.87122199181825,0.7708808124090012,-0.8238649762007128,-1.1607218779702453,-1.2101737191482849,-0.4384308670313317,0.0358008594701839,-1.853544412546172,-1.4519635885473243,-1.4618648125937457,-1.8424169540012636,0.3932251172458947,0.690173287693135,1.4796638559062922,0,-1.2109972656105508,0,-0.4839049839049839,0,Low,0.9939971956040542,Night,-4.756245355142334,2.566028571517936,2.9027009425961623
-0.4167897830642561,-0.8699920745999167,475588,1996-09-21,-1.2208859638003056,-1.182668426364362,1.412783515790431,-0.5012436611567691,-0.4794758203104481,-0.7579560266121222,1.0769527444706637,1.557876715265966,1.0718635015204911,-0.4387183251743182,-1.437956666181856,-0.9019267788874382,0.9538505081700628,2015-02-07,0.7660049728541383,-0.6263970483545135,-1.2606135185738274,1.065807751323357,-1.5045037635258325,-1.4516135742528065,-0.0536936018814428,-1.244117577009598,-0.8238649762007128,-1.1607218779702453,1.2296926501022896,-1.3386995878348875,-1.1987115360533993,0.236394656562953,-0.3143213314966835,-0.3109648697752065,0.4911344276176658,0.6424172067553336,-0.2980987983032834,1.3133534303801258,1,-0.47161719239420047,0,0.6375291375291375,1,Medium,2.077594972591533,Evening,-0.13415177365422426,-0.5674883185448848,0.37054643021717726
0.243760400713603,0.4435339565021215,751905,2001-05-16,1.1871731363975355,0.0609366486770281,-1.0399656435679565,0.9322198295398056,3.004453845887177,-0.97234016058755,1.0769527444706637,-1.0094876803602142,0.8255147307734235,1.662926346319421,-1.437956666181856,-0.9019267788874382,-0.2423029560589951,2015-01-18,-1.084248584764553,0.3141390602858972,-1.2606135185738274,-1.5295033314445576,-1.040437210926871,-1.4516135742528065,-1.5432580411730832,0.7708808124090012,1.1400563019893055,0.071466952146788,-1.2101737191482849,-0.4384308670313317,-1.1987115360533993,0.6759829285786529,-0.0765438507437568,1.3936112617506298,0.6087390602440909,-0.354351151282422,0.7800162046019002,1.3133534303801258,1,0.7251317575818966,0,-0.32749472749472747,1,High,0.9005229777045832,Night,1.9258064712509637,2.8488938713383773,-1.2498235426723108
0.3480577981522124,0.1151524487266119,226725,1999-08-11,-0.0168564137013849,1.3045417237184185,1.412783515790431,0.1977659631691285,2.568962637612473,1.4538815305895825,1.0769527444706637,1.0444038361407302,-1.3916242059501849,-1.6646777168789997,-0.2475951875544917,-0.9019267788874382,-0.6481407385652826,2015-01-10,-1.084248584764553,1.254675168926308,-0.1959061549135001,1.065807751323357,0.3517624468700125,-0.4727777183844272,1.2176323265372362,-0.9562606642355124,1.1400563019893055,-1.1607218779702453,0.0097594654770023,-0.4384308670313317,-1.1987115360533993,0.3307545528835645,-0.3778653134220346,0.7839453460954036,0.3597562794584162,0.3932251172458947,0.9597020384194308,-0.6823716759338719,0,1.672445931228191,0,0.1342712842712843,1,Medium,1.0876802409574688,Evening,0.7658363121317852,2.3154148296381942,-0.4350817592482207
-1.0425741676959122,-0.9794525771917532,942504,2003-06-16,-1.2208859638003056,1.3045417237184185,1.412783515790431,-0.9039967883916152,-0.4794758203104481,-0.6092657550915443,-0.928545848584576,0.530930957015494,-1.1452754352031171,-1.139266549005565,1.5379470303865548,0.6918561393769267,-0.8795394742048326,2015-01-30,0.7660049728541383,1.254675168926308,-0.1959061549135001,1.065807751323357,0.3517624468700125,0.0166402095497623,-1.1760630863709578,-0.3805468386873412,-0.8238649762007128,0.071466952146788,0.0097594654770023,-1.3386995878348875,1.2703132549937672,0.1848567212231813,-0.4496085188216246,0.6387867947489212,0.2114261121818441,-0.354351151282422,0.7800162046019002,0.8144221538016264,0,-0.20448847615991383,0,0.12611277611277613,1,Medium,1.1437234581431759,Evening,0.4006043881091407,2.16709578295345,-0.21574766688595937
1.6517752661348293,1.975980992787833,395572,1999-03-30,-1.2208859638003056,0.0609366486770281,-1.0399656435679565,0.5933073139879269,-0.4794758203104481,1.6559864379379354,-0.928545848584576,-0.4960148012349781,-0.1598803522148468,-0.9641294930477532,0.3475855517591904,0.9467178222525346,0.9538505081700628,2015-01-25,1.6911317516634838,-1.566933156994924,1.9335085724071543,1.065807751323357,-1.5045037635258325,-0.4727777183844272,0.2442192859768852,-0.3805468386873412,-0.8238649762007128,0.071466952146788,0.0097594654770023,-1.3386995878348875,0.0358008594701839,-1.7383419688455055,-1.306427371879585,-1.314632567656599,-1.756597357219818,-1.3511195093201778,-1.2863708842997017,-1.014992526986205,0,-2.9299133820681273,0,0.028676878676878646,0,Low,1.0105021907102822,Evening,-4.377657296756002,2.518296108308004,2.639315327910497
0.3654406977253139,0.6624549616857945,889883,1999-02-03,-1.2208859638003056,0.0609366486770281,-0.2223825904484937,1.676098176454181,-0.4794758203104481,-0.7724957472319085,1.0769527444706637,0.0174580778902579,0.8255147307734235,-1.3144036049633765,1.5379470303865548,0.3328960226507184,-0.2245030533174913,2015-01-29,-1.084248584764553,1.254675168926308,-1.2606135185738274,-0.6643996371885862,-0.1123041057289486,-0.9621956463186168,0.5490603805295929,-0.3805468386873412,1.1400563019893055,-1.1607218779702453,1.2296926501022896,0.461837853772224,-1.1987115360533993,0.0196321638103838,0.903263354427786,-0.3068174825938785,-0.1276142701646064,-0.603543240791861,-0.9269992166646406,0.1491804516969604,1,0.011713008446144584,0,0.7759906759906761,0,Medium,-6.49993406040408,Evening,0.4688316016693012,23.87957469296622,-0.4491994378589174
-1.4684552072369004,-1.0889130797835898,818167,2011-08-25,-0.0168564137013849,1.3045417237184185,1.412783515790431,-2.46981276672361,-0.4794758203104481,-0.3590486052316529,-0.928545848584576,0.0174580778902579,0.5791659600263559,0.0866928426991166,0.9427662910728726,0.9682554292561072,-0.7157803689829972,2015-02-24,-1.084248584764553,0.3141390602858972,-0.1959061549135001,-0.6643996371885862,0.3517624468700125,1.484893993352331,-0.2165064591993663,1.4905230943442151,1.1400563019893055,0.071466952146788,-1.2101737191482849,-1.3386995878348875,-1.1987115360533993,0.9677785918994192,1.6862891962175963,0.0892579932229521,0.8942746322514922,-0.1051590617729831,1.588602456780788,0.6481117282754599,0,-0.3918430565999165,0,-0.12702852702852702,1,High,0.924047830453149,Night,2.6698218216920404,2.758708536570911,-1.7020432297926211
-0.4167897830642561,-0.2132290590488975,277767,2010-06-28,1.1871731363975355,-1.182668426364362,-1.0399656435679565,-0.722309193910049,-0.4794758203104481,1.4661886645499005,1.0769527444706637,-1.5229605594854505,-1.1452754352031171,-0.4387183251743182,-0.2475951875544917,-0.9019267788874382,-1.2177376262934057,2015-01-04,-1.084248584764553,0.3141390602858972,-1.2606135185738274,-1.5295033314445576,-0.1123041057289486,1.484893993352331,-0.0848705320061515,0.4830238996349156,1.1400563019893055,1.3036557822638213,-1.2101737191482849,1.3621065745757797,0.0358008594701839,-0.4271562609366076,-0.5787462885408865,-0.578471342970867,-0.2997832143249133,1.6391855647930893,0.8698591215106656,-0.6823716759338719,0,0.5913767343885379,0,-0.3846042846042846,0,Low,0.7018132321900699,Night,-1.4570008458366668,3.4109397193000848,1.0298445849000593
-0.0778232413887757,-0.3226895616407341,842618,2001-11-06,-0.0168564137013849,-1.182668426364362,1.412783515790431,0.3678573489817082,-0.4794758203104481,1.5437989582996616,-0.928545848584576,-1.5229605594854505,0.8255147307734235,0.7872410665303631,1.5379470303865548,1.172862695790046,-0.9436191240742464,2015-02-25,-1.084248584764553,-0.6263970483545135,0.8688012087468271,-0.6643996371885862,0.3517624468700125,-0.4727777183844272,-0.9197194386789082,0.3390954432478728,1.1400563019893055,1.3036557822638213,1.2296926501022896,1.3621065745757797,1.2703132549937672,0.6142131972523089,1.046749765226966,-0.2342382069206372,0.6479406044528992,0.1440330277364557,1.319073706054492,0.3154908772231269,0,1.6697003043496257,0,0.7923076923076924,1,High,1.0549098463556617,Night,1.460452162759228,2.3777570907552605,-0.846238965506919
1.4344890214710595,1.7570599876041595,577810,2013-04-15,1.1871731363975355,0.0609366486770281,1.412783515790431,1.3650493425097592,-0.4794758203104481,-0.7881099001815638,1.0769527444706637,-1.0094876803602142,0.5791659600263559,0.7872410665303631,-1.437956666181856,1.086712267775756,0.9538505081700628,2015-01-27,-1.084248584764553,0.3141390602858972,-0.1959061549135001,1.065807751323357,0.8158289994689738,-1.4516135742528065,1.5016888010068048,-0.8123322078484696,1.1400563019893055,-1.1607218779702453,1.2296926501022896,-1.3386995878348875,1.2703132549937672,1.2330473767364796,1.9732620178159563,0.2344165445694345,1.1538524249854931,-0.603543240791861,-0.1184129644857528,-0.349750824881539,0,0.903298097027996,1,0.8976689976689978,1,High,0.9357722265848198,Evening,3.361530987370884,2.7261955417093033,-2.1284836106344045
0.5827269423890834,0.1151524487266119,873114,1995-12-07,-1.2208859638003056,-1.182668426364362,-0.2223825904484937,-0.0194888013643086,-0.4794758203104481,-0.9423118700177036,-0.928545848584576,-1.5229605594854505,1.0718635015204911,0.7872410665303631,1.5379470303865548,1.653869252203165,0.9538505081700628,2015-02-19,-0.1591218059552074,-1.566933156994924,-0.1959061549135001,1.065807751323357,-1.040437210926871,-0.4727777183844272,-0.6876245144171874,-0.8123322078484696,-0.8238649762007128,0.071466952146788,-1.2101737191482849,-1.3386995878348875,0.0358008594701839,-1.8827239788782484,-1.4089176653075703,-1.476380667728394,-1.8906242583661488,-1.3511195093201778,-1.376213801208467,1.1470430048539593,0,96.61038429539867,0,-0.479009879009879,0,Low,1.004196729724204,Evening,-4.775922591402113,2.536710203774998,2.8931986125238645
1.112905379368681,0.8813759668694676,994538,1991-11-01,-1.2208859638003056,-1.182668426364362,1.412783515790431,-0.7105081052292441,-0.4794758203104481,-0.7302300910348524,1.0769527444706637,0.530930957015494,-0.1598803522148468,-0.7889924370899414,-0.2475951875544917,2.396916693826416,0.9538505081700628,2015-01-31,-1.084248584764553,-0.6263970483545135,-1.2606135185738274,1.065807751323357,1.279895552067935,-1.4516135742528065,1.4462631474517669,1.4905230943442151,2.1220169410843157,1.3036557822638213,1.2296926501022896,-1.3386995878348875,-1.1987115360533993,0.7199417557802229,0.739278884943009,0.7549136358261072,0.6225125757769154,1.1408013857742114,-0.2082558813945181,0.8144221538016264,1,-1.013278756090602,0,0.7573426573426574,1,High,0.8646695459867229,Night,2.1167050965460317,2.940101944983246,-1.3967633407658089
-0.8426708226052443,-1.4172945875590992,727792,2014-05-19,1.1871731363975355,-1.182668426364362,-1.0399656435679565,-1.1547699228587285,-0.4794758203104481,-0.4796780531760407,-0.928545848584576,0.0174580778902579,-1.3916242059501849,-0.2635812692165066,1.5379470303865548,1.35234275415315,0.9538505081700628,2015-01-18,-1.084248584764553,0.3141390602858972,-0.1959061549135001,-1.5295033314445576,-1.040437210926871,-1.4516135742528065,-1.1033169160799707,0.3390954432478728,1.1400563019893055,-1.1607218779702453,0.0097594654770023,-1.3386995878348875,0.0358008594701839,0.2629215350466591,0.9237614131133832,0.9415460589858702,-0.1117217522421165,1.6391855647930893,1.4089166229632577,-0.5160612504077055,0,-0.22768324453672906,0,0.2822899322899323,1,Medium,-0.4249226952809123,Night,1.753585719857137,6.669590796186185,-1.4906641848104778
0.1133886539153413,0.0056919461347754,522506,1992-03-15,-1.2208859638003056,1.3045417237184185,1.412783515790431,0.5877755536687989,-0.4794758203104481,1.45502573125256,-0.928545848584576,1.0444038361407302,1.0718635015204911,-0.2635812692165066,-0.2475951875544917,0.8892842035763413,0.2489743596065108,2015-01-10,-1.084248584764553,-0.6263970483545135,-0.1959061549135001,-0.6643996371885862,-1.040437210926871,-0.9621956463186168,-1.7095350018381965,0.6269523560219584,1.1400563019893055,0.071466952146788,-1.2101737191482849,0.461837853772224,-1.1987115360533993,0.460736257453724,0.6941831558346953,0.7092923768314984,0.2834721934304648,0.6424172067553336,-0.2980987983032834,-1.347613378038538,0,0.7838629400541558,0,-0.23984903984903982,1,Medium,0.6152578044091356,Night,1.6869477260966583,3.6614094015743754,-1.2262114686429344
0.3393663483656616,0.4435339565021215,367595,2006-02-03,-0.0168564137013849,1.3045417237184185,-1.0399656435679565,0.2103455958948478,-0.4794758203104481,-0.4894595734778355,-0.928545848584576,-1.5229605594854505,0.8255147307734235,0.4369669546147398,0.3475855517591904,-0.9019267788874382,-1.7410547668936185,2015-01-28,-1.084248584764553,-0.6263970483545135,-1.2606135185738274,-1.5295033314445576,0.3517624468700125,0.9954760654181416,0.2199705625465561,-0.2366183823002983,1.1400563019893055,-1.1607218779702453,-1.2101737191482849,-0.4384308670313317,0.0358008594701839,-0.5772226020730018,-0.6689377467575139,-0.6697138609600845,-0.4629463983291426,1.1408013857742114,1.4987595398720228,0.4818013027492934,0,-2.7441499569670014,0,-0.39486069486069486,0,Low,0.8020254208549065,Evening,-1.8015980060467411,3.1211548555642783,1.2243754039737393
0.8000131870528528,0.334073453910285,586104,2003-03-16,-0.0168564137013849,0.0609366486770281,1.412783515790431,-0.1521690970186413,-0.4794758203104481,-0.4778361691819795,1.0769527444706637,-1.5229605594854505,-0.652577893708982,-0.7889924370899414,-1.437956666181856,1.004151440928728,-1.3031771594526242,2015-02-16,-1.084248584764553,1.254675168926308,0.8688012087468271,-1.5295033314445576,1.279895552067935,-0.9621956463186168,-1.3007708068697927,-0.3805468386873412,1.1400563019893055,1.3036557822638213,0.0097594654770023,0.461837853772224,0.0358008594701839,0.4289040032732768,-0.0642450155323985,-0.0579742517141943,0.6309885853355767,-1.1019274198107387,-1.5558996350259977,1.1470430048539593,0,-2.8186197480062734,0,0.16993561993561995,1,Medium,1.4711616337418716,Evening,0.5087693180889838,1.1862051368163256,-0.07986531481570702
0.521886793883228,0.2246129513184485,424862,2002-10-16,1.1871731363975355,-1.182668426364362,-1.0399656435679565,0.634693076375473,-0.4794758203104481,-0.3685650058676359,1.0769527444706637,1.557876715265966,1.5645610430146262,1.1375151784459865,0.9427662910728726,1.09389147011028,0.9538505081700628,2015-02-08,0.7660049728541383,0.3141390602858972,-0.1959061549135001,0.2007040570673854,-0.1123041057289486,0.5060581374839519,-0.7499783746666049,-1.1001891206225551,-0.8238649762007128,0.071466952146788,0.0097594654770023,-1.3386995878348875,-1.1987115360533993,0.289069458123455,0.7269800497316508,-0.3959863069924319,0.3173762316651099,-0.1051590617729831,0.2409587031493084,-0.1834403993553725,1,0.4554469135338944,0,0.25991230991230996,1,Medium,1.0979199802200688,Evening,0.6483699744043288,2.242947891020485,-0.3593005162808737
-0.8339793728186935,-0.6510710694162436,512813,1990-01-27,-1.2208859638003056,-1.182668426364362,1.412783515790431,-2.3026716530812315,-0.4794758203104481,-0.7048204641167807,-0.928545848584576,0.0174580778902579,-1.3916242059501849,1.4877892903616097,-0.8427759268681739,-0.9019267788874382,0.9538505081700628,2015-01-20,-1.084248584764553,1.254675168926308,-1.2606135185738274,1.065807751323357,1.279895552067935,0.0166402095497623,-0.923183542026098,-0.8123322078484696,1.1400563019893055,-1.1607218779702453,-1.2101737191482849,-0.4384308670313317,1.2703132549937672,0.4391357992598491,-0.3245703608394821,0.8917774128099334,0.4699444037210127,1.6391855647930893,0.8698591215106656,0.9807325793277928,1,-0.1907071680755718,0,-0.3556998556998556,1,Medium,1.0701549141704565,Evening,1.037151455691464,2.3617958172477223,-0.598015656431615
-1.4945295565965526,-0.103768556457061,356768,2010-03-11,-1.2208859638003056,-1.182668426364362,-1.0399656435679565,-1.0229091472516745,2.1334714293377703,-0.3215271956859666,-0.928545848584576,-1.0094876803602142,1.0718635015204911,-0.088444213258695,0.3475855517591904,-0.9019267788874382,0.9538505081700628,2015-02-06,-1.084248584764553,1.254675168926308,-0.1959061549135001,1.065807751323357,0.3517624468700125,0.0166402095497623,0.6425911709037192,0.4830238996349156,1.1400563019893055,1.3036557822638213,1.2296926501022896,-0.4384308670313317,1.2703132549937672,0.6873515907859555,1.3829179276707588,-0.0641953324861864,0.6198638227898338,-0.1051590617729831,1.6784453736895533,-1.347613378038538,0,-0.6719582717497319,0,0.8305361305361305,1,High,0.9018134667697236,Night,1.9385864179744061,2.8203667869465994,-1.2512348271884506
0.4784295449504741,0.0056919461347754,330506,1995-09-19,1.1871731363975355,0.0609366486770281,-0.2223825904484937,0.6800125349899545,-0.4794758203104481,1.4435558172895422,-0.928545848584576,0.0174580778902579,-0.1598803522148468,-0.9641294930477532,0.9427662910728726,-0.9019267788874382,-2.0329731718542816,2015-01-24,-1.084248584764553,1.254675168926308,-0.1959061549135001,-0.6643996371885862,-0.1123041057289486,-0.9621956463186168,-0.3204295596150621,0.0512385304737872,1.1400563019893055,0.071466952146788,0.0097594654770023,1.3621065745757797,-1.1987115360533993,-0.235025869633194,0.0669425600554231,0.0747421380883038,-0.3649425378071218,1.6391855647930893,1.4089166229632577,1.1470430048539593,0,-0.3456193995266078,0,0.18485403485403487,1,Low,1.5527826411591752,Night,-0.22325783966339494,0.9499328305631485,-0.01176802996979906
-0.1560462894677327,-0.6510710694162436,779075,2010-02-27,-0.0168564137013849,-1.182668426364362,-0.2223825904484937,0.3766262134875839,-0.4794758203104481,-0.4435241029592786,-0.928545848584576,-1.5229605594854505,-0.1598803522148468,1.1375151784459865,1.5379470303865548,0.447763260003105,-0.3847021779910258,2015-01-14,1.6911317516634838,-1.566933156994924,1.9335085724071543,1.065807751323357,-1.040437210926871,-1.4516135742528065,1.0894605026912112,-1.244117577009598,-0.8238649762007128,0.071466952146788,1.2296926501022896,-0.4384308670313317,-1.1987115360533993,-1.820196336738084,-1.3474234892507788,-1.35610643946988,-1.849833462365092,0.1440330277364557,0.5104874538756043,1.3133534303801258,1,-4.832885865795488,0,0.5200466200466201,0,Low,1.0162829367973887,Evening,-4.553363391085751,2.5015795278575395,2.7331670543476676
-0.025674542669471,0.1151524487266119,799501,1991-12-28,1.1871731363975355,0.0609366486770281,1.412783515790431,0.2423888297434232,-0.4794758203104481,-0.410356237399555,-0.928545848584576,1.557876715265966,-0.4062291229619144,0.0866928426991166,-0.8427759268681739,-0.9019267788874382,0.9538505081700628,2015-02-18,1.6911317516634838,-1.566933156994924,-0.1959061549135001,1.065807751323357,0.3517624468700125,0.5060581374839519,0.7811553047913137,0.3390954432478728,-0.8238649762007128,1.3036557822638213,-1.2101737191482849,-1.3386995878348875,1.2703132549937672,-1.740994656693876,-1.2695308662455098,-1.2773060830246463,-1.7793766329087202,1.1408013857742114,-0.2082558813945181,-0.349750824881539,0,-7.182622548713246,0,-0.46315906315906313,0,Low,1.0220465916502721,Night,-4.326213582178877,2.4849105943293894,2.585218925485001
2.016816157169962,2.085441495379669,987905,2002-04-30,1.1871731363975355,0.0609366486770281,1.412783515790431,0.6171143713613569,1.6979802210630677,-0.3559508912416409,1.0769527444706637,1.557876715265966,-0.652577893708982,-0.088444213258695,-0.2475951875544917,0.7995441743947892,-0.028704123160949,2015-01-10,0.7660049728541383,0.3141390602858972,-1.2606135185738274,1.065807751323357,1.279895552067935,0.9954760654181416,-0.9924656089698952,-0.2366183823002983,-0.8238649762007128,-1.1607218779702453,-1.2101737191482849,0.461837853772224,-1.1987115360533993,0.2705006431848608,0.931960636587622,-0.2923016274592302,0.2119558627792604,-0.1051590617729831,1.588602456780788,-1.347613378038538,1,0.43833074938343564,0,-0.2128094128094128,1,Medium,0.7835658973591144,Evening,0.8516148719076522,3.1482798473266898,-0.5811142287227914
-0.1299719401080804,-0.3226895616407341,967756,2007-04-28,1.1871731363975355,0.0609366486770281,1.412783515790431,0.5415955990046752,-0.4794758203104481,-0.5873445448288916,-0.928545848584576,0.530930957015494,1.3182122722675589,-1.489540660921188,0.3475855517591904,-0.9019267788874382,-0.8047798826905165,2015-02-13,-1.084248584764553,1.254675168926308,-1.2606135185738274,1.065807751323357,1.279895552067935,0.9954760654181416,-1.449727250798957,0.7708808124090012,1.1400563019893055,-1.1607218779702453,0.0097594654770023,1.3621065745757797,1.2703132549937672,1.01552697317009,1.1943357877632652,1.2152736129535229,0.8005087765088019,0.6424172067553336,-0.5676275490295793,0.6481117282754599,0,1.8750615772631976,0,0.31305916305916304,1,High,0.7882685634054173,Night,3.2101181772255902,3.1610337302721745,-2.1945912040555005
-0.8600537221783459,-0.6510710694162436,830414,1996-07-08,-1.2208859638003056,1.3045417237184185,-1.0399656435679565,0.2227203486087478,-0.4794758203104481,-0.3415507072880714,-0.928545848584576,-0.4960148012349781,-1.6379729766972524,-1.139266549005565,-0.8427759268681739,-0.9019267788874382,-0.5021815360849512,2015-02-17,0.7660049728541383,-0.6263970483545135,0.8688012087468271,0.2007040570673854,0.8158289994689738,0.5060581374839519,1.4601195608405264,-0.524475295074384,-0.8238649762007128,1.3036557822638213,-1.2101737191482849,-0.4384308670313317,-1.1987115360533993,0.6642353109644402,1.095945106072399,-0.2093538838326688,0.6987966618048668,-1.6003115988296166,0.3308016200580737,0.4818013027492934,0,2.982360313071269,0,-0.1941613941613941,1,High,1.05203020411553,Evening,1.585387884044597,2.3867829232983175,-0.9211525730801567
-0.3559496345584007,-0.8699920745999167,127313,2002-04-01,-0.0168564137013849,-1.182668426364362,-0.2223825904484937,-1.0316780117575506,2.1334714293377703,-0.5700838592178786,1.0769527444706637,0.0174580778902579,1.3182122722675589,-1.3144036049633765,-0.8427759268681739,0.0636759351060621,0.9538505081700628,2015-01-07,-1.084248584764553,0.3141390602858972,0.8688012087468271,-1.5295033314445576,0.3517624468700125,-0.4727777183844272,-1.0859963993440214,0.3390954432478728,1.1400563019893055,1.3036557822638213,1.2296926501022896,-1.3386995878348875,0.0358008594701839,0.4224617613558053,-0.3327695843137209,0.8751878640846211,0.4529923846036901,-0.8527353303012999,-0.3879417152120487,-1.014992526986205,0,-0.40949033131610185,0,0.6354312354312355,1,Medium,1.0722658327325856,Night,0.9954106643745904,2.356209245946387,-0.5729489030187851
0.1307715534884429,0.1151524487266119,786957,2006-10-29,1.1871731363975355,-1.182668426364362,-1.0399656435679565,-0.4978426529605641,-0.4794758203104481,-0.6764666135415353,-0.928545848584576,-1.5229605594854505,-0.4062291229619144,1.662926346319421,-0.8427759268681739,1.564129223021613,0.9538505081700628,2015-01-29,1.6911317516634838,-1.566933156994924,1.9335085724071543,1.065807751323357,0.3517624468700125,0.9954760654181416,-0.0051961550207847,-0.8123322078484696,-0.8238649762007128,-1.1607218779702453,0.0097594654770023,-1.3386995878348875,0.0358008594701839,-1.7569107837840998,-1.3925192183590926,-1.4017276984644886,-1.7380560863102466,-0.603543240791861,-0.9269992166646406,-1.347613378038538,0,3.5290554202046067,0,0.01888666888666888,0,Low,0.9892688300515662,Evening,-4.532303003133828,2.579701613005979,2.7753922193497282
-1.007808368549709,-1.5267550901509357,332892,2007-10-25,-0.0168564137013849,0.0609366486770281,-0.2223825904484937,-0.2557154549922354,-0.4794758203104481,1.5679527552217825,-0.928545848584576,0.0174580778902579,0.5791659600263559,-0.9641294930477532,-1.437956666181856,-0.9019267788874382,0.9538505081700628,2015-02-13,0.7660049728541383,0.3141390602858972,-1.2606135185738274,-1.5295033314445576,0.3517624468700125,0.5060581374839519,-0.8123322349160224,-0.8123322078484696,-0.8238649762007128,1.3036557822638213,0.0097594654770023,0.461837853772224,1.2703132549937672,0.531221963139,-0.0027508394756071,0.0042365560057266,0.7422362107930057,0.6424172067553336,-0.5676275490295793,1.3133534303801258,1,-2.077402949923696,0,0.17692862692862696,1,High,1.3972216231149477,Evening,0.7437219273231253,1.4000184083317244,-0.2124999641841252
-1.4249979583041463,0.0056919461347754,448642,2001-03-28,-0.0168564137013849,1.3045417237184185,-0.2223825904484937,-0.0334206421680375,1.2624890127883643,1.4578443719101384,-0.928545848584576,-1.0094876803602142,-0.8989266644560496,-1.3144036049633765,0.3475855517591904,-0.9019267788874382,-0.2316230144140928,2015-02-01,-0.1591218059552074,-1.566933156994924,-0.1959061549135001,1.065807751323357,0.8158289994689738,0.5060581374839519,-1.1171733294687305,-0.524475295074384,-0.8238649762007128,0.071466952146788,-1.2101737191482849,0.461837853772224,-1.1987115360533993,-1.6674773077533194,-1.2244351371371962,-1.2316848240300378,-1.699914043296271,-0.1051590617729831,-1.7355854688435284,1.3133534303801258,0,49.89512752318134,0,-0.458030858030858,0,Low,1.0194531912640226,Evening,-4.156034004463505,2.492409628334182,2.4885566967101855
0.6957157896142435,0.334073453910285,526039,1995-05-04,1.1871731363975355,-1.182668426364362,-1.0399656435679565,0.3365516831756825,-0.9149670285851512,-0.8795901385532707,1.0769527444706637,-1.5229605594854505,0.8255147307734235,-1.139266549005565,1.5379470303865548,-0.9019267788874382,0.9538505081700628,2015-01-29,0.7660049728541383,1.254675168926308,-1.2606135185738274,-1.5295033314445576,-1.5045037635258325,-1.4516135742528065,-0.8261886483047819,0.19516698686083,-0.8238649762007128,1.3036557822638213,-1.2101737191482849,-0.4384308670313317,-1.1987115360533993,1.5688018672588158,0.2309270295402001,2.01571933894984,1.6184436989196138,0.1440330277364557,0.5104874538756043,-1.5139238035647045,0,4.661385707746362,1,-0.2925296925296925,1,High,1.0316424916710767,Night,3.8650900674096538,2.463719405461798,-2.296288200150838
-1.2598604123596815,0.1151524487266119,444422,2011-09-28,-1.2208859638003056,0.0609366486770281,1.412783515790431,-1.942984304330852,-0.4794758203104481,-0.7254997980501042,1.0769527444706637,-1.0094876803602142,-1.1452754352031171,1.662926346319421,-0.2475951875544917,1.4025971704948192,-0.1960232089310851,2015-02-06,-1.084248584764553,-0.6263970483545135,0.8688012087468271,-1.5295033314445576,-0.5763706583279098,1.484893993352331,0.299644939531923,-1.6759029461707264,1.1400563019893055,-1.1607218779702453,-1.2101737191482849,0.461837853772224,0.0358008594701839,-0.0451692107712408,-0.3491680312621986,0.8420087666339966,-0.1880058382700679,-0.1051590617729831,1.588602456780788,0.8144221538016264,0,0.02324734889412584,0,-0.3584970584970585,1,Medium,4.162348586758139,Evening,0.3048348971017301,-6.748881390179452,-0.3500041078729709
-1.4336894080906972,-0.8699920745999167,689500,2003-01-28,-1.2208859638003056,0.0609366486770281,1.412783515790431,0.4527596258797245,-0.4794758203104481,-0.5845538115045564,-0.928545848584576,-0.4960148012349781,0.5791659600263559,-0.6138553811321298,-1.437956666181856,-0.9019267788874382,0.3949335620868423,2015-01-28,-1.084248584764553,0.3141390602858972,-1.2606135185738274,-0.6643996371885862,-1.5045037635258325,0.0166402095497623,-1.2141682231900464,0.3390954432478728,1.1400563019893055,-1.1607218779702453,0.0097594654770023,-1.3386995878348875,0.0358008594701839,-0.0023472497904011,0.6367885915150233,0.6512289562929054,-0.3342170031569747,-0.1051590617729831,1.6784453736895533,1.4796638559062922,1,-0.005184306355793061,0,0.24965589965589968,1,Medium,142.4473236073637,Night,0.9538005446509541,-406.52131267229584,-0.9561477944413552
-0.4950128311432131,-0.5416105668244071,806081,2011-02-01,-1.2208859638003056,1.3045417237184185,-0.2223825904484937,0.0795092203468911,-0.4794758203104481,-0.3984816671045089,1.0769527444706637,-0.4960148012349781,-0.8989266644560496,1.312652234403798,1.5379470303865548,-0.9019267788874382,-0.765620096659208,2015-01-21,0.7660049728541383,1.254675168926308,-0.1959061549135001,-0.6643996371885862,-1.040437210926871,-0.9621956463186168,0.822724544957592,0.19516698686083,-0.8238649762007128,1.3036557822638213,1.2296926501022896,0.461837853772224,-1.1987115360533993,1.8283863209922249,1.66169152579488,1.6880757516249223,1.6952575355449817,1.3899934752836502,0.420644536966839,-1.1813029525123715,0,22.995613809334838,1,0.8622377622377623,1,High,0.9271873175236216,Night,5.045024812964784,2.7592757590481223,-3.2166384919725592
-0.4167897830642561,-0.2132290590488975,384618,1993-02-09,-0.0168564137013849,0.0609366486770281,-1.0399656435679565,-0.6792024394232185,-0.4794758203104481,1.4946680981247409,1.0769527444706637,-0.4960148012349781,0.0864684185322207,1.662926346319421,0.9427662910728726,-0.9019267788874382,-0.890219415849735,2015-01-16,-1.084248584764553,0.3141390602858972,-0.1959061549135001,1.065807751323357,-1.5045037635258325,-0.9621956463186168,0.5352039671408335,0.6269523560219584,2.1220169410843157,-1.1607218779702453,0.0097594654770023,0.461837853772224,1.2703132549937672,0.0241796286933048,-0.4291104601360275,-0.4270917108523924,0.2538061599751504,0.8916092962647725,-0.8371562997558752,0.8144221538016264,1,-0.03560008458438821,0,0.12844377844377844,1,Medium,10.496259762072478,Night,-0.6023960110132696,-24.91233865974968,0.6265756397065744
-0.7036076260204318,-0.8699920745999167,756459,2005-08-05,-0.0168564137013849,0.0609366486770281,-1.0399656435679565,0.2851677762113428,-0.4794758203104481,-0.874455189236494,-0.928545848584576,-1.5229605594854505,1.5645610430146262,-1.489540660921188,1.5379470303865548,-0.9019267788874382,-0.9898988712021564,2015-02-17,0.7660049728541383,1.254675168926308,0.8688012087468271,-0.6643996371885862,0.3517624468700125,0.5060581374839519,-1.3042349102169826,0.19516698686083,-0.8238649762007128,-1.1607218779702453,0.0097594654770023,0.461837853772224,0.0358008594701839,0.7335841504289861,0.9401598600618608,0.9581356077111824,0.5377524801903028,1.3899934752836502,0.420644536966839,0.6481117282754599,0,2.5724560738210553,0,0.28415473415473413,1,High,0.7330471178101625,Night,2.436047947963346,3.320743265507478,-1.7024637975343597
0.2350689509270523,0.4435339565021215,655787,2006-06-17,-1.2208859638003056,0.0609366486770281,1.412783515790431,-1.1634568353598769,-0.4794758203104481,-0.8265243443910374,1.0769527444706637,-1.0094876803602142,-1.1452754352031171,-0.4387183251743182,1.5379470303865548,-0.9019267788874382,-1.1144981903926834,2015-02-01,-1.084248584764553,-0.6263970483545135,-0.1959061549135001,1.065807751323357,-0.1123041057289486,-0.4727777183844272,0.2615398027128345,0.4830238996349156,1.1400563019893055,1.3036557822638213,1.2296926501022896,0.461837853772224,1.2703132549937672,0.9223039430702088,0.0566935307126245,1.6631914285369542,0.8497755820685206,-1.3511195093201778,-1.376213801208467,0.8144221538016264,0,-0.7927279360672288,0,0.6797202797202797,1,High,0.9213607586659469,Night,2.569660541318099,2.786128991962356,-1.6473565982478902
0.3741321475118647,0.0056919461347754,419954,1993-12-07,-1.2208859638003056,-1.182668426364362,-1.0399656435679565,-1.844314090638563,-0.4794758203104481,1.4087972337349477,-0.928545848584576,-1.0094876803602142,0.5791659600263559,1.312652234403798,1.5379470303865548,-0.9019267788874382,0.9538505081700628,2015-02-25,-0.1591218059552074,-1.566933156994924,1.9335085724071543,1.065807751323357,0.3517624468700125,0.0166402095497623,-0.2719321127544041,-1.244117577009598,-0.8238649762007128,-1.1607218779702453,1.2296926501022896,1.3621065745757797,-1.1987115360533993,-1.8743869599262264,-1.4007184418333314,-1.5344440882669867,-1.866255730884998,0.3932251172458947,0.9597020384194308,-0.349750824881539,0,1.0163062711208382,0,0.513986013986014,0,Low,0.9956624573513406,Evening,-4.801418260985317,2.5615952976804706,2.9270313010590905
-0.0865146911753265,-0.4321500642325706,275092,2012-03-14,-1.2208859638003056,1.3045417237184185,-1.0399656435679565,0.6549352215432436,-0.4794758203104481,-0.8310174250432171,-0.928545848584576,0.530930957015494,-1.6379729766972524,1.662926346319421,-0.8427759268681739,-0.9019267788874382,0.9538505081700628,2015-02-26,-0.1591218059552074,-1.566933156994924,-0.1959061549135001,1.065807751323357,1.279895552067935,0.0166402095497623,0.9508963688036168,-0.6684037514614268,-0.8238649762007128,1.3036557822638213,0.0097594654770023,-1.3386995878348875,-1.1987115360533993,-1.7743427325019636,-1.3023277601424652,-1.422464634371129,-1.7804361341035528,1.6391855647930893,0.8698591215106656,-0.349750824881539,0,-2.7091840001168856,0,0.029143079143079145,0,Low,1.0034347394811007,Evening,-4.505228528617147,2.539098554743688,2.7308857961151833
-0.738373425166635,-1.3078340849672627,515698,1997-08-05,-0.0168564137013849,0.0609366486770281,1.412783515790431,-0.650560213770847,-0.4794758203104481,1.585101811499822,1.0769527444706637,-0.4960148012349781,-0.4062291229619144,0.0866928426991166,-0.2475951875544917,0.0708551374405863,0.9538505081700628,2015-02-06,-1.084248584764553,0.3141390602858972,-1.2606135185738274,0.2007040570673854,-0.1123041057289486,0.0166402095497623,-1.7233914152269558,0.6269523560219584,0.1580956628942965,0.071466952146788,0.0097594654770023,-1.3386995878348875,-1.1987115360533993,0.4152616086245137,-0.0724442390066373,2.870081098303422,-0.1339712773336023,-1.6003115988296166,1.2292307891457268,0.1491804516969604,0,-0.6383148525674182,0,0.16900321900321905,1,Medium,-0.322618204844783,Night,2.663665581963183,6.414412293912325,-2.2484039733386694
0.4784295449504741,0.4435339565021215,132871,2009-07-05,-1.2208859638003056,-1.182668426364362,-1.0399656435679565,-1.264749513203456,-0.4794758203104481,-0.5964423354662243,-0.928545848584576,1.0444038361407302,0.3328171892792883,-1.6646777168789997,-0.8427759268681739,-0.9019267788874382,-0.4452218473121389,2015-02-03,1.6911317516634838,-1.566933156994924,1.9335085724071543,1.065807751323357,0.3517624468700125,0.9954760654181416,-1.3319477369945016,0.4830238996349156,-0.8238649762007128,0.071466952146788,0.0097594654770023,1.3621065745757797,0.0358008594701839,-1.7084044916996086,-1.261331642771271,-1.4017276984644886,-1.7041520480756014,-1.3511195093201778,-1.2863708842997017,0.4818013027492934,0,1.350785926106705,0,0.03380508380508379,0,Low,0.9975114522742061,Night,-4.367211389311361,2.5563114396158437,2.6588068976117523
-0.8426708226052443,-0.8699920745999167,714929,1994-11-25,-1.2208859638003056,-1.182668426364362,1.412783515790431,-0.9739018484244408,1.6979802210630677,-0.4404961573023749,1.0769527444706637,-1.5229605594854505,0.5791659600263559,0.2618298986569282,0.3475855517591904,-0.1840065454350216,-1.9902534052746723,2015-01-27,-1.084248584764553,1.254675168926308,0.8688012087468271,1.065807751323357,-1.040437210926871,0.9954760654181416,1.1067810194271606,1.3465946379571725,1.1400563019893055,1.3036557822638213,0.0097594654770023,0.461837853772224,-1.1987115360533993,1.552506784761682,1.432113268516192,2.9509551483393195,1.0463130537099783,0.8916092962647725,-1.016842133573406,-0.6823716759338719,0,-1.5941117489252623,1,0.34009879009879007,1,High,0.6739502783688732,Night,5.42938147056549,3.4971685964195847,-3.876874685803808
-1.3554663600117405,0.5529944590939581,297816,1997-02-03,-1.2208859638003056,-1.182668426364362,1.412783515790431,0.591422417879187,-0.4794758203104481,1.5335569669993516,1.0769527444706637,-1.0094876803602142,-0.8989266644560496,-1.6646777168789997,-0.2475951875544917,0.3185376179816701,-1.025498676685164,2015-01-21,-1.084248584764553,0.3141390602858972,-1.2606135185738274,1.065807751323357,-1.5045037635258325,-1.4516135742528065,1.037498952483363,1.634451550731258,1.1400563019893055,1.3036557822638213,-1.2101737191482849,0.461837853772224,-1.1987115360533993,1.3088384581184966,2.0552542525583446,2.086224921032417,0.7655452370793242,1.1408013857742114,1.4987595398720228,1.3133534303801258,0,2.213031169465561,1,-0.08507048507048504,1,High,0.5849038492313051,Night,4.907024410670086,3.749141562192898,-3.5981859525515896
0.5479611432428804,0.1151524487266119,426708,2009-10-09,-1.2208859638003056,0.0609366486770281,-1.0399656435679565,-0.4133501360861874,1.6979802210630677,-0.5031202131004562,1.0769527444706637,0.0174580778902579,-0.4062291229619144,0.7872410665303631,1.5379470303865548,-0.9019267788874382,-0.2992626448318074,2015-01-24,-0.1591218059552074,-1.566933156994924,1.9335085724071543,1.065807751323357,-1.040437210926871,-0.9621956463186168,-1.2314887399259955,-0.9562606642355124,-0.8238649762007128,-1.1607218779702453,-1.2101737191482849,0.461837853772224,0.0358008594701839,-1.784574528488536,-1.2654312545083903,-1.4038013920551526,-1.8090426663640349,0.6424172067553336,-0.477784632120814,-1.347613378038538,0,4.317353957445877,0,-0.46269286269286264,0,Low,1.0137114764311355,Evening,-4.478275312927578,2.509437264106737,2.6937007844390424
0.7130986891873451,0.8813759668694676,615047,2002-11-20,-0.0168564137013849,0.0609366486770281,-1.0399656435679565,0.534834558614631,-0.4794758203104481,-0.6151402487392699,1.0769527444706637,-0.4960148012349781,1.3182122722675589,0.6121040105725515,-1.437956666181856,1.0400474526013488,-1.8086943973113327,2015-01-17,-1.084248584764553,0.3141390602858972,-0.1959061549135001,0.2007040570673854,-1.040437210926871,1.484893993352331,0.9993938156642748,0.4830238996349156,1.1400563019893055,1.3036557822638213,-1.2101737191482849,-1.3386995878348875,0.0358008594701839,0.4940843332618116,1.1738377290776685,-0.1699537056100522,0.4307428595122043,-1.6003115988296166,1.2292307891457268,-0.6823716759338719,0,0.9238060658151149,0,-0.18530358530358526,1,High,0.8717985143751623,Night,1.4346268829798206,2.9036014356241253,-0.9405425497180089
-0.2516522371197913,-0.5416105668244071,771236,1995-05-29,1.1871731363975355,-1.182668426364362,-1.0399656435679565,-1.3977576168767,-0.4794758203104481,1.488556392144447,-0.928545848584576,0.0174580778902579,0.5791659600263559,-1.6646777168789997,1.5379470303865548,2.0559045829365186,-1.0788983849096756,2015-02-23,0.7660049728541383,-0.6263970483545135,-1.2606135185738274,0.2007040570673854,-1.040437210926871,-1.4516135742528065,-0.299644939531923,0.3390954432478728,-0.8238649762007128,-1.1607218779702453,1.2296926501022896,-0.4384308670313317,1.2703132549937672,-0.6079179900327187,-0.6873859995745513,-0.6883771032760608,-0.4963206859663714,0.8916092962647725,-1.1965279673909366,0.6481117282754599,1,0.43492406524328747,0,0.5951048951048952,0,Low,0.816428384308948,Night,-1.8720837888169835,3.0795056224966273,1.2641657987842647
-0.8079050234590411,-1.0889130797835898,235869,2011-01-22,-1.2208859638003056,0.0609366486770281,-1.0399656435679565,-0.0690697642246371,0.3915065962389581,-0.5090086604148034,-0.928545848584576,1.557876715265966,0.3328171892792883,-1.139266549005565,0.3475855517591904,-0.9019267788874382,0.9538505081700628,2015-01-09,0.7660049728541383,1.254675168926308,-1.2606135185738274,-0.6643996371885862,0.3517624468700125,0.9954760654181416,-1.5882913846865512,-1.5319744897836836,-0.8238649762007128,-1.1607218779702453,0.0097594654770023,-0.4384308670313317,1.2703132549937672,0.0014423042786996,-0.539799977038252,0.4563017587704862,0.0249539018912963,1.3899934752836502,0.420644536966839,-1.5139238035647045,1,-0.020882149766118508,0,0.11585636585636586,1,Medium,17.289425562972397,Evening,-0.05854431637646952,-40.56269855253063,0.05998662065516912
-0.46024703199701,-0.2132290590488975,931625,2012-10-18,-0.0168564137013849,0.0609366486770281,-1.0399656435679565,0.450792777766257,-0.4794758203104481,-0.3490717335971547,-0.928545848584576,-1.5229605594854505,-1.1452754352031171,1.1375151784459865,0.9427662910728726,0.6774977347078784,0.9538505081700628,2015-02-15,-1.084248584764553,0.3141390602858972,0.8688012087468271,-0.6643996371885862,0.3517624468700125,-1.4516135742528065,0.37239110982291,0.3390954432478728,1.1400563019893055,0.071466952146788,0.0097594654770023,0.461837853772224,1.2703132549937672,0.2401842106320539,-0.3122715256281238,-0.3088911761845425,0.4953724323969964,1.6391855647930893,0.6003303707843697,-1.1813029525123715,1,0.5328028523867356,0,0.14173049173049174,1,Medium,2.062460178515615,Night,-0.1257902694156699,-0.5237219605847062,0.3659744800477238
-0.4167897830642561,-0.2132290590488975,371635,1991-10-13,1.1871731363975355,1.3045417237184185,-0.2223825904484937,-0.6962894324089681,2.1334714293377703,-0.7857517305225006,1.0769527444706637,-1.5229605594854505,0.8255147307734235,-1.3144036049633765,0.9427662910728726,-0.9019267788874382,-0.9614190268157504,2015-01-16,-1.084248584764553,0.3141390602858972,0.8688012087468271,0.2007040570673854,-1.040437210926871,0.5060581374839519,0.947432265456427,0.7708808124090012,1.1400563019893055,-1.1607218779702453,0.0097594654770023,-0.4384308670313317,1.2703132549937672,0.9351884269051518,1.3624198689851617,-0.0745638004395066,0.9742669724613578,-0.8527353303012999,0.1511157862405431,-1.014992526986205,0,-1.3431049309115404,0,0.33217338217338216,1,High,1.0417857007702989,Night,2.262123041007013,2.4188928744555196,-1.326934614101861
-0.3385667349852991,-0.3226895616407341,427199,2010-10-01,-1.2208859638003056,0.0609366486770281,1.412783515790431,-0.0349777302578664,-0.4794758203104481,-0.5145901270634737,1.0769527444706637,1.0444038361407302,-1.3916242059501849,1.662926346319421,-1.437956666181856,-0.9019267788874382,-0.459461769505342,2015-01-14,-1.084248584764553,1.254675168926308,0.8688012087468271,-0.6643996371885862,-1.040437210926871,0.0166402095497623,-1.5016888010068048,1.2026661815701296,1.1400563019893055,0.071466952146788,1.2296926501022896,0.461837853772224,0.0358008594701839,-0.2676160346274614,-0.5869455120151253,-0.5867661173335231,-0.0725202080333082,-0.1051590617729831,-1.7355854688435284,0.4818013027492934,0,7.651259355990646,0,0.6065268065268066,0,Low,0.27098704724964845,Night,-1.2462318373819568,4.656808011989301,0.9786158027544953
0.4262808462311694,0.2246129513184485,261315,2013-04-10,1.1871731363975355,-1.182668426364362,1.412783515790431,0.2308745730791654,-0.4794758203104481,-0.4152818817170066,-0.928545848584576,1.557876715265966,-0.8989266644560496,1.312652234403798,-0.2475951875544917,2.0164189700966357,0.9538505081700628,2015-01-01,-1.084248584764553,0.3141390602858972,-1.2606135185738274,0.2007040570673854,0.3517624468700125,1.484893993352331,-0.5282757604464539,-0.2366183823002983,1.1400563019893055,0.071466952146788,1.2296926501022896,0.461837853772224,1.2703132549937672,1.06024371118548,-0.0191492864240848,1.5097381028278156,1.1014071158412768,-0.603543240791861,-0.9269992166646406,1.4796638559062922,1,4.592273219055231,0,0.671095571095571,1,High,1.0388234944457042,Evening,2.5919959322450077,2.4447147954615565,-1.5317522210595276
-1.6857414519006697,-1.4172945875590992,582973,2008-06-11,-0.0168564137013849,-1.182668426364362,1.412783515790431,-2.0109634922525745,-0.4794758203104481,-0.488706075480265,1.0769527444706637,0.530930957015494,-0.8989266644560496,-1.6646777168789997,-0.8427759268681739,-0.9019267788874382,0.1635348264472924,2015-02-16,-1.084248584764553,-0.6263970483545135,-1.2606135185738274,-1.5295033314445576,0.3517624468700125,0.5060581374839519,0.4797783135857957,-1.244117577009598,1.1400563019893055,-1.1607218779702453,-1.2101737191482849,1.3621065745757797,-1.1987115360533993,-0.8114170435434349,-0.939512121407396,-0.3524387415884872,-0.8014570300781769,0.8916092962647725,-1.1965279673909366,-0.6823716759338719,1,0.40349685619174736,0,-0.42562992562992563,0,Low,0.987726378416469,Evening,-2.09340789307406,2.5799439260927066,1.2819908495306251
-0.3994068834911545,-0.6510710694162436,278091,2013-12-04,1.1871731363975355,-1.182668426364362,1.412783515790431,0.290945392544654,-0.4794758203104481,-0.8411896480104187,-0.928545848584576,-1.5229605594854505,0.5791659600263559,-0.2635812692165066,-0.2475951875544917,-0.9019267788874382,-0.4203019834740335,2015-01-04,0.7660049728541383,1.254675168926308,0.8688012087468271,0.2007040570673854,0.3517624468700125,-0.4727777183844272,0.846973268387921,-1.6759029461707264,-0.8238649762007128,-1.1607218779702453,-1.2101737191482849,-1.3386995878348875,-1.1987115360533993,-0.6730983200212535,-0.8062747399510146,-0.0828585748021627,-0.711399428517401,-0.8527353303012999,0.1511157862405431,1.1470430048539593,0,-2.313478830702283,0,-0.41047841047841044,0,Low,1.0569042653370513,Evening,-1.6005327432705783,2.37786230261627,0.9274344232493248
2.016816157169962,2.1949019979715056,153154,2010-08-21,1.1871731363975355,1.3045417237184185,-0.2223825904484937,0.3365926591780464,-0.4794758203104481,-0.988400830869099,1.0769527444706637,1.557876715265966,-1.1452754352031171,0.4369669546147398,0.3475855517591904,0.4980176763447742,0.9538505081700628,2015-01-12,-1.084248584764553,1.254675168926308,0.8688012087468271,1.065807751323357,1.279895552067935,-0.4727777183844272,0.1610808056443285,-0.2366183823002983,1.1400563019893055,-1.1607218779702453,1.2296926501022896,0.461837853772224,0.0358008594701839,0.5774545227820306,1.2640291872942957,-0.1243324466154434,0.512324451514319,-0.603543240791861,-0.7473133828471099,1.4796638559062922,0,1.7155834848230969,0,0.817016317016317,1,High,0.8872102375020556,Evening,1.6520211921931713,2.8608630916441196,-1.0745666694111407
-0.9817340191900568,-0.9794525771917532,515217,2010-06-18,-1.2208859638003056,0.0609366486770281,1.412783515790431,0.246773261996362,3.004453845887177,1.562301520240004,-0.928545848584576,1.0444038361407302,0.8255147307734235,1.662926346319421,0.9427662910728726,0.6739081335406163,0.9538505081700628,2015-01-08,-1.084248584764553,1.254675168926308,-0.1959061549135001,0.2007040570673854,0.3517624468700125,0.0166402095497623,-1.054819469219313,0.19516698686083,1.1400563019893055,1.3036557822638213,1.2296926501022896,-1.3386995878348875,-1.1987115360533993,1.2027309441836729,1.1410408351807126,1.1613575795962578,1.0897526026981177,-0.1051590617729831,1.6784453736895533,0.6481117282754599,0,4.873810317387977,1,0.803030303030303,1,High,0.9060644044319973,Night,3.392151017475088,2.8203715997394867,-2.1894200732914153
0.4523551955908217,0.334073453910285,860497,1992-04-10,-1.2208859638003056,1.3045417237184185,-0.2223825904484937,0.1230667108597251,-0.4794758203104481,-0.5672233575604351,-0.928545848584576,0.530930957015494,-0.4062291229619144,0.6121040105725515,1.5379470303865548,-0.9019267788874382,-0.4523418084087404,2015-01-22,0.7660049728541383,0.3141390602858972,-0.1959061549135001,1.065807751323357,1.279895552067935,0.0166402095497623,-1.2834502901338436,0.3390954432478728,-0.8238649762007128,0.071466952146788,1.2296926501022896,-0.4384308670313317,-1.1987115360533993,0.8616710779645951,0.0238966368156691,1.596833233635705,0.7904435151578917,1.6391855647930893,1.4089166229632577,-1.1813029525123715,0,7.001601573192046,0,0.675990675990676,1,High,0.9173368098744055,Night,2.4111733856092656,2.79824941212536,-1.5495023076446706
0.6088012917487358,0.771915464277631,351741,1997-02-03,1.1871731363975355,1.3045417237184185,-0.2223825904484937,0.4743949551278676,-0.4794758203104481,-0.8551572682987163,1.0769527444706637,-0.4960148012349781,0.0864684185322207,0.6121040105725515,-0.8427759268681739,-0.9019267788874382,0.9538505081700628,2015-01-13,-1.084248584764553,1.254675168926308,0.8688012087468271,0.2007040570673854,1.279895552067935,0.9954760654181416,0.0017320516735949,1.4905230943442151,1.1400563019893055,0.071466952146788,0.0097594654770023,1.3621065745757797,-1.1987115360533993,1.4338937423988252,1.5715000675782524,1.596833233635705,1.19040521620722,-0.1051590617729831,1.588602456780788,0.6481117282754599,0,3.022567386798938,1,0.35594960594960595,1,High,0.8301900976467347,Night,4.358738517421178,3.039789733888872,-2.9248447750223523
0.6174927415352865,0.6624549616857945,403737,1991-12-06,-0.0168564137013849,1.3045417237184185,1.412783515790431,0.7841325569966436,-0.4794758203104481,1.4587374065739256,-0.928545848584576,-1.5229605594854505,-1.6379729766972524,0.7872410665303631,1.5379470303865548,0.5123760810138226,-1.320977062194128,2015-01-18,-1.084248584764553,1.254675168926308,0.8688012087468271,-1.5295033314445576,0.8158289994689738,0.0166402095497623,-0.8885425085541994,-0.524475295074384,1.1400563019893055,1.3036557822638213,0.0097594654770023,-0.4384308670313317,-1.1987115360533993,0.4379989330391188,-0.425010848398908,0.688555440924858,0.5462284897489641,-1.6003115988296166,0.3308016200580737,-1.1813029525123715,0,0.5585769530342821,0,0.12890997890997893,1,Medium,1.2470971992139077,Evening,0.8097730822749141,1.8487972741370062,-0.37177414923579527
-1.763964499979627,-0.6510710694162436,162004,1995-09-19,-1.2208859638003056,0.0609366486770281,-1.0399656435679565,-1.4468058917062967,-0.4794758203104481,-0.6981087504717546,-0.928545848584576,-0.4960148012349781,-0.4062291229619144,0.2618298986569282,-0.8427759268681739,-0.9019267788874382,0.9538505081700628,2015-01-19,-1.084248584764553,0.3141390602858972,-0.1959061549135001,1.065807751323357,-1.040437210926871,0.0166402095497623,0.0121243617151645,-1.5319744897836836,1.1400563019893055,-1.1607218779702453,0.0097594654770023,-1.3386995878348875,-1.1987115360533993,-0.7981536043015819,-0.2241298732800561,-0.8770832200264879,-0.833771816520573,-0.603543240791861,-0.1184129644857528,0.1491804516969604,0,0.551666371102931,0,0.1517538017538018,0,Low,1.044627070095398,Evening,-1.934984909827117,2.424329507162747,1.136831305525535
-1.0338827179093617,-0.9794525771917532,740384,1993-10-29,-0.0168564137013849,1.3045417237184185,-0.2223825904484937,0.8113815985686424,-0.4794758203104481,-0.5808421361831907,1.0769527444706637,-1.5229605594854505,-1.1452754352031171,-0.4387183251743182,-0.2475951875544917,0.9503074234197968,-1.6769751170242049,2015-01-31,0.7660049728541383,1.254675168926308,-1.2606135185738274,0.2007040570673854,-1.040437210926871,1.484893993352331,0.1125833587836704,1.0587377251830867,-0.8238649762007128,1.3036557822638213,-1.2101737191482849,-0.4384308670313317,1.2703132549937672,0.8154385183215646,1.0139528713300106,1.0327885769750875,0.6140365662182542,-0.8527353303012999,-0.3879417152120487,0.1491804516969604,1,1.0049987758673615,0,-0.20348540348540345,1,High,0.7530130100662007,Night,2.660778014523352,3.2629986096333474,-1.8453394962017873
0.2524518505001538,-0.2132290590488975,876714,1991-11-03,-1.2208859638003056,-1.182668426364362,1.412783515790431,1.4219240337908632,-0.4794758203104481,1.6105672530843806,-0.928545848584576,-0.4960148012349781,-0.8989266644560496,0.0866928426991166,1.5379470303865548,1.309267540146005,-0.121263617416769,2015-02-06,0.7660049728541383,-0.6263970483545135,0.8688012087468271,-0.6643996371885862,-1.040437210926871,-0.9621956463186168,-0.8400450616935413,0.7708808124090012,-0.8238649762007128,1.3036557822638213,-1.2101737191482849,0.461837853772224,1.2703132549937672,1.0519066922334583,1.2271326816602206,-0.1429956889314197,1.1898754656098038,-0.603543240791861,-0.7473133828471099,-0.017129973829206,0,0.7397764771248643,0,-0.17924297924297916,1,High,1.1311595821525045,Night,2.2740124583386048,2.1617984877649463,-1.2221057661051464
-0.538470080075967,-0.9794525771917532,951543,2002-07-09,-0.0168564137013849,0.0609366486770281,1.412783515790431,1.4758484529017648,-0.4794758203104481,-0.7428302519942257,1.0769527444706637,0.0174580778902579,-1.6379729766972524,-0.6138553811321298,-1.437956666181856,1.1979899039608806,-0.7122203884346965,2015-02-04,-1.084248584764553,0.3141390602858972,-1.2606135185738274,0.2007040570673854,0.3517624468700125,-0.4727777183844272,1.3492682537304508,0.19516698686083,1.1400563019893055,1.3036557822638213,-1.2101737191482849,1.3621065745757797,1.2703132549937672,0.4107141437415926,-0.2200302615429367,1.1032941590576648,0.3491612675100897,0.3932251172458947,0.9597020384194308,0.8144221538016264,0,0.2782899996568488,0,-0.34381174381174373,1,Medium,0.8501300057486305,Night,1.232425165024818,3.0006810895685314,-0.8217110212832253
0.5392696934563296,0.5529944590939581,576723,1999-12-07,-1.2208859638003056,0.0609366486770281,-1.0399656435679565,1.4563848517789089,-0.4794758203104481,-0.5726373802096453,1.0769527444706637,-0.4960148012349781,0.5791659600263559,-0.9641294930477532,-1.437956666181856,-0.9019267788874382,0.9538505081700628,2015-01-02,0.7660049728541383,-0.6263970483545135,0.8688012087468271,1.065807751323357,1.279895552067935,0.9954760654181416,0.1402961855611893,-1.1001891206225551,-0.8238649762007128,-1.1607218779702453,0.0097594654770023,0.461837853772224,1.2703132549937672,-0.7564685095414725,-0.8513704690593283,-0.8542725905291836,-0.6192228245669598,-0.1051590617729831,-1.7355854688435284,1.1470430048539593,0,-0.5194148986118485,0,0.08042513042513043,0,Low,0.8185716065218682,Evening,-2.3248658841554715,3.073318886576732,1.568397374613999
1.2693514755265949,1.209757474644977,391003,2005-07-01,1.1871731363975355,1.3045417237184185,-1.0399656435679565,-1.5049508390606814,-0.4794758203104481,-0.5830607691760371,-0.928545848584576,1.0444038361407302,1.3182122722675589,0.4369669546147398,-0.2475951875544917,-0.9019267788874382,0.9538505081700628,2015-02-26,-1.084248584764553,0.3141390602858972,0.8688012087468271,1.065807751323357,-0.1123041057289486,0.0166402095497623,-0.5594526905711625,0.3390954432478728,1.1400563019893055,0.071466952146788,-1.2101737191482849,0.461837853772224,0.0358008594701839,-0.3248383010708844,0.489202568978724,-0.516260535250946,-0.4486431321989018,-1.3511195093201778,-1.376213801208467,1.6459742814324587,0,0.21584659677005122,0,-0.2631590631590631,0,Low,1.3811318180512806,Night,-0.47570109847112374,1.4644287983642572,0.15086279740023933
-0.929585320470752,-1.4172945875590992,225865,1991-11-04,-1.2208859638003056,0.0609366486770281,-0.2223825904484937,-0.0177268332626612,-0.4794758203104481,-0.4989620204471967,1.0769527444706637,-1.0094876803602142,0.0864684185322207,-0.088444213258695,-0.8427759268681739,-0.9019267788874382,0.9538505081700628,2015-02-08,-1.084248584764553,0.3141390602858972,-1.2606135185738274,0.2007040570673854,0.8158289994689738,1.484893993352331,0.1021910487421009,-1.1001891206225551,0.1580956628942965,1.3036557822638213,1.2296926501022896,0.461837853772224,0.0358008594701839,-0.0895069933797209,0.5424975215612765,-0.4893025185723135,-0.1403282845025983,0.8916092962647725,-1.016842133573406,-0.8486821014600384,1,5.049522471153106,0,0.734965034965035,0,Medium,1.567808804794429,Evening,-0.08713328151363528,0.9734910280698231,-0.0023737118660856205
1.695232515067583,1.7570599876041595,984948,1993-04-14,-1.2208859638003056,1.3045417237184185,1.412783515790431,-1.0688432459016148,-0.4794758203104481,-0.5099993707449424,1.0769527444706637,0.0174580778902579,-0.652577893708982,-0.088444213258695,-0.8427759268681739,-0.9019267788874382,-1.3743767704186396,2015-02-07,-1.084248584764553,1.254675168926308,0.8688012087468271,1.065807751323357,-1.040437210926871,0.0166402095497623,-1.072139985955262,1.634451550731258,1.1400563019893055,1.3036557822638213,0.0097594654770023,-0.4384308670313317,1.2703132549937672,1.350523552878606,2.100349981666658,0.2987010458800195,1.2688083046248368,1.6391855647930893,0.8698591215106656,0.8144221538016264,0,-1.2635387102793458,1,0.41608946608946606,1,High,0.939492956214981,Night,3.6678593321715147,2.715877563538977,-2.317335779292909
0.8782362351318099,1.1002969720531406,890328,2009-08-23,-1.2208859638003056,-1.182668426364362,1.412783515790431,0.3749871733930282,-0.4794758203104481,-0.9818007465570464,-0.928545848584576,-0.4960148012349781,0.3328171892792883,0.6121040105725515,0.3475855517591904,-0.9019267788874382,-0.5449013026645604,2015-02-17,-1.084248584764553,-0.6263970483545135,0.8688012087468271,-0.6643996371885862,-1.040437210926871,-0.4727777183844272,0.0086602583679746,1.3465946379571725,1.1400563019893055,1.3036557822638213,-1.2101737191482849,0.461837853772224,-1.1987115360533993,0.522505988780068,0.9565583070103386,-0.279859465915246,0.5547044993076253,-0.354351151282422,0.0612728693317778,-0.349750824881539,0,1.3933932477183095,0,-0.21001221001220993,1,High,1.0616212054937886,Night,1.2314033404027178,2.356721281906214,-0.7088973516226498
0.6261841913218373,0.8813759668694676,803294,1993-06-18,-0.0168564137013849,-1.182668426364362,-0.2223825904484937,1.9163814543161335,-0.4794758203104481,1.5976601114593303,1.0769527444706637,1.557876715265966,-0.1598803522148468,0.2618298986569282,0.3475855517591904,-0.9019267788874382,0.9538505081700628,2015-01-12,-1.084248584764553,0.3141390602858972,-0.1959061549135001,1.065807751323357,-1.040437210926871,-1.4516135742528065,1.2799861867866535,1.634451550731258,1.1400563019893055,1.3036557822638213,-1.2101737191482849,-1.3386995878348875,-1.1987115360533993,0.4933264224479914,-0.2979228845482058,0.9456934461671984,0.5250384658523108,0.1440330277364557,1.319073706054492,1.4796638559062922,0,0.25742587098775976,0,-0.35266955266955263,1,Medium,1.0642799122071156,Night,1.1728090274713034,2.3773440804315835,-0.679482605023312
0.4610466453773725,0.1151524487266119,414913,2012-07-17,-0.0168564137013849,0.0609366486770281,-1.0399656435679565,0.5061513569598959,-0.4794758203104481,1.4932308704627084,1.0769527444706637,0.530930957015494,-1.3916242059501849,-1.6646777168789997,-1.437956666181856,-0.9019267788874382,0.9538505081700628,2015-02-01,-1.084248584764553,1.254675168926308,-1.2606135185738274,0.2007040570673854,-1.040437210926871,-0.9621956463186168,-0.8192604416104021,-0.8123322078484696,1.1400563019893055,-1.1607218779702453,-1.2101737191482849,0.461837853772224,1.2703132549937672,-0.0360742810053988,0.4072103342363354,-0.5577344070642266,-0.0131881411226793,-1.3511195093201778,-1.376213801208467,-0.5160612504077055,1,-0.07127158554011649,0,-0.27248307248307246,0,Medium,0.365593058216843,Evening,-0.1637122139505705,4.538323362548281,0.1276379329451717
-1.0947228664152169,-0.8699920745999167,414519,1999-01-25,-0.0168564137013849,0.0609366486770281,-0.2223825904484937,1.222043094259723,1.2624890127883643,-0.6094890137574912,1.0769527444706637,1.557876715265966,-1.1452754352031171,0.4369669546147398,0.3475855517591904,-0.9019267788874382,-0.0393840648058513,2015-02-03,0.7660049728541383,-0.6263970483545135,-1.2606135185738274,0.2007040570673854,1.279895552067935,1.484893993352331,-0.1853295290746575,1.3465946379571725,-0.8238649762007128,0.071466952146788,0.0097594654770023,-1.3386995878348875,0.0358008594701839,0.1098235506549843,-0.4865050244556994,0.564133825485016,0.1351420261538927,0.8916092962647725,-1.016842133573406,0.6481117282754599,1,0.08986872991805755,0,0.12191697191697193,1,Medium,1.2305265566571149,Night,0.21277082718320933,1.937370341278541,-0.10294727652822504
-0.6514589273011271,-1.1983735823754262,818413,1990-02-23,1.1871731363975355,1.3045417237184185,-0.2223825904484937,0.4979971324894782,-0.4794758203104481,-0.8187242447495207,1.0769527444706637,1.0444038361407302,0.8255147307734235,-1.6646777168789997,-0.8427759268681739,-0.9019267788874382,0.9538505081700628,2015-02-21,0.7660049728541383,1.254675168926308,-1.2606135185738274,-0.6643996371885862,-1.040437210926871,1.484893993352331,-0.698016824458757,1.634451550731258,-0.8238649762007128,-1.1607218779702453,1.2296926501022896,1.3621065745757797,-1.1987115360533993,-0.3077853077599305,0.5097006276643211,-0.5058920672976258,-0.4327506142764119,-0.603543240791861,-0.9269992166646406,-0.017129973829206,0,-0.6180451043487266,0,0.7312354312354312,0,Low,1.4060190963795145,Night,-0.4289420539097166,1.3936449750527509,0.12115674614978611
0.6870243398276927,0.771915464277631,487356,2000-08-30,-1.2208859638003056,1.3045417237184185,1.412783515790431,0.2332511812162717,-0.4794758203104481,-0.640228941325043,-0.928545848584576,1.557876715265966,-0.4062291229619144,-0.4387183251743182,-1.437956666181856,1.0185098455977764,-1.6662951753793025,2015-01-09,-1.084248584764553,-0.6263970483545135,-1.2606135185738274,-1.5295033314445576,-1.040437210926871,0.9954760654181416,-0.6529834809452888,-1.244117577009598,1.1400563019893055,-1.1607218779702453,0.0097594654770023,1.3621065745757797,0.0358008594701839,0.9435254458571736,-0.0765438507437568,1.3936112617506298,0.9827429820200192,1.6391855647930893,0.6003303707843697,-0.1834403993553725,1,4.045087342537371,0,0.16853701853701855,1,High,1.0415637911740971,Evening,2.2998103930268923,2.4374625672919676,-1.3562849471697187
-1.0338827179093617,-1.5267550901509357,159768,2008-09-03,-0.0168564137013849,0.0609366486770281,-1.0399656435679565,0.0107105123778907,-0.4794758203104481,-0.8606689666142783,-0.928545848584576,0.0174580778902579,-0.652577893708982,-1.6646777168789997,0.9427662910728726,1.5031060031781576,-0.9542990657191488,2015-02-16,-0.1591218059552074,-1.566933156994924,1.9335085724071543,1.065807751323357,0.3517624468700125,0.0166402095497623,0.6945527211115672,-0.524475295074384,-0.8238649762007128,0.071466952146788,1.2296926501022896,0.461837853772224,-1.1987115360533993,-1.7857113947092662,-1.3310250423023011,-1.3395168907445676,-1.8101021675588675,1.6391855647930893,1.4089166229632577,-0.017129973829206,0,-166.70954872769394,0,0.5219114219114219,0,Low,1.0136594225591504,Evening,-4.480644100605736,2.509166163718969,2.69493270589647
-0.8948195213245489,-1.4172945875590992,865839,1991-08-02,-1.2208859638003056,1.3045417237184185,-0.2223825904484937,0.4731656750569505,-0.4794758203104481,-0.5413253523106046,-0.928545848584576,0.530930957015494,1.5645610430146262,-0.4387183251743182,-1.437956666181856,-0.9019267788874382,0.9538505081700628,2015-02-04,-0.1591218059552074,-1.566933156994924,1.9335085724071543,1.065807751323357,0.8158289994689738,-1.4516135742528065,0.971680988886756,-1.1001891206225551,-0.8238649762007128,-1.1607218779702453,1.2296926501022896,0.461837853772224,-1.1987115360533993,-1.8785554694022373,-1.4048180535704509,-1.414169860008473,-1.901749020911892,-0.8527353303012999,0.1511157862405431,-1.680234229090871,0,-3.9701770399957557,0,0.5135198135198136,0,Low,1.0123470210140009,Evening,-4.720736934490816,2.5129624992949875,2.8421814650885784
-0.9382767702573028,-0.9794525771917532,406567,2001-09-25,1.1871731363975355,-1.182668426364362,-1.0399656435679565,0.5853989455316925,2.1334714293377703,-0.7297975273695804,1.0769527444706637,-1.0094876803602142,1.5645610430146262,-1.3144036049633765,1.5379470303865548,0.4944280751775121,-0.7798600188524111,2015-02-24,0.7660049728541383,1.254675168926308,0.8688012087468271,-0.6643996371885862,-1.5045037635258325,-1.4516135742528065,1.515545214395564,1.4905230943442151,-0.8238649762007128,-1.1607218779702453,-1.2101737191482849,-1.3386995878348875,1.2703132549937672,0.0256954503209452,-1.5237067939469142,-0.1492167697034118,0.4678254013313473,0.6424172067553336,-0.5676275490295793,-0.1834403993553725,0,0.0438938379087261,0,-0.49206349206349204,1,Medium,18.2058375957874,Night,-1.2050981623189787,-46.89745654623363,1.230793612639924
-0.7209905255935334,-0.8699920745999167,623032,2007-03-11,-1.2208859638003056,1.3045417237184185,-0.2223825904484937,-0.7966806382005414,2.1334714293377703,-0.8424873390062346,-0.928545848584576,0.0174580778902579,-1.3916242059501849,0.7872410665303631,0.9427662910728726,-0.9019267788874382,0.9538505081700628,2015-02-01,0.7660049728541383,0.3141390602858972,-0.1959061549135001,1.065807751323357,1.279895552067935,-0.4727777183844272,-0.9023989219429588,0.6269523560219584,-0.8238649762007128,0.071466952146788,-1.2101737191482849,-0.4384308670313317,1.2703132549937672,0.4732417858817568,-0.0375975392411222,-0.0310162350355619,0.6791958897004626,-0.1051590617729831,-1.7355854688435284,-0.5160612504077055,0,-0.5940176743448182,0,-0.32306582306582304,1,Medium,1.4351954429373273,Night,0.6105821154237785,1.2902090293592705,-0.1373403295420217
-0.2429607873332405,0.0056919461347754,935442,2010-11-20,1.1871731363975355,0.0609366486770281,-1.0399656435679565,0.4468590815393217,1.2624890127883643,-0.4825246011668626,1.0769527444706637,-1.0094876803602142,-1.3916242059501849,-0.088444213258695,0.9427662910728726,-0.9019267788874382,-1.0610984821681717,2015-02-05,-1.084248584764553,1.254675168926308,-0.1959061549135001,-0.6643996371885862,0.3517624468700125,-0.9621956463186168,0.0814064286589617,0.3390954432478728,1.1400563019893055,0.071466952146788,1.2296926501022896,-0.4384308670313317,0.0358008594701839,-0.3214277024086936,-0.5152023066155355,-0.514186841660282,-0.1848273346855699,0.1440330277364557,1.1393878722369617,0.4818013027492934,0,-0.7193027878020682,0,0.6146853146853146,0,Low,0.5750217181725062,Night,-1.2142164829613873,3.777584357062882,0.8927887805526937
-0.3907154337046037,-0.2132290590488975,106873,1998-08-28,-1.2208859638003056,1.3045417237184185,-0.2223825904484937,-1.4833564858149024,-0.4794758203104481,-0.7643747132580931,1.0769527444706637,-1.5229605594854505,-0.652577893708982,0.7872410665303631,1.5379470303865548,-0.9019267788874382,-0.9578590462674496,2015-01-07,0.7660049728541383,0.3141390602858972,0.8688012087468271,1.065807751323357,-1.040437210926871,1.484893993352331,-1.5294016277843236,0.19516698686083,-0.8238649762007128,1.3036557822638213,1.2296926501022896,-1.3386995878348875,0.0358008594701839,0.6642353109644402,0.0771915893982216,0.085110606041624,0.8868581238876636,0.3932251172458947,0.9597020384194308,-1.014992526986205,0,-0.44779239859657316,0,0.6820512820512821,1,High,1.335154536493175,Night,1.0491603193275092,1.5794985941135575,-0.384925008363069
-0.7296819753800842,-0.9794525771917532,563878,2002-07-16,-0.0168564137013849,0.0609366486770281,-1.0399656435679565,-1.2281169670901226,-0.4794758203104481,-0.8787668722225919,-0.928545848584576,-1.5229605594854505,1.3182122722675589,-0.9641294930477532,-1.437956666181856,0.5195552833483468,-1.335216984387331,2015-02-06,0.7660049728541383,-0.6263970483545135,-0.1959061549135001,0.2007040570673854,-1.040437210926871,-0.4727777183844272,0.4070321432948087,1.2026661815701296,-0.8238649762007128,-1.1607218779702453,0.0097594654770023,-0.4384308670313317,1.2703132549937672,1.301259349980295,0.2616741175685958,0.2717430292013871,1.6820137706095737,-1.1019274198107387,-1.645742551934763,-0.8486821014600384,0,-1.0595573910365133,1,0.20699855699855704,1,High,1.2926035674836667,Night,2.2154309173795568,1.7025270288248662,-0.9141715673992619
0.0699314049825875,-0.4321500642325706,620855,1990-04-29,-0.0168564137013849,1.3045417237184185,1.412783515790431,-0.54299820756559,-0.4794758203104481,-0.4590963949090688,1.0769527444706637,0.530930957015494,1.3182122722675589,0.0866928426991166,0.9427662910728726,0.3687920343233392,-0.797659921593915,2015-01-21,-1.084248584764553,-0.6263970483545135,0.8688012087468271,-0.6643996371885862,-1.040437210926871,-0.9621956463186168,-0.7603706847081745,-1.6759029461707264,1.1400563019893055,-1.1607218779702453,0.0097594654770023,1.3621065745757797,-1.1987115360533993,-0.0902649041935411,-0.5848957061465656,-0.5846924237428591,0.1743435703627011,-0.8527353303012999,-0.3879417152120487,-1.5139238035647045,0,0.16623456425903954,0,0.11072816072816073,1,Medium,-1.9314871422897788,Evening,-0.9952445595267235,11.025941858140222,0.9049796553331824
0.7478644883335482,0.6624549616857945,583169,1998-02-01,-1.2208859638003056,-1.182668426364362,-1.0399656435679565,-0.7022309527517349,-0.4794758203104481,-0.3476065986018787,-0.928545848584576,0.0174580778902579,-0.8989266644560496,1.1375151784459865,1.5379470303865548,-0.9019267788874382,-1.2177376262934057,2015-03-01,-1.084248584764553,1.254675168926308,0.8688012087468271,1.065807751323357,0.8158289994689738,-1.4516135742528065,-0.6772322043756178,1.634451550731258,1.1400563019893055,1.3036557822638213,1.2296926501022896,0.461837853772224,0.0358008594701839,0.4561887925708029,1.132841611706474,-0.1906906415166925,0.3936603176930613,-1.3511195093201778,-1.376213801208467,1.4796638559062922,1,-0.6496287872415535,0,0.8020979020979021,1,Medium,0.862931008330186,Night,1.3358112878828428,2.9281919710545,-0.8796224953120398
0.8260875364125052,0.334073453910285,337677,2008-07-20,1.1871731363975355,-1.182668426364362,1.412783515790431,0.7413536105287241,-0.4794758203104481,-0.7098995987670706,-0.928545848584576,-1.5229605594854505,-0.1598803522148468,-0.9641294930477532,1.5379470303865548,-0.0045264870719174,0.9538505081700628,2015-02-24,0.7660049728541383,0.3141390602858972,-0.1959061549135001,0.2007040570673854,0.3517624468700125,-0.9621956463186168,-0.573309103959922,0.19516698686083,-0.8238649762007128,1.3036557822638213,0.0097594654770023,1.3621065745757797,0.0358008594701839,0.6684038204404512,1.1000447178095183,1.119883707782977,0.3639942842377469,-0.1051590617729831,-1.7355854688435284,-0.8486821014600384,0,0.9015979815162337,0,0.30233655233655227,1,High,0.5445716025774464,Night,2.5839227098302424,3.865805019370662,-1.9155188893897912
-1.199020263853826,-1.4172945875590992,445973,1998-11-13,-1.2208859638003056,0.0609366486770281,-0.2223825904484937,-1.0986327996201757,-0.4794758203104481,-0.3448298189441652,1.0769527444706637,-1.0094876803602142,-1.3916242059501849,-0.2635812692165066,0.3475855517591904,-0.9019267788874382,0.9538505081700628,2015-02-02,0.7660049728541383,0.3141390602858972,-1.2606135185738274,1.065807751323357,-1.040437210926871,0.0166402095497623,1.0097861257058445,-0.524475295074384,-0.8238649762007128,-1.1607218779702453,1.2296926501022896,0.461837853772224,1.2703132549937672,0.1931937401752032,-1.5237067939469142,0.6470815691115773,0.4985509359814944,-0.8527353303012999,-0.0285700475769874,0.4818013027492934,1,-0.17584939762529633,0,0.5,1,Medium,2.58056164225471,Evening,-0.3780742888538425,-1.9569595347729287,0.5712680290290457
1.1302882789417823,0.8813759668694676,156694,2001-05-24,-1.2208859638003056,1.3045417237184185,-1.0399656435679565,-0.0717741803806544,-0.4794758203104481,1.3862481084743197,1.0769527444706637,1.0444038361407302,-1.1452754352031171,-0.088444213258695,-0.2475951875544917,-0.9019267788874382,0.9538505081700628,2015-01-31,1.6911317516634838,-1.566933156994924,-0.1959061549135001,1.065807751323357,1.279895552067935,0.0166402095497623,1.4150862173270582,-1.244117577009598,-0.8238649762007128,-1.1607218779702453,-1.2101737191482849,1.3621065745757797,0.0358008594701839,-1.762974070294661,-1.326925430565182,-1.3353695035632396,-1.7804361341035528,0.6424172067553336,-0.2980987983032834,0.9807325793277928,0,24.56313153387654,0,-0.4696858696858697,0,Low,1.0099054625978903,Evening,-4.442731068231975,2.5200220826342075,2.679756997937314
0.1046972041287906,-0.103768556457061,421940,2014-06-03,-0.0168564137013849,-1.182668426364362,-0.2223825904484937,0.5254510540732964,1.6979802210630677,1.388941166132303,-0.928545848584576,-1.5229605594854505,-0.652577893708982,0.4369669546147398,0.9427662910728726,-0.9019267788874382,0.9538505081700628,2015-01-09,0.7660049728541383,0.3141390602858972,0.8688012087468271,1.065807751323357,0.8158289994689738,-0.9621956463186168,-0.0779423253117718,0.6269523560219584,-0.8238649762007128,-1.1607218779702453,1.2296926501022896,1.3621065745757797,0.0358008594701839,0.5244007658146185,1.889219977205008,0.7673557973700913,0.0487926787750311,1.1408013857742114,-0.2082558813945181,1.1470430048539593,1,0.9979992689142075,0,0.8881118881118881,1,High,0.09304445933593561,Night,2.7053684533501303,5.158961372198175,-2.180967687535512
-1.0251912681228106,-1.1983735823754262,613226,1991-08-22,-0.0168564137013849,-1.182668426364362,1.412783515790431,1.387709071817,-0.4794758203104481,-0.8638783099372637,1.0769527444706637,1.557876715265966,-0.4062291229619144,-1.3144036049633765,0.9427662910728726,1.818990905897221,0.9538505081700628,2015-02-23,0.7660049728541383,1.254675168926308,-0.1959061549135001,1.065807751323357,0.8158289994689738,-0.4727777183844272,0.4555295901554667,1.0587377251830867,-0.8238649762007128,1.3036557822638213,-1.2101737191482849,0.461837853772224,1.2703132549937672,0.6881095015997757,0.8991637426906666,0.9166617358979018,0.4953724323969964,1.1408013857742114,1.4987595398720228,-0.5160612504077055,0,0.4958597012262069,0,-0.21653901653901653,1,High,0.7199024448040161,Night,2.3111979109855647,3.3587598294348107,-1.623088409385789
1.9559760086641065,1.866520490195996,804410,1998-12-12,1.1871731363975355,0.0609366486770281,-0.2223825904484937,-0.526607806620027,2.1334714293377703,-0.5650186782342103,1.0769527444706637,-1.5229605594854505,0.8255147307734235,-0.2635812692165066,0.3475855517591904,1.517464407847206,-0.6054209719856735,2015-01-28,0.7660049728541383,0.3141390602858972,-0.1959061549135001,-1.5295033314445576,1.279895552067935,1.484893993352331,-0.1368320822139995,-1.6759029461707264,-0.8238649762007128,1.3036557822638213,1.2296926501022896,-1.3386995878348875,1.2703132549937672,-0.5033262977255349,-0.174934532434623,-0.1699537056100522,-0.6149848197876291,-0.8527353303012999,-0.3879417152120487,-0.5160612504077055,0,0.95579147743282,0,0.6533799533799534,0,Low,1.2218436517430573,Evening,-0.9598730578323043,1.907063011078228,0.4565467601067693
0.4610466453773725,0.4435339565021215,553565,1999-02-18,-0.0168564137013849,1.3045417237184185,1.412783515790431,-1.3387111974703088,2.1334714293377703,1.638404817994624,-0.928545848584576,1.557876715265966,0.5791659600263559,-1.6646777168789997,-1.437956666181856,0.7636481627221684,-1.691215039217408,2015-01-14,0.7660049728541383,-0.6263970483545135,0.8688012087468271,0.2007040570673854,0.8158289994689738,-1.4516135742528065,-0.8920066119013892,0.0512385304737872,-0.8238649762007128,-1.1607218779702453,1.2296926501022896,0.461837853772224,1.2703132549937672,0.3970717490928295,0.6367885915150233,-0.4416075659870407,0.5033186913582414,1.3899934752836502,-0.6574704659383447,-0.017129973829206,0,-0.29660769735164144,0,0.7456876456876457,1,Medium,1.267572988849389,Night,0.6984997168862239,1.7591227765744395,-0.3014279677933944
-1.642284202967916,-0.5416105668244071,399524,1997-10-30,-1.2208859638003056,-1.182668426364362,-0.2223825904484937,2.3488421832648134,-0.4794758203104481,-0.6838760105176451,1.0769527444706637,0.0174580778902579,-0.652577893708982,1.1375151784459865,-0.8427759268681739,1.133377082950163,0.9538505081700628,2015-02-03,-1.084248584764553,1.254675168926308,0.8688012087468271,0.2007040570673854,0.3517624468700125,-1.4516135742528065,-0.7638347880553643,1.3465946379571725,1.1400563019893055,1.3036557822638213,0.0097594654770023,-1.3386995878348875,-1.1987115360533993,0.5641910835401776,0.9975544243815327,-0.2591225300086057,0.5970845471009316,-1.3511195093201778,-1.2863708842997017,0.6481117282754599,0,0.2401995533631031,0,0.2906815406815407,1,High,1.058300115369151,Night,1.3355164414738587,2.367130770594645,-0.7713253579336812
0.2263775011405015,0.0056919461347754,331595,1999-11-29,-1.2208859638003056,-1.182668426364362,-0.2223825904484937,-1.4411512033800773,2.568962637612473,-0.6514197819556271,-0.928545848584576,0.530930957015494,-0.1598803522148468,0.6121040105725515,0.9427662910728726,1.5605396218543508,0.1599748458989916,2015-02-17,0.7660049728541383,-0.6263970483545135,-1.2606135185738274,-0.6643996371885862,0.3517624468700125,0.9954760654181416,0.6529834809452888,-1.6759029461707264,-0.8238649762007128,-1.1607218779702453,0.0097594654770023,1.3621065745757797,0.0358008594701839,0.812406875066284,1.5182051149957,1.54291720027844,0.3491612675100897,-1.6003115988296166,1.2292307891457268,-0.5160612504077055,1,-0.5637211674125728,0,0.3498889998889999,1,High,0.429785675676275,Evening,3.41028358278423,4.197748061595275,-2.597876707717946
0.4002064968715171,0.4435339565021215,380067,2013-07-07,1.1871731363975355,1.3045417237184185,-0.2223825904484937,-0.051491059210521,-0.4794758203104481,-0.3679091835364171,-0.928545848584576,0.0174580778902579,-0.652577893708982,-0.6138553811321298,0.3475855517591904,0.8174921802310997,-1.659175214282701,2015-01-30,0.7660049728541383,1.254675168926308,-0.1959061549135001,0.2007040570673854,0.8158289994689738,-0.9621956463186168,-0.0883346353533414,1.4905230943442151,-0.8238649762007128,1.3036557822638213,0.0097594654770023,1.3621065745757797,0.0358008594701839,0.4599783466399038,1.1369412234435934,1.1572101924149298,0.053560434151778,-0.354351151282422,0.0612728693317778,0.9807325793277928,0,-8.933342740183061,0,0.30653235653235655,1,Medium,0.11644095445378322,Night,2.347711850010301,5.103950573346535,-1.8877335033703972
0.5740354926025326,0.5529944590939581,701521,2003-07-05,-1.2208859638003056,1.3045417237184185,1.412783515790431,-0.923829173535746,-0.4794758203104481,-0.910190529454606,-0.928545848584576,-1.5229605594854505,0.8255147307734235,-0.7889924370899414,-0.2475951875544917,0.792364972060265,0.9538505081700628,2015-02-03,-1.084248584764553,0.3141390602858972,-1.2606135185738274,-1.5295033314445576,-1.5045037635258325,0.0166402095497623,-1.3354118403416917,1.2026661815701296,1.1400563019893055,-1.1607218779702453,0.0097594654770023,-1.3386995878348875,0.0358008594701839,-0.6389923333993458,-0.0519461803210402,-0.7899880892185984,-0.6780251408801722,-1.3511195093201778,-1.376213801208467,0.3154908772231269,1,0.6916787685243949,0,0.17133422133422138,0,Low,1.0610865992081175,Night,-1.5199594104198106,2.3786854859733952,0.8809670770204648
-1.207711713640377,-1.4172945875590992,360770,2005-09-21,-0.0168564137013849,-1.182668426364362,-1.0399656435679565,0.1172890945264139,0.8269978045136612,-0.6038098714424691,-0.928545848584576,-0.4960148012349781,-0.1598803522148468,0.7872410665303631,0.9427662910728726,-0.9019267788874382,-0.5235414193747558,2015-02-03,0.7660049728541383,0.3141390602858972,-0.1959061549135001,-0.6643996371885862,0.8158289994689738,0.9954760654181416,1.2903784968282233,-1.6759029461707264,-0.8238649762007128,0.071466952146788,0.0097594654770023,1.3621065745757797,-1.1987115360533993,-0.0212950201359054,-0.453708130558744,0.6304920203862651,-0.0735797092281408,0.8916092962647725,-1.016842133573406,0.9807325793277928,0,-0.18155855549344563,0,0.12564657564657566,1,Medium,3.455416532835559,Evening,0.10320418059938027,-4.846627360202416,-0.12449920073528567
2.3557826988454424,1.975980992787833,958785,1995-02-18,1.1871731363975355,-1.182668426364362,-1.0399656435679565,-0.1632735936592604,-0.4794758203104481,-0.902697410478766,1.0769527444706637,1.0444038361407302,-1.6379729766972524,-0.2635812692165066,0.3475855517591904,1.517464407847206,-2.008053308016176,2015-01-31,0.7660049728541383,-0.6263970483545135,-0.1959061549135001,1.065807751323357,0.3517624468700125,-0.4727777183844272,-1.5328657311315137,1.2026661815701296,-0.8238649762007128,-1.1607218779702453,-1.2101737191482849,0.461837853772224,0.0358008594701839,0.9564099296921166,-0.1913329793831007,1.1613575795962578,1.0897526026981177,-0.8527353303012999,-0.3879417152120487,-0.8486821014600384,0,-5.857749351909505,0,-0.3405483405483405,1,High,1.1394188092862194,Night,2.059777202911275,2.1536529319822275,-1.1033672732191584
-1.1034143162017676,-1.3078340849672627,797934,1999-04-07,-0.0168564137013849,1.3045417237184185,1.412783515790431,-1.1889029328278635,-0.4794758203104481,-0.411779511394966,-0.928545848584576,-0.4960148012349781,-1.6379729766972524,-1.6646777168789997,0.3475855517591904,1.1226082794483767,-0.213823111672589,2015-02-06,-1.084248584764553,-0.6263970483545135,-0.1959061549135001,-1.5295033314445576,-1.040437210926871,1.484893993352331,0.4347449700723275,-1.5319744897836836,1.1400563019893055,1.3036557822638213,-1.2101737191482849,-1.3386995878348875,-1.1987115360533993,0.5471380902292237,-0.146237250274787,-0.1409219953407557,0.8386508195227776,-0.354351151282422,0.7800162046019002,-1.680234229090871,0,-0.46020455945245875,0,-0.3354201354201354,1,High,1.532792729489361,Evening,0.5514915739072349,1.007954985771877,-0.00435348367801125
0.4523551955908217,0.4435339565021215,883980,2014-12-13,1.1871731363975355,-1.182668426364362,-1.0399656435679565,-0.2181404608245319,-0.4794758203104481,-0.6335590886798821,-0.928545848584576,0.530930957015494,1.5645610430146262,1.662926346319421,0.9427662910728726,1.133377082950163,-1.381496731515241,2015-02-06,0.7660049728541383,0.3141390602858972,0.8688012087468271,-0.6643996371885862,1.279895552067935,-0.4727777183844272,1.2384169466203754,-0.0926899259132555,-0.8238649762007128,0.071466952146788,-1.2101737191482849,-1.3386995878348875,-1.1987115360533993,0.3974507044997397,0.8335699548967558,-0.342070273635167,0.4275643559277063,1.6391855647930893,1.4089166229632577,-1.347613378038538,0,-1.8220027820617153,0,-0.22399822399822394,1,Medium,1.0757643031519226,Evening,0.9190640371892951,2.3123917366163846,-0.5216133326895553
0.2176860513539507,-0.2132290590488975,340614,1997-06-01,-1.2208859638003056,0.0609366486770281,1.412783515790431,-0.1814669387088355,-0.4794758203104481,-0.7628537635963305,-0.928545848584576,0.530930957015494,-0.1598803522148468,-0.7889924370899414,-0.8427759268681739,1.4528515868364884,0.9538505081700628,2015-01-29,-1.084248584764553,1.254675168926308,-1.2606135185738274,0.2007040570673854,1.279895552067935,-0.9621956463186168,1.1171733294687305,0.3390954432478728,1.1400563019893055,1.3036557822638213,0.0097594654770023,-0.4384308670313317,1.2703132549937672,0.6062551337071971,0.8253707314225169,-0.3462176608164951,0.7226354386886016,0.6424172067553336,-0.2980987983032834,-1.680234229090871,0,-3.340875637713706,0,0.27110112110112106,1,High,1.1919639217004805,Night,1.2017885092946234,1.9823115057752967,-0.5955333755874264
-0.8165964732455919,-1.1983735823754262,435784,2013-07-13,1.1871731363975355,0.0609366486770281,-0.2223825904484937,1.3010858028197,-0.4794758203104481,-0.5483161392880642,1.0769527444706637,-1.0094876803602142,1.0718635015204911,-0.9641294930477532,-0.2475951875544917,0.189311975960235,0.9538505081700628,2015-01-07,-1.084248584764553,1.254675168926308,-0.1959061549135001,1.065807751323357,-1.040437210926871,1.484893993352331,1.5120811110483745,1.2026661815701296,1.1400563019893055,1.3036557822638213,-1.2101737191482849,0.461837853772224,-1.1987115360533993,0.465283722336645,0.6982827675718147,0.7134397640128264,0.2877101982097955,-0.8527353303012999,-0.0285700475769874,0.8144221538016264,0,0.35761159157735484,0,-0.23938283938283933,1,Medium,0.6183529877467803,Night,1.6994327297944367,3.652457620486527,-1.2341490074577917
-0.2342693375466897,-0.6510710694162436,563837,2002-12-30,-1.2208859638003056,-1.182668426364362,-0.2223825904484937,1.4475340352683057,-0.4794758203104481,-0.4337704899907271,1.0769527444706637,-1.0094876803602142,-1.6379729766972524,0.2618298986569282,1.5379470303865548,-0.9019267788874382,0.4839330757943615,2015-01-20,0.7660049728541383,1.254675168926308,-1.2606135185738274,-1.5295033314445576,0.3517624468700125,1.484893993352331,-0.4382090734195174,1.4905230943442151,-0.8238649762007128,-1.1607218779702453,0.0097594654770023,1.3621065745757797,-1.1987115360533993,1.138308525008958,2.719391353971692,1.3272530668493805,0.549406993333462,1.1408013857742114,-0.2082558813945181,-0.1834403993553725,1,0.7863771841611893,1,0.4864857364857365,1,High,0.48265167009749693,Night,4.596051414154535,4.037611311491368,-3.457742889145577
0.7652473879066498,0.5529944590939581,200827,1997-02-28,1.1871731363975355,1.3045417237184185,-1.0399656435679565,-0.650847045787395,-0.4794758203104481,-0.5355206269959875,1.0769527444706637,1.557876715265966,1.3182122722675589,-1.489540660921188,0.9427662910728726,-0.9019267788874382,0.9538505081700628,2015-02-28,0.7660049728541383,1.254675168926308,0.8688012087468271,0.2007040570673854,0.3517624468700125,-0.9621956463186168,-0.6599116876396686,0.0512385304737872,-0.8238649762007128,0.071466952146788,0.0097594654770023,-1.3386995878348875,1.2703132549937672,0.3387126164286763,-0.2589765730455712,-0.2549751428272776,0.6055605566595929,-1.1019274198107387,-1.5558996350259977,-0.017129973829206,0,-0.5204189510268915,0,0.14779109779109784,1,Medium,1.787824661566587,Night,0.09160884078674403,0.2704610512935618,0.24710377564193226
2.147187903968224,2.4138230031551786,533941,1998-06-18,-0.0168564137013849,0.0609366486770281,1.412783515790431,1.4843304853910944,0.3915065962389581,-0.3601090838949003,-0.928545848584576,-1.5229605594854505,-0.4062291229619144,-0.6138553811321298,0.9427662910728726,-0.9019267788874382,-0.5627012054060643,2015-02-04,-1.084248584764553,0.3141390602858972,-1.2606135185738274,-1.5295033314445576,-0.5763706583279098,-0.9621956463186168,-1.4358708374101974,-1.244117577009598,1.1400563019893055,1.3036557822638213,1.2296926501022896,-0.4384308670313317,1.2703132549937672,0.9601994837612174,1.6780899727433576,0.085110606041624,0.8868581238876636,0.1440330277364557,1.319073706054492,-1.347613378038538,1,0.6468901948194021,0,0.8641025641025641,1,High,0.9236176599429909,Evening,2.650058702672645,2.7599014450524493,-1.6898592189114274
-1.24247751278658,-1.6362155927427724,265026,1996-02-08,-0.0168564137013849,-1.182668426364362,-1.0399656435679565,-1.367517327132136,-0.4794758203104481,-0.3851698691474302,-0.928545848584576,-1.0094876803602142,1.3182122722675589,-0.7889924370899414,-0.2475951875544917,0.7995441743947892,0.9538505081700628,2015-01-12,-1.084248584764553,0.3141390602858972,-1.2606135185738274,-1.5295033314445576,0.3517624468700125,0.0166402095497623,-1.293842600175413,0.4830238996349156,1.1400563019893055,1.3036557822638213,1.2296926501022896,-0.4384308670313317,-1.1987115360533993,0.4834735818683291,0.3949114990249772,0.4065331125945493,0.4699444037210127,-0.603543240791861,-0.1184129644857528,0.9807325793277928,1,-0.3535413598185242,0,0.7181818181818183,1,Medium,0.9720147063470624,Night,1.2713890153405392,2.629691535028398,-0.78791543347221
-0.4689384817835608,-0.9794525771917532,354481,2004-11-17,-0.0168564137013849,-1.182668426364362,-0.2223825904484937,0.3508113319983224,-0.4794758203104481,1.4959797427871784,1.0769527444706637,0.530930957015494,1.5645610430146262,-0.6138553811321298,0.3475855517591904,-0.9019267788874382,0.9538505081700628,2015-02-28,-0.1591218059552074,-1.566933156994924,1.9335085724071543,1.065807751323357,0.8158289994689738,-1.4516135742528065,0.1472243922555691,-0.524475295074384,-0.8238649762007128,1.3036557822638213,-1.2101737191482849,0.461837853772224,0.0358008594701839,-1.828912311097016,-1.4314655298617271,-1.4411278766871052,-1.8185781771175284,-1.1019274198107387,-1.5558996350259977,-1.014992526986205,0,-5.213363796760036,0,-0.48157398157398157,0,Low,0.9943501175170218,Evening,-4.69117158366636,2.5650076934854242,2.8622592725693443
0.6870243398276927,0.2246129513184485,566720,2012-10-25,1.1871731363975355,-1.182668426364362,-1.0399656435679565,-0.2515768787534808,-0.4794758203104481,-0.3486670772651261,-0.928545848584576,-1.5229605594854505,-0.8989266644560496,-0.4387183251743182,0.3475855517591904,1.2769611296406462,-0.979218929557254,2015-01-08,-1.084248584764553,1.254675168926308,-1.2606135185738274,0.2007040570673854,1.279895552067935,0.0166402095497623,0.199185942463417,0.19516698686083,1.1400563019893055,0.071466952146788,-1.2101737191482849,0.461837853772224,-1.1987115360533993,-0.3813026567004872,-1.5237067939469142,-0.2694909979619258,-0.0704012056436428,1.3899934752836502,0.420644536966839,0.9807325793277928,1,1.5156566622753433,0,-0.49206349206349204,0,Low,0.18463388345291928,Night,-1.8635989975524827,4.887466300772832,1.4822963408519956
0.756555938120099,0.771915464277631,832746,2006-04-13,1.1871731363975355,1.3045417237184185,-0.2223825904484937,-1.072203278095455,-0.4794758203104481,-0.6769410382066723,-0.928545848584576,-0.4960148012349781,-1.6379729766972524,-0.6138553811321298,0.3475855517591904,-0.9019267788874382,-1.0148187350402618,2015-01-25,-0.1591218059552074,-1.566933156994924,-0.1959061549135001,1.065807751323357,0.3517624468700125,-0.4727777183844272,-1.7129991051853863,-0.524475295074384,-0.8238649762007128,0.071466952146788,1.2296926501022896,0.461837853772224,1.2703132549937672,-1.7879851271507268,-1.396618830096212,-1.4058750856458166,-1.7793766329087202,-0.354351151282422,0.7800162046019002,-0.017129973829206,1,1.667581914045838,0,0.5144522144522145,0,Low,0.9951859224523859,Evening,-4.581870548650748,2.562590170166817,2.7938854215000215
-0.3646410843449514,-0.8699920745999167,386690,2006-02-21,-0.0168564137013849,-1.182668426364362,-0.2223825904484937,-0.8447864649757687,-0.4794758203104481,-0.6198984490572613,-0.928545848584576,1.0444038361407302,-1.6379729766972524,0.9623781224881748,1.5379470303865548,0.2000807794620213,0.9538505081700628,2015-02-26,-0.1591218059552074,-1.566933156994924,-0.1959061549135001,1.065807751323357,-1.5045037635258325,-1.4516135742528065,-0.2026500458106068,-0.6684037514614268,-0.8238649762007128,-1.1607218779702453,-1.2101737191482849,-1.3386995878348875,0.0358008594701839,-1.863018297718924,-1.4499137826787645,-1.3851381497391764,-1.875791241638492,-0.1051590617729831,1.588602456780788,1.3133534303801258,1,2.20531528412644,0,-0.48367188367188363,0,Low,1.0068565890049483,Evening,-4.710843174056433,2.528609465851113,2.847824876337509
-0.4341726826373576,-0.3226895616407341,979285,2003-12-17,-1.2208859638003056,0.0609366486770281,1.412783515790431,0.2339887492588223,2.568962637612473,1.3910342161255544,-0.928545848584576,1.0444038361407302,0.0864684185322207,1.312652234403798,0.3475855517591904,1.5569500206870888,0.9538505081700628,2015-02-03,1.6911317516634838,-1.566933156994924,1.9335085724071543,1.065807751323357,0.3517624468700125,0.5060581374839519,1.2488092566619449,-0.3805468386873412,-0.8238649762007128,-1.1607218779702453,1.2296926501022896,-1.3386995878348875,-1.1987115360533993,-1.8933347302717307,-1.4663122296272422,-1.476380667728394,-1.8906242583661488,-0.354351151282422,0.7800162046019002,1.6459742814324587,0,-8.091528523232284,0,0.5065268065268065,0,Low,0.9985689411949613,Evening,-4.833317155721785,2.5528078216977144,2.9399824254500544
0.7391730385469975,0.8813759668694676,594722,1999-07-31,1.1871731363975355,1.3045417237184185,1.412783515790431,-0.6315063726716307,-0.4794758203104481,-0.7022250821251489,-0.928545848584576,-1.5229605594854505,-1.6379729766972524,-1.3144036049633765,0.3475855517591904,1.7184820732138826,-0.3953821196359282,2015-01-31,0.7660049728541383,-0.6263970483545135,-0.1959061549135001,-1.5295033314445576,0.8158289994689738,0.0166402095497623,-1.3873733905495391,0.4830238996349156,-0.8238649762007128,0.071466952146788,0.0097594654770023,-1.3386995878348875,1.2703132549937672,0.04691695310791,-0.2938232728110864,-0.2902279338685662,0.2156641169611747,-0.603543240791861,-0.1184129644857528,-1.5139238035647045,0,-0.07429383048543882,0,0.14382839382839385,1,Medium,4.596622458468151,Night,-0.3683870897184779,-7.851729781800108,0.4153040428263879
-1.6857414519006697,-2.183518105701955,216738,2014-08-05,-0.0168564137013849,0.0609366486770281,-0.2223825904484937,-0.2893977289353674,-0.4794758203104481,-0.3122480073825521,-0.928545848584576,0.0174580778902579,-0.1598803522148468,0.2618298986569282,1.5379470303865548,-0.9019267788874382,-1.2070576846485035,2015-02-01,0.7660049728541383,1.254675168926308,-0.1959061549135001,1.065807751323357,-1.5045037635258325,0.0166402095497623,1.7164632085325762,-0.9562606642355124,-0.8238649762007128,-1.1607218779702453,-1.2101737191482849,0.461837853772224,-1.1987115360533993,-0.1444555273816834,-0.6115431824378419,0.3111432074240037,-0.1233762653852757,-1.6003115988296166,1.2292307891457268,0.9807325793277928,1,0.4991608851734653,0,-0.38833388833388827,1,Low,0.8540837564702012,Evening,-0.4237762403991139,2.9336307285087417,0.27932071301743044
0.913002034278013,0.8813759668694676,369048,2011-06-05,-1.2208859638003056,1.3045417237184185,-1.0399656435679565,1.1126781439504536,-0.4794758203104481,1.5364035149901734,1.0769527444706637,1.557876715265966,0.0864684185322207,-1.3144036049633765,-0.2475951875544917,1.5892564311924475,0.9538505081700628,2015-02-21,-1.084248584764553,0.3141390602858972,-1.2606135185738274,0.2007040570673854,1.279895552067935,0.0166402095497623,-0.7569065813609847,0.4830238996349156,2.1220169410843157,1.3036557822638213,-1.2101737191482849,-0.4384308670313317,-1.1987115360533993,0.9488308215539148,1.6657911375319994,1.6922231388062507,0.4635873965520167,0.3932251172458947,0.9597020384194308,-0.5160612504077055,0,0.8527443214089445,0,-0.12935952935952927,1,High,0.4885875304991281,Night,3.8216016728902664,4.027691300057345,-2.8727708513363517
1.6691581657079309,1.975980992787833,514424,1992-10-11,-0.0168564137013849,-1.182668426364362,-0.2223825904484937,0.4506698497591653,-0.4794758203104481,-0.8795622312200273,1.0769527444706637,-0.4960148012349781,-1.1452754352031171,1.4877892903616097,-0.2475951875544917,-0.9019267788874382,0.1564148653506908,2015-01-30,-1.084248584764553,-0.6263970483545135,-1.2606135185738274,0.2007040570673854,-1.5045037635258325,-0.9621956463186168,0.5282757604464539,1.4905230943442151,1.1400563019893055,1.3036557822638213,1.2296926501022896,-0.4384308670313317,0.0358008594701839,-0.0076526254871423,0.8704664605308307,-0.3234070313191907,-0.1530422988405902,-1.1019274198107387,-1.5558996350259977,-1.680234229090871,0,-0.01698052024272659,0,0.7722610722610723,0,Medium,20.001279348781594,Night,0.3940171303710498,-51.494565570825635,-0.4016697558581921
0.600109841962185,0.2246129513184485,954191,2010-02-17,1.1871731363975355,1.3045417237184185,-0.2223825904484937,0.6043708346261821,-0.4794758203104481,-0.7175183007425057,-0.928545848584576,1.557876715265966,0.3328171892792883,1.312652234403798,0.3475855517591904,-0.9019267788874382,0.9538505081700628,2015-01-31,-1.084248584764553,1.254675168926308,0.8688012087468271,1.065807751323357,0.8158289994689738,0.9954760654181416,1.3665887704664,0.6269523560219584,0.1580956628942965,-1.1607218779702453,0.0097594654770023,0.461837853772224,1.2703132549937672,-0.3278699443261651,-0.7017346406544693,0.1286581714455687,-0.3098484756758236,0.8916092962647725,-1.1965279673909366,1.6459742814324587,0,-0.5424970614803057,0,0.09744144744144743,1,Low,0.945037586016641,Night,-0.8829249448847243,2.6929203273561266,0.5550550005585592
-0.6514589273011271,-0.9794525771917532,150181,2007-05-06,-1.2208859638003056,1.3045417237184185,1.412783515790431,-1.348832270054194,-0.4794758203104481,-0.7044437151179954,-0.928545848584576,1.557876715265966,-0.8989266644560496,0.0866928426991166,-1.437956666181856,0.9467178222525346,0.9538505081700628,2015-01-13,0.7660049728541383,-0.6263970483545135,0.8688012087468271,0.2007040570673854,0.3517624468700125,-0.4727777183844272,1.4531913541461468,-0.6684037514614268,-0.8238649762007128,0.071466952146788,0.0097594654770023,1.3621065745757797,-1.1987115360533993,0.8184701615768453,1.2476307403458178,-0.1326272209780996,0.8556028386401002,-0.8527353303012999,-0.3879417152120487,0.6481117282754599,0,-0.6067995158089421,0,0.3191197691197691,1,High,1.0453671171403498,Evening,1.9706063580078184,2.4076674298594702,-1.152136196430973
-0.5558529796490685,-0.8699920745999167,388671,1997-05-01,1.1871731363975355,0.0609366486770281,1.412783515790431,1.222944566311728,2.1334714293377703,1.5006263137721965,-0.928545848584576,0.0174580778902579,-1.3916242059501849,-1.6646777168789997,1.5379470303865548,1.215937909797191,0.9538505081700628,2015-02-16,-0.1591218059552074,-1.566933156994924,-0.1959061549135001,1.065807751323357,1.279895552067935,-1.4516135742528065,-0.5767732073071119,-1.388046033396641,-0.8238649762007128,1.3036557822638213,0.0097594654770023,0.461837853772224,-1.1987115360533993,-1.767521535177582,-1.3843199948848537,-1.3934329241018324,-1.7571271078172344,0.8916092962647725,-0.8371562997558752,-0.5160612504077055,1,-1.4452986166082897,0,0.019819069819069824,0,Low,0.9941197699526001,Evening,-4.53488002680392,2.5656731769446193,2.7673584916263385
1.8690615107985984,1.5381389824204867,457244,1998-01-28,-1.2208859638003056,1.3045417237184185,1.412783515790431,-2.1321295312426485,2.1334714293377703,-0.7796679318754499,1.0769527444706637,-1.0094876803602142,-0.4062291229619144,0.9623781224881748,0.9427662910728726,0.7385209545513338,0.9538505081700628,2015-02-04,-1.084248584764553,1.254675168926308,-0.1959061549135001,1.065807751323357,0.3517624468700125,0.0166402095497623,0.3862475232116695,0.7708808124090012,2.1220169410843157,-1.1607218779702453,-1.2101737191482849,-1.3386995878348875,1.2703132549937672,0.3606920300294613,-0.4598575481644231,0.6180498588422808,0.4651766483442657,-0.8527353303012999,-0.3879417152120487,1.1470430048539593,0,-0.16916992795891278,0,-0.37108447108447107,1,Medium,1.2896746252797573,Night,0.6233689590221234,1.7282534097517959,-0.2626769289926621
0.9651507329973176,0.5529944590939581,206667,1993-05-05,-1.2208859638003056,0.0609366486770281,-0.2223825904484937,-1.1565318909603766,2.1334714293377703,-0.8774970885600193,-0.928545848584576,1.0444038361407302,-0.8989266644560496,-0.4387183251743182,-0.2475951875544917,-0.9019267788874382,-1.0682184432647732,2015-02-07,-1.084248584764553,-0.6263970483545135,0.8688012087468271,0.2007040570673854,-1.040437210926871,1.484893993352331,0.7326578579306556,0.0512385304737872,1.1400563019893055,-1.1607218779702453,0.0097594654770023,-1.3386995878348875,1.2703132549937672,-0.9864944415358948,-0.5275011418268937,-0.5266290032042661,-1.1081826259822314,-0.354351151282422,0.0612728693317778,0.1491804516969604,0,0.8529771658037733,0,0.11725496725496726,0,Low,1.1233552898809707,Night,-2.162312771013391,2.191918040171494,1.175818329477496
-1.1468715651345216,-1.0889130797835898,745200,1994-08-06,1.1871731363975355,1.3045417237184185,-1.0399656435679565,-1.1580070270454774,-0.4794758203104481,-0.2972338620976289,-0.928545848584576,-1.5229605594854505,-0.1598803522148468,1.4877892903616097,0.3475855517591904,-0.9019267788874382,-2.1041727828202967,2015-01-16,0.7660049728541383,0.3141390602858972,-1.2606135185738274,-1.5295033314445576,1.279895552067935,-1.4516135742528065,1.394301597243919,-0.3805468386873412,-0.8238649762007128,-1.1607218779702453,0.0097594654770023,-1.3386995878348875,0.0358008594701839,0.509242549538215,-0.1667353089603842,-0.161658931247396,0.7962707717294714,0.3932251172458947,0.690173287693135,1.3133534303801258,0,-0.4397581166632528,0,0.1582806082806083,1,High,1.563634477945836,Evening,0.4678765315216912,0.9187677132993913,0.04136601801652384
-1.4945295565965526,-1.4172945875590992,412703,2014-11-14,1.1871731363975355,-1.182668426364362,1.412783515790431,0.0160373926851984,2.1334714293377703,-0.5644884389025866,1.0769527444706637,0.0174580778902579,1.0718635015204911,-0.6138553811321298,-0.8427759268681739,-0.9019267788874382,-1.88701396937395,2015-02-28,0.7660049728541383,1.254675168926308,0.8688012087468271,-0.6643996371885862,0.8158289994689738,0.5060581374839519,-1.553650351214653,0.6269523560219584,-0.8238649762007128,-1.1607218779702453,0.0097594654770023,0.461837853772224,-1.1987115360533993,-0.2751951427656631,0.3416165464424246,-0.5909135045148511,-0.3220327394163991,-0.603543240791861,-0.7473133828471099,0.6481117282754599,0,-17.158523810159398,0,0.2160894660894661,0,Low,1.1702020114963732,Night,-0.5713296974888256,2.0760968665504325,0.29613455472316247
0.2263775011405015,0.2246129513184485,736771,1991-12-14,-0.0168564137013849,-1.182668426364362,-0.2223825904484937,0.8507595368403571,-0.4794758203104481,-0.7872308191843982,1.0769527444706637,0.0174580778902579,-0.4062291229619144,-0.088444213258695,0.3475855517591904,-0.9019267788874382,0.9538505081700628,2015-02-08,-1.084248584764553,1.254675168926308,-0.1959061549135001,-1.5295033314445576,-1.040437210926871,1.484893993352331,-1.719927311879766,1.0587377251830867,1.1400563019893055,-1.1607218779702453,1.2296926501022896,-1.3386995878348875,-1.1987115360533993,0.0105372340445417,-0.6176926000435211,-0.6178715211934837,0.3322092483927671,-1.3511195093201778,-1.376213801208467,0.1491804516969604,0,0.01238566387161771,0,0.603030303030303,1,Medium,31.52418583499155,Night,-0.9033548728442377,-85.7216559269845,0.9138921068887793
-0.4080983332777053,-0.7605315720080802,347984,2009-10-21,1.1871731363975355,-1.182668426364362,1.412783515790431,-2.6195800553636914,-0.4794758203104481,-0.9000601674872691,1.0769527444706637,-1.0094876803602142,1.0718635015204911,-0.4387183251743182,-0.2475951875544917,-0.9019267788874382,-0.9720989684606526,2015-01-02,-1.084248584764553,-0.6263970483545135,-1.2606135185738274,0.2007040570673854,0.8158289994689738,-0.9621956463186168,0.3308218696566317,0.3390954432478728,1.1400563019893055,-1.1607218779702453,0.0097594654770023,0.461837853772224,0.0358008594701839,-0.0743487771033175,0.5588959685097542,-0.4810077442096573,-0.1254952677749411,1.3899934752836502,-0.6574704659383447,1.3133534303801258,1,0.028381955853206815,0,0.24079809079809084,0,Medium,1.687949158191326,Night,-0.04760704347484421,0.6403290768019467,-0.02674173362847329
0.5305782436697788,0.2246129513184485,626074,1997-09-29,-0.0168564137013849,0.0609366486770281,1.412783515790431,1.9178975664035989,2.1334714293377703,-0.9589446406307413,-0.928545848584576,-1.5229605594854505,-0.1598803522148468,-0.088444213258695,0.3475855517591904,2.034366975932946,0.9538505081700628,2015-01-13,-1.084248584764553,1.254675168926308,0.8688012087468271,1.065807751323357,0.3517624468700125,0.0166402095497623,-1.6818221750606774,0.914809268796044,1.1400563019893055,-1.1607218779702453,0.0097594654770023,1.3621065745757797,-1.1987115360533993,-0.3244593456639743,-0.6176926000435211,-0.6178715211934837,-0.1360902797232676,-1.3511195093201778,-1.2863708842997017,1.4796638559062922,0,-0.16917440335355863,0,0.106998556998557,0,Low,0.41943837026220204,Night,-1.3716544009602725,4.227520787462894,1.047195055296298
-1.364157809798291,-0.5416105668244071,218109,2003-12-31,-1.2208859638003056,1.3045417237184185,-1.0399656435679565,-0.389666006719849,-0.4794758203104481,1.622986016377672,-0.928545848584576,1.557876715265966,0.0864684185322207,-1.6646777168789997,-0.2475951875544917,1.4241347774983917,0.0887752349329762,2015-01-07,0.7660049728541383,-0.6263970483545135,-0.1959061549135001,1.065807751323357,0.3517624468700125,1.484893993352331,0.9682168855395662,1.634451550731258,-0.8238649762007128,1.3036557822638213,0.0097594654770023,1.3621065745757797,-1.1987115360533993,0.3849451760717068,0.8212711196853975,-0.3482913544071591,0.4148503415897144,0.1440330277364557,0.5104874538756043,1.1470430048539593,0,-0.9878874659855316,0,0.2706349206349206,1,Medium,1.077684017602599,Night,0.8878301068679528,2.3063746623698638,-0.502884930796246
-0.7905221238859396,-1.0889130797835898,999435,2008-01-01,1.1871731363975355,0.0609366486770281,1.412783515790431,-0.6747770311679167,-0.4794758203104481,1.3953458991116523,1.0769527444706637,1.557876715265966,0.0864684185322207,1.662926346319421,-0.8427759268681739,0.3939192424941738,-0.552021263761162,2015-01-05,-1.084248584764553,0.3141390602858972,-0.1959061549135001,0.2007040570673854,-1.040437210926871,1.484893993352331,0.223434665893746,0.4830238996349156,1.1400563019893055,-1.1607218779702453,-1.2101737191482849,0.461837853772224,1.2703132549937672,-0.1065599866906748,-0.3860645368962735,-0.3835441454484477,0.0487926787750311,1.6391855647930893,1.4089166229632577,-0.1834403993553725,1,0.15791904538493837,0,-0.36269286269286266,1,Medium,-0.4578936070091313,Night,-0.7208160035696901,6.764478773264932,0.6142560168790153
0.7391730385469975,0.771915464277631,858060,2004-05-31,-1.2208859638003056,0.0609366486770281,1.412783515790431,-0.1939646194298271,-0.4794758203104481,1.436160373980054,1.0769527444706637,0.0174580778902579,-1.3916242059501849,0.9623781224881748,0.9427662910728726,-0.9019267788874382,0.9538505081700628,2015-02-28,0.7660049728541383,0.3141390602858972,-0.1959061549135001,-1.5295033314445576,-1.5045037635258325,-1.4516135742528065,-0.1299038755196198,0.914809268796044,-0.8238649762007128,1.3036557822638213,-1.2101737191482849,-0.4384308670313317,1.2703132549937672,0.1390031169870609,-0.2384785143599741,-0.2342382069206372,0.3157869798728609,-0.1051590617729831,-1.7355854688435284,-1.680234229090871,1,-0.7166453038754,0,-0.3459096459096459,1,Medium,2.271781489049391,Night,-0.1569297414077504,-1.128957507225186,0.2959328583948113
0.4349722960177202,0.2246129513184485,500384,2013-12-18,-1.2208859638003056,0.0609366486770281,1.412783515790431,-0.0629643398724149,-0.4794758203104481,-0.9747122839132352,-0.928545848584576,1.0444038361407302,-1.1452754352031171,0.4369669546147398,0.3475855517591904,-0.9019267788874382,0.9538505081700628,2015-01-04,0.7660049728541383,-0.6263970483545135,-0.1959061549135001,1.065807751323357,-1.040437210926871,0.9954760654181416,-1.4566554574933366,0.6269523560219584,-0.8238649762007128,0.071466952146788,1.2296926501022896,0.461837853772224,1.2703132549937672,1.7980698884394175,2.211039498568883,2.243825633922884,1.368931167536523,-1.3511195093201778,-1.2863708842997017,1.4796638559062922,0,-28.55740963047573,1,0.9247086247086247,1,High,0.7613332579588374,Night,5.82379630002829,3.2389136254148925,-4.025726411588872
-0.773139224312838,-0.9794525771917532,903785,2000-08-24,1.1871731363975355,1.3045417237184185,-1.0399656435679565,2.052093974145396,-0.4794758203104481,-0.3281830946645059,1.0769527444706637,-0.4960148012349781,1.5645610430146262,-1.6646777168789997,1.5379470303865548,0.7636481627221684,0.9538505081700628,2015-02-02,-1.084248584764553,-0.6263970483545135,-0.1959061549135001,-0.6643996371885862,-1.040437210926871,0.0166402095497623,0.4278167633779478,0.0512385304737872,1.1400563019893055,0.071466952146788,0.0097594654770023,-1.3386995878348875,1.2703132549937672,-0.1372553746503918,-0.4045127897133109,-0.402207387764424,0.0154183911378024,0.6424172067553336,-0.477784632120814,0.3154908772231269,0,-0.06688548842996528,0,0.13124098124098127,1,Medium,-0.11233442414549943,Night,-0.7913017863399324,5.765220878063092,0.6540464116895406
0.2785261998598062,-0.103768556457061,873859,1992-10-14,1.1871731363975355,0.0609366486770281,-0.2223825904484937,-1.8609913236006728,-0.4794758203104481,1.55419443993281,-0.928545848584576,-1.0094876803602142,1.0718635015204911,-0.7889924370899414,-0.8427759268681739,-0.9019267788874382,-1.271137334517917,2015-02-23,0.7660049728541383,1.254675168926308,-1.2606135185738274,-1.5295033314445576,1.279895552067935,0.5060581374839519,1.2661297733978942,0.6269523560219584,-0.8238649762007128,0.071466952146788,-1.2101737191482849,-0.4384308670313317,-1.1987115360533993,0.5334956955804605,1.9015188124163664,-0.3793967582671196,0.3512802698997549,1.3899934752836502,-0.6574704659383447,1.4796638559062922,0,-0.28667300888929115,0,-0.10255300255300248,1,High,0.6584488204140634,Night,1.8734023240490019,3.511553753881612,-1.3399066284685412
-1.7118158012603222,-1.9645971005182816,204294,1991-11-16,-0.0168564137013849,1.3045417237184185,-0.2223825904484937,0.3536796521637961,-0.4794758203104481,-0.7754957855555689,1.0769527444706637,-1.5229605594854505,0.8255147307734235,0.7872410665303631,1.5379470303865548,-0.9019267788874382,-0.658820680210185,2015-02-10,0.7660049728541383,-0.6263970483545135,0.8688012087468271,0.2007040570673854,-1.040437210926871,-0.4727777183844272,-1.4324067340630076,1.3465946379571725,-0.8238649762007128,-1.1607218779702453,0.0097594654770023,0.461837853772224,-1.1987115360533993,0.3675132273538428,-0.1011415211664733,-0.0953007363461469,0.5642400100611192,0.8916092962647725,-1.1965279673909366,-0.349750824881539,0,1.039110353097971,0,0.16573981573981578,1,Medium,1.5352875292032404,Night,0.367797752548499,1.000771467261819,-0.0002845251946562155
0.0351656058363843,-0.3226895616407341,467106,1995-10-08,1.1871731363975355,-1.182668426364362,1.412783515790431,-0.1925714353494537,1.6979802210630677,-0.3492531312632365,1.0769527444706637,0.0174580778902579,0.8255147307734235,-1.6646777168789997,1.5379470303865548,-0.9019267788874382,0.9538505081700628,2015-02-16,-1.084248584764553,1.254675168926308,0.8688012087468271,0.2007040570673854,-1.040437210926871,-0.9621956463186168,0.3550705930869607,0.4830238996349156,1.1400563019893055,1.3036557822638213,-1.2101737191482849,-0.4384308670313317,-1.1987115360533993,0.3807766665956958,0.8171715079482781,0.8337139922713405,0.1081247456856599,1.6391855647930893,1.4089166229632577,-1.014992526986205,0,-1.9773371021606096,0,-0.2258630258630258,1,Medium,0.28395768757222095,Night,1.7590102459052785,4.619520523962269,-1.3782335793095828
-0.6775332766607794,-0.6510710694162436,357713,2007-10-28,1.1871731363975355,1.3045417237184185,-0.2223825904484937,-0.4699789713531072,0.3915065962389581,-0.9100509927883892,-0.928545848584576,0.0174580778902579,1.3182122722675589,-0.088444213258695,0.3475855517591904,0.4154568494977463,-1.659175214282701,2015-01-04,0.7660049728541383,-0.6263970483545135,-1.2606135185738274,-1.5295033314445576,1.279895552067935,0.5060581374839519,0.8365809583463515,1.3465946379571725,-0.8238649762007128,1.3036557822638213,0.0097594654770023,0.461837853772224,-1.1987115360533993,0.0529802396184714,-0.1359882209319885,-0.1305535273874355,0.1425585345177213,-0.8527353303012999,0.1511157862405431,0.6481117282754599,0,-0.11272919763863976,0,0.1617771117771118,1,Medium,2.690736108560579,Night,-0.12398321380170271,-2.3401342568526307,0.1769634534201741
-1.3554663600117405,-0.4321500642325706,890026,2008-05-16,-1.2208859638003056,-1.182668426364362,-1.0399656435679565,-0.6817429515697812,-0.4794758203104481,-0.990465973529107,-0.928545848584576,0.0174580778902579,0.0864684185322207,1.662926346319421,0.9427662910728726,-0.9019267788874382,-0.8617395714633288,2015-01-30,0.7660049728541383,0.3141390602858972,-1.2606135185738274,-1.5295033314445576,1.279895552067935,-1.4516135742528065,1.4635836641877162,-1.5319744897836836,-0.8238649762007128,1.3036557822638213,-1.2101737191482849,0.461837853772224,0.0358008594701839,-0.1652980747617382,0.460505286818888,-0.5307763903855942,-0.2144933681408843,-1.1019274198107387,-1.645742551934763,-0.017129973829206,0,0.24246428488245783,0,-0.26642246642246636,0,Low,1.297623496665373,Evening,-0.28476447170759045,1.72274356408336,0.11946639694585226
0.8087046368394036,0.990836469461304,751612,2009-06-22,-0.0168564137013849,0.0609366486770281,-0.2223825904484937,0.8536278570058308,0.8269978045136612,-0.8002914511422868,1.0769527444706637,1.557876715265966,0.0864684185322207,1.662926346319421,-0.2475951875544917,1.0687642619394455,-0.3526623530563189,2015-01-25,-1.084248584764553,1.254675168926308,0.8688012087468271,-0.6643996371885862,-1.040437210926871,-1.4516135742528065,1.2003118098012868,0.7708808124090012,1.1400563019893055,-1.1607218779702453,-1.2101737191482849,-1.3386995878348875,0.0358008594701839,-0.0485798094334316,-0.3512178371307584,-0.3482913544071591,0.1118329998675742,-0.603543240791861,-0.1184129644857528,1.3133534303801258,0,-0.056909755375221305,0,-0.3587301587301587,1,Medium,-2.3020942911501554,Night,-0.5876761916703432,12.097377406411047,0.5390963822369117
-0.382023983918053,-0.3226895616407341,876680,2012-05-10,1.1871731363975355,-1.182668426364362,-0.2223825904484937,-0.5647564648208256,-0.4794758203104481,-0.5639163385710978,-0.928545848584576,-0.4960148012349781,1.5645610430146262,0.4369669546147398,-1.437956666181856,-0.9019267788874382,-0.3491023725080182,2015-01-22,-1.084248584764553,0.3141390602858972,0.8688012087468271,-0.6643996371885862,-1.040437210926871,-0.9621956463186168,0.5906296206958713,-0.9562606642355124,1.1400563019893055,0.071466952146788,1.2296926501022896,-0.4384308670313317,0.0358008594701839,-0.0402427904814097,-0.4639571599015425,0.6097550844796247,-0.0921209801377123,-1.1019274198107387,-1.4660567181172324,-0.349750824881539,0,0.07125701828166839,0,0.6205128205128205,1,Medium,2.2891869132977316,Evening,0.053676944440369856,-1.3338607402463052,-0.09391973492177955
1.7560726635734385,2.085441495379669,756981,2003-10-02,1.1871731363975355,0.0609366486770281,1.412783515790431,-0.5710667691848672,-0.4794758203104481,1.4498768282691614,1.0769527444706637,0.530930957015494,0.0864684185322207,0.0866928426991166,0.3475855517591904,-0.9019267788874382,-0.566261185954365,2015-01-01,-1.084248584764553,-0.6263970483545135,0.8688012087468271,0.2007040570673854,1.279895552067935,0.0166402095497623,0.722265547889086,0.4830238996349156,1.1400563019893055,-1.1607218779702453,0.0097594654770023,0.461837853772224,-1.1987115360533993,0.4834735818683291,0.7146812145202924,-0.402207387764424,0.5939060435164336,-0.354351151282422,0.0612728693317778,0.6481117282754599,0,-0.8466162882752258,0,0.25851370851370853,1,Medium,1.2284121353833235,Night,0.906379870272302,1.8747208317957618,-0.42290628840397293
-0.4080983332777053,-0.8699920745999167,121439,1990-08-02,-0.0168564137013849,1.3045417237184185,-1.0399656435679565,0.0058343680965854,2.568962637612473,-0.5943213781397295,1.0769527444706637,-0.4960148012349781,0.3328171892792883,-0.4387183251743182,0.3475855517591904,0.5590408961882296,-0.5271013999230566,2015-02-14,-1.084248584764553,0.3141390602858972,-1.2606135185738274,0.2007040570673854,-0.5763706583279098,-1.4516135742528065,0.3931757299060492,-1.388046033396641,2.1220169410843157,0.071466952146788,1.2296926501022896,0.461837853772224,0.0358008594701839,-0.1918249532454442,-0.5459493946439311,0.443859597226502,-0.2404511474142845,-1.6003115988296166,1.2292307891457268,0.9807325793277928,1,-32.87281111840943,0,0.6111888111888112,1,Low,1.2534990721759363,Evening,-0.3425409448317136,1.7857047518639275,0.1507159915862694
-0.5037042809297639,-0.8699920745999167,411289,1997-09-16,1.1871731363975355,0.0609366486770281,1.412783515790431,-0.7116964092977972,-0.4794758203104481,-0.3147038527079671,-0.928545848584576,1.557876715265966,0.8255147307734235,0.0866928426991166,-0.8427759268681739,1.302088337811481,-1.0931383071028786,2015-01-15,1.6911317516634838,-1.566933156994924,-0.1959061549135001,1.065807751323357,0.3517624468700125,0.0166402095497623,-0.7395860646250353,-1.244117577009598,-0.8238649762007128,1.3036557822638213,1.2296926501022896,-1.3386995878348875,0.0358008594701839,-1.80162752179949,-1.4048180535704509,-1.414169860008473,-1.7942096496363773,-1.6003115988296166,0.3308016200580737,1.6459742814324587,0,2.531458680585122,0,0.5135198135198136,0,Low,0.9958832354689668,Evening,-4.613197563215301,2.560573741225553,2.811570041415811
1.782147012933091,1.975980992787833,538466,1995-07-29,-0.0168564137013849,-1.182668426364362,-0.2223825904484937,-0.2647301755122952,2.1334714293377703,-0.9197627447570756,1.0769527444706637,-0.4960148012349781,-1.1452754352031171,1.4877892903616097,0.9427662910728726,1.09389147011028,0.9538505081700628,2015-01-06,0.7660049728541383,1.254675168926308,-1.2606135185738274,0.2007040570673854,-1.040437210926871,0.9954760654181416,0.448601383461087,1.0587377251830867,-0.8238649762007128,0.071466952146788,0.0097594654770023,-1.3386995878348875,-1.1987115360533993,0.7790587992581963,-0.2712754082569296,0.9996094795244632,0.903810143004986,0.6424172067553336,-0.2980987983032834,1.1470430048539593,0,-2.9428520590924183,0,0.1463924963924964,1,High,1.1601293557510914,Night,1.6321442142725195,2.0950178867227027,-0.8530854150143232
0.4175893964446186,0.771915464277631,932097,2005-09-06,-0.0168564137013849,-1.182668426364362,-0.2223825904484937,-0.0589486916407519,-0.4794758203104481,1.4057832417446658,1.0769527444706637,1.0444038361407302,-1.6379729766972524,1.312652234403798,1.5379470303865548,-0.9019267788874382,-0.0714238897405582,2015-02-08,0.7660049728541383,-0.6263970483545135,-0.1959061549135001,-0.6643996371885862,0.8158289994689738,-0.4727777183844272,0.1818654257274677,0.7708808124090012,-0.8238649762007128,1.3036557822638213,-1.2101737191482849,0.461837853772224,1.2703132549937672,0.8389337535499899,1.546902397155536,0.0187524111403749,0.7681939900664059,1.1408013857742114,-0.2082558813945181,-0.349750824881539,0,-14.231833854712228,0,-0.14287934287934279,1,High,0.9156778722251744,Night,2.333848798362317,2.7819193190966653,-1.494915044812327
-1.7205072510468729,-1.3078340849672627,463727,1992-08-05,1.1871731363975355,0.0609366486770281,-1.0399656435679565,-0.7404205869548963,-0.4794758203104481,1.4388115706381726,-0.928545848584576,-0.4960148012349781,1.5645610430146262,1.312652234403798,0.9427662910728726,-0.9019267788874382,-0.7335802717245011,2015-02-17,1.6911317516634838,-1.566933156994924,1.9335085724071543,1.065807751323357,1.279895552067935,-0.9621956463186168,0.7534424780137948,-0.6684037514614268,-0.8238649762007128,-1.1607218779702453,-1.2101737191482849,-0.4384308670313317,1.2703132549937672,-1.8785554694022373,-1.4048180535704509,-1.4743069741377297,-1.8863862535868183,-1.1019274198107387,-1.4660567181172324,1.6459742814324587,0,2.5371498843353426,0,-0.4785436785436785,0,Low,1.004169048229447,Evening,-4.765511281294999,2.5367969675169446,2.8869558118927614
-0.8774366217514473,-0.6510710694162436,552618,1993-01-22,-0.0168564137013849,-1.182668426364362,-0.2223825904484937,-1.174069619972129,2.1334714293377703,1.5791435958523663,1.0769527444706637,0.530930957015494,-1.3916242059501849,1.4877892903616097,0.3475855517591904,-0.9019267788874382,0.9538505081700628,2015-01-21,0.7660049728541383,0.3141390602858972,-0.1959061549135001,-1.5295033314445576,-1.040437210926871,-0.9621956463186168,0.1922577357690373,1.3465946379571725,-0.8238649762007128,0.071466952146788,0.0097594654770023,-1.3386995878348875,1.2703132549937672,0.9154827457458272,1.104144329546638,-0.2052064966513407,1.046842804307395,0.1440330277364557,0.5104874538756043,-0.5160612504077055,0,-0.7797523331877821,0,0.3028027528027528,1,High,1.143485953925432,Night,1.9457806372026922,2.1254125441817666,-1.030297891456865
1.4344890214710595,1.5381389824204867,936638,1995-05-20,1.1871731363975355,0.0609366486770281,1.412783515790431,0.8339593758711554,-0.4794758203104481,-0.8739249499048704,-0.928545848584576,1.0444038361407302,1.3182122722675589,0.0866928426991166,-0.8427759268681739,-0.9019267788874382,0.9538505081700628,2015-02-09,-1.084248584764553,-0.6263970483545135,0.8688012087468271,1.065807751323357,1.279895552067935,1.484893993352331,0.5802373106543017,-0.2366183823002983,0.1580956628942965,1.3036557822638213,0.0097594654770023,1.3621065745757797,0.0358008594701839,0.9560309742852066,-0.0703944331380776,1.4060534232946138,0.995456996358011,1.1408013857742114,1.4987595398720228,1.1470430048539593,0,1.146374578392332,0,0.16923631923631927,1,High,1.0412381835892897,Evening,2.331115986514547,2.438324291671777,-1.3750850122293405
0.4958124445235756,0.771915464277631,348814,1992-09-24,-1.2208859638003056,1.3045417237184185,-0.2223825904484937,-0.0442383067921095,-0.4794758203104481,-0.3141177987098567,1.0769527444706637,0.530930957015494,-0.4062291229619144,-1.6646777168789997,0.3475855517591904,-0.9019267788874382,0.9538505081700628,2015-02-12,0.7660049728541383,-0.6263970483545135,0.8688012087468271,-0.6643996371885862,-1.040437210926871,-0.9621956463186168,-0.323893662962252,-0.0926899259132555,-0.8238649762007128,1.3036557822638213,0.0097594654770023,-1.3386995878348875,-1.1987115360533993,0.2617846688259288,0.3580149933909023,0.3692066279625967,0.179111325739448,0.6424172067553336,-0.5676275490295793,0.4818013027492934,0,-5.917735228687627,0,0.21795426795426798,1,Medium,0.6841907219090205,Evening,0.906332947092947,3.462118270865324,-0.6445482782670182
-0.3907154337046037,-0.6510710694162436,944102,2007-07-20,-0.0168564137013849,-1.182668426364362,1.412783515790431,0.8455555845401409,-0.4794758203104481,1.597255455127302,-0.928545848584576,-1.0094876803602142,-0.1598803522148468,-0.2635812692165066,-1.437956666181856,1.5820772288579237,-0.3597823141529205,2015-02-24,-1.084248584764553,0.3141390602858972,-1.2606135185738274,-1.5295033314445576,-1.040437210926871,-0.9621956463186168,-0.975145092233946,1.634451550731258,1.1400563019893055,1.3036557822638213,1.2296926501022896,-1.3386995878348875,0.0358008594701839,-0.2986903779940885,0.1489347947978116,-0.6883771032760608,-0.2801824422205091,1.3899934752836502,-1.1066850504821713,-0.1834403993553725,1,-0.35324706052230953,0,0.6902097902097902,0,Low,0.9380395248807752,Night,-0.8196247506987584,2.7440706335227625,0.5209343727046699
1.2172027768072902,1.3192179772368136,689901,1992-04-28,-0.0168564137013849,-1.182668426364362,1.412783515790431,0.5820798893402163,-0.4794758203104481,-0.6354846946736733,1.0769527444706637,-1.5229605594854505,-0.8989266644560496,-0.2635812692165066,-0.2475951875544917,-0.9019267788874382,0.9538505081700628,2015-02-02,0.7660049728541383,1.254675168926308,-0.1959061549135001,-1.5295033314445576,-1.5045037635258325,0.0166402095497623,1.695678588449437,0.3390954432478728,-0.8238649762007128,-1.1607218779702453,-1.2101737191482849,0.461837853772224,0.0358008594701839,1.1394453912296882,0.0197970250785496,1.588538459273049,1.181929206648559,-1.3511195093201778,-1.2863708842997017,-0.1834403993553725,0,1.9575378819277847,1,-0.3165390165390165,1,High,1.0372837333514422,Night,2.790264691000157,2.4487897916714707,-1.650819299770469
2.0255076069565128,2.304362500563342,901083,1998-01-19,1.1871731363975355,1.3045417237184185,-0.2223825904484937,0.0542270268883608,-0.4794758203104481,1.4194717887005297,-0.928545848584576,-1.0094876803602142,-1.3916242059501849,1.1375151784459865,0.9427662910728726,0.8497985907364584,0.9538505081700628,2015-02-14,0.7660049728541383,-0.6263970483545135,-0.1959061549135001,0.2007040570673854,0.3517624468700125,0.9954760654181416,1.3042349102169826,-0.2366183823002983,-0.8238649762007128,0.071466952146788,0.0097594654770023,1.3621065745757797,0.0358008594701839,1.2019730333698524,0.0505441131069453,1.65074926699297,1.2454992783385184,0.1440330277364557,1.1393878722369617,1.1470430048539593,1,22.16516259838023,1,0.182989232989233,1,High,1.0362114686010635,Evening,2.946792658438434,2.451627553198309,-1.7448196250685815
-1.207711713640377,-0.9794525771917532,396224,2009-09-08,-0.0168564137013849,-1.182668426364362,-1.0399656435679565,0.8164216468594031,1.2624890127883643,1.6115300560812762,-0.928545848584576,-1.0094876803602142,-0.4062291229619144,-0.2635812692165066,1.5379470303865548,-0.9019267788874382,-1.4064165953533465,2015-02-15,-1.084248584764553,1.254675168926308,0.8688012087468271,-0.6643996371885862,1.279895552067935,-0.4727777183844272,-1.2072400164956665,-0.8123322078484696,1.1400563019893055,-1.1607218779702453,1.2296926501022896,1.3621065745757797,0.0358008594701839,1.024621902935932,1.7477833722743878,0.1203633970829126,0.9498984449802068,0.8916092962647725,-0.8371562997558752,-1.014992526986205,0,1.2550140627252628,0,0.872027972027972,1,High,0.9270712593466227,Evening,2.8180452143375074,2.750324247352604,-1.7934233114015754
0.6609499904680405,0.2246129513184485,682178,1994-12-18,1.1871731363975355,1.3045417237184185,1.412783515790431,-0.4757156116840546,-0.4794758203104481,-0.3903048184642069,1.0769527444706637,0.530930957015494,-1.6379729766972524,1.4877892903616097,-1.437956666181856,0.1498263631203521,-1.3494569065805342,2015-02-28,-1.084248584764553,0.3141390602858972,-0.1959061549135001,1.065807751323357,1.279895552067935,-1.4516135742528065,0.0398371884926834,-0.2366183823002983,1.1400563019893055,-1.1607218779702453,-1.2101737191482849,1.3621065745757797,1.2703132549937672,0.0097793232307215,0.4523060633446492,0.4645965331331423,-0.2219098765047129,-0.603543240791861,-0.7473133828471099,-1.014992526986205,0,-0.02055712183424887,0,-0.2673548673548673,1,Medium,-22.68942153237429,Evening,0.6949927199730785,71.06030174851476,-0.685213396742357
0.5653440428159818,0.6624549616857945,596298,1996-08-23,-0.0168564137013849,1.3045417237184185,-1.0399656435679565,0.3034430732656457,-0.4794758203104481,-0.9162324671017916,-0.928545848584576,-0.4960148012349781,0.8255147307734235,-0.088444213258695,1.5379470303865548,1.0651746607721837,-1.3280970232907294,2015-01-18,-1.084248584764553,1.254675168926308,0.8688012087468271,1.065807751323357,0.8158289994689738,-0.4727777183844272,-1.5917554880337412,-0.9562606642355124,1.1400563019893055,-1.1607218779702453,-1.2101737191482849,-1.3386995878348875,0.0358008594701839,-1.0823701594841464,-1.0727495028637777,-0.6220189083748117,-1.076927340734668,-0.8527353303012999,-0.3879417152120487,0.4818013027492934,0,-3.5669510623020186,0,-0.44078144078144077,0,Low,0.9949723080135875,Evening,-2.7716957519732572,2.5607674864777543,1.6893255924891108
0.6174927415352865,0.1151524487266119,253005,1991-11-20,1.1871731363975355,0.0609366486770281,1.412783515790431,-0.2696472957959643,-0.4794758203104481,-0.9350141023745672,1.0769527444706637,1.0444038361407302,0.0864684185322207,0.7872410665303631,0.9427662910728726,-0.9019267788874382,-0.658820680210185,2015-01-06,0.7660049728541383,0.3141390602858972,-0.1959061549135001,-0.6643996371885862,-0.5763706583279098,0.9954760654181416,-0.4035680399476188,0.7708808124090012,-0.8238649762007128,-1.1607218779702453,0.0097594654770023,1.3621065745757797,1.2703132549937672,-0.3612180201342527,0.0874406187410202,0.0954790739949442,-0.5519444986950859,0.1440330277364557,1.1393878722369617,-0.6823716759338719,0,1.339599415107778,0,0.1871850371850372,1,Low,1.528013542910979,Night,-0.36902480595912146,1.0216152212926368,0.007806785824868767
0.5305782436697788,0.6624549616857945,985924,1998-10-28,1.1871731363975355,0.0609366486770281,-1.0399656435679565,-1.163333907352785,-0.4794758203104481,-0.4370216943135776,-0.928545848584576,-1.0094876803602142,0.0864684185322207,1.1375151784459865,0.9427662910728726,-0.9019267788874382,0.9538505081700628,2015-01-19,1.6911317516634838,-1.566933156994924,1.9335085724071543,1.065807751323357,-1.5045037635258325,1.484893993352331,0.4693860035442261,-1.244117577009598,-0.8238649762007128,0.071466952146788,1.2296926501022896,1.3621065745757797,0.0358008594701839,-1.8785554694022373,-1.4642624237586823,-1.414169860008473,-1.8863862535868183,0.6424172067553336,-0.5676275490295793,-1.680234229090871,0,1.6148047197228972,0,0.5067599067599068,0,Low,1.004169048229447,Evening,-4.764818537353974,2.5364282031546073,2.8862630679517363
0.6870243398276927,0.4435339565021215,631565,1997-07-14,-0.0168564137013849,-1.182668426364362,1.412783515790431,-0.387207446578014,-0.4794758203104481,-0.6068796780992378,-0.928545848584576,-1.5229605594854505,-1.6379729766972524,-0.6138553811321298,-0.8427759268681739,-0.9019267788874382,-0.8403796881735242,2015-01-17,-0.1591218059552074,-1.566933156994924,-0.1959061549135001,1.065807751323357,1.279895552067935,0.5060581374839519,-0.1472243922555691,-0.3805468386873412,-0.8238649762007128,-1.1607218779702453,-1.2101737191482849,1.3621065745757797,0.0358008594701839,-1.7777533311641545,-1.2572320310341516,-1.3996540048738246,-1.8026856591950384,-0.1051590617729831,0.2409587031493084,0.1491804516969604,0,4.5912286504402875,0,-0.46176046176046176,0,Low,1.0140251977701282,Evening,-4.459571695103015,2.5085449851063792,2.68181836393886
-1.0425741676959122,-1.0889130797835898,630998,2003-04-09,1.1871731363975355,0.0609366486770281,-0.2223825904484937,-0.570534081154136,-0.4794758203104481,-0.3846954444822932,-0.928545848584576,-0.4960148012349781,0.8255147307734235,0.0866928426991166,-0.8427759268681739,-0.9019267788874382,-0.1105836757718667,2015-02-12,-0.1591218059552074,-1.566933156994924,1.9335085724071543,1.065807751323357,0.3517624468700125,-1.4516135742528065,-0.9786091955811356,-0.8123322078484696,-0.8238649762007128,1.3036557822638213,1.2296926501022896,-1.3386995878348875,1.2703132549937672,-1.740994656693876,-1.396618830096212,-1.2773060830246463,-1.746532095868908,-0.1051590617729831,-1.7355854688435284,-0.017129973829206,0,3.0515227148126174,0,0.5144522144522145,0,Low,1.0031811943448141,Evening,-4.420457008989766,2.5390425703124935,2.6794623522958902
0.3741321475118647,0.5529944590939581,926665,1992-02-04,1.1871731363975355,0.0609366486770281,1.412783515790431,-0.6347025008560153,-0.4794758203104481,1.6450467633065415,-0.928545848584576,-1.0094876803602142,0.3328171892792883,0.7872410665303631,-0.8427759268681739,1.3954179681602952,0.9538505081700628,2015-02-11,-1.084248584764553,-0.6263970483545135,-0.1959061549135001,-0.6643996371885862,-1.040437210926871,0.9954760654181416,1.7026067951438166,1.4905230943442151,1.1400563019893055,0.071466952146788,1.2296926501022896,0.461837853772224,0.0358008594701839,0.6335399230047233,0.8499684018452335,0.866893089721965,0.4445163750450289,0.1440330277364557,1.319073706054492,0.4818013027492934,0,-0.9981698832447609,0,0.76993006993007,1,High,0.70163798249496,Night,2.161377866612227,3.4115836690728076,-1.527837943607504
-1.285934761719334,-1.0889130797835898,302669,2006-06-29,-1.2208859638003056,-1.182668426364362,-0.2223825904484937,1.093091614820506,-0.4794758203104481,1.5246405740281006,1.0769527444706637,1.0444038361407302,1.5645610430146262,-0.9641294930477532,0.3475855517591904,-0.9019267788874382,0.9538505081700628,2015-02-21,-1.084248584764553,-0.6263970483545135,-1.2606135185738274,-0.6643996371885862,-0.1123041057289486,0.0166402095497623,-1.491296490965235,-0.2366183823002983,1.1400563019893055,-1.1607218779702453,0.0097594654770023,0.461837853772224,1.2703132549937672,1.5839600835352192,0.0915402304781396,1.7336970106195313,1.7477028446891982,1.1408013857742114,-0.2082558813945181,-1.680234229090871,0,1.4490630181371387,1,0.18765123765123767,1,High,1.1033748637236254,Evening,3.572940085786869,2.255699412647486,-1.98898000225165
0.0525485054094859,0.0056919461347754,620020,1997-06-21,1.1871731363975355,1.3045417237184185,-0.2223825904484937,-1.1143675845279155,-0.4794758203104481,-0.3658161335431657,1.0769527444706637,-1.5229605594854505,-1.3916242059501849,-0.7889924370899414,0.9427662910728726,-0.9019267788874382,0.9538505081700628,2015-01-02,1.6911317516634838,-1.566933156994924,-0.1959061549135001,1.065807751323357,-1.5045037635258325,0.9954760654181416,-0.5629167939183524,-1.1001891206225551,-0.8238649762007128,1.3036557822638213,0.0097594654770023,0.461837853772224,-1.1987115360533993,-1.7038570268166875,-1.3638219361992567,-1.372695988195192,-1.6787240193996176,0.3932251172458947,0.9597020384194308,-1.347613378038538,0,1.5289914920936907,0,0.022150072150072135,0,Low,0.9852499231029372,Evening,-4.415241943794066,2.5913233714019004,2.7113849169773783
-0.8339793728186935,-0.7605315720080802,439828,2006-09-07,1.1871731363975355,1.3045417237184185,1.412783515790431,0.0024333599003814,1.2624890127883643,1.6064369677643646,-0.928545848584576,-0.4960148012349781,0.8255147307734235,-1.489540660921188,0.9427662910728726,1.391828366993033,-0.6018609914373727,2015-01-11,0.7660049728541383,-0.6263970483545135,0.8688012087468271,0.2007040570673854,1.279895552067935,0.5060581374839519,-1.7060708984910065,1.634451550731258,-0.8238649762007128,0.071466952146788,0.0097594654770023,1.3621065745757797,0.0358008594701839,0.3224175339315426,-0.3819649251591541,0.7756505717327474,0.3512802698997549,-0.8527353303012999,0.1511157862405431,-1.014992526986205,0,132.4444811471912,0,0.13380508380508382,1,Medium,1.0895163674875477,Night,0.7449659164733482,2.3105554987466164,-0.4225483825418056
1.0781395802224778,1.1002969720531406,971295,2001-10-01,1.1871731363975355,1.3045417237184185,-1.0399656435679565,0.7297983778621023,-0.4794758203104481,-0.5676280138924636,-0.928545848584576,1.0444038361407302,-0.4062291229619144,0.6121040105725515,1.5379470303865548,-0.9019267788874382,0.9538505081700628,2015-02-23,0.7660049728541383,0.3141390602858972,0.8688012087468271,1.065807751323357,-1.040437210926871,0.9954760654181416,-0.3654629031285303,1.0587377251830867,-0.8238649762007128,-1.1607218779702453,-1.2101737191482849,0.461837853772224,1.2703132549937672,0.7078151827591002,0.3067698466769095,0.3173642881959959,0.8291153087692837,1.3899934752836502,0.420644536966839,-0.017129973829206,0,0.9698763855247405,0,-0.28390498390498387,1,High,1.1713709420111786,Night,1.4532494436421892,2.0531452643218127,-0.7454342608830891
-0.1560462894677327,-0.2132290590488975,165565,2009-02-20,1.1871731363975355,0.0609366486770281,1.412783515790431,1.5226430476013475,-0.4794758203104481,1.468937536874371,-0.928545848584576,0.0174580778902579,1.3182122722675589,1.4877892903616097,0.9427662910728726,-0.9019267788874382,0.9538505081700628,2015-01-28,0.7660049728541383,0.3141390602858972,0.8688012087468271,-1.5295033314445576,-1.040437210926871,-0.4727777183844272,1.7060708984910065,1.4905230943442151,-0.8238649762007128,1.3036557822638213,0.0097594654770023,0.461837853772224,1.2703132549937672,0.1075498182135238,0.7556773318914867,-0.3814704518577837,0.0525009329569454,1.1408013857742114,-0.2082558813945181,0.6481117282754599,0,0.07063359186472325,0,0.2631757131757132,1,Medium,0.4881500097257629,Night,0.42670781299064836,3.9674994581955927,-0.3191579947771246
0.6348756411083881,0.5529944590939581,936543,2001-06-26,-0.0168564137013849,1.3045417237184185,-1.0399656435679565,0.6388316526142277,-0.4794758203104481,1.6677772862332516,1.0769527444706637,-0.4960148012349781,1.3182122722675589,0.4369669546147398,0.9427662910728726,-0.9019267788874382,0.9538505081700628,2015-02-01,1.6911317516634838,-1.566933156994924,1.9335085724071543,1.065807751323357,-1.5045037635258325,0.9954760654181416,-0.1576167022971386,-0.8123322078484696,-0.8238649762007128,0.071466952146788,0.0097594654770023,1.3621065745757797,0.0358008594701839,-1.809964540751512,-1.318726207090943,-1.4307594087337852,-1.823875683091692,1.1408013857742114,1.4987595398720228,-0.017129973829206,0,-2.8332373640338893,0,0.02727827727827728,0,Low,1.0076864213156491,Evening,-4.57336129891642,2.5267698469868196,2.763396758164908
-0.5732358792221701,-0.6510710694162436,296960,1997-01-18,-1.2208859638003056,0.0609366486770281,-1.0399656435679565,0.436246296927069,1.6979802210630677,-0.771784110234203,-0.928545848584576,0.0174580778902579,0.0864684185322207,-0.7889924370899414,0.3475855517591904,1.140556285284687,-1.071778423813074,2015-02-24,0.7660049728541383,1.254675168926308,-0.1959061549135001,0.2007040570673854,-1.040437210926871,1.484893993352331,0.4416731767667072,-0.8123322078484696,-0.8238649762007128,0.071466952146788,1.2296926501022896,-1.3386995878348875,-1.1987115360533993,1.63132950939898,1.497707056310103,1.5221802643718,1.5045473204751032,-0.1051590617729831,1.588602456780788,0.3154908772231269,0,3.7394604411077936,1,0.8435897435897437,1,High,0.9222823405843207,Evening,4.524434641157006,2.773462897364626,-2.893105131758026
0.0351656058363843,0.2246129513184485,501692,2014-06-24,-0.0168564137013849,-1.182668426364362,-0.2223825904484937,-0.498785101014934,-0.4794758203104481,-0.5172552773882138,-0.928545848584576,-1.0094876803602142,-0.652577893708982,0.9623781224881748,-1.437956666181856,-0.9019267788874382,0.9538505081700628,2015-01-20,0.7660049728541383,0.3141390602858972,-1.2606135185738274,-1.5295033314445576,0.3517624468700125,0.0166402095497623,-0.8435091650407311,0.914809268796044,-0.8238649762007128,0.071466952146788,1.2296926501022896,0.461837853772224,-1.1987115360533993,0.6267187256803417,-0.103191327035033,1.3396952283933647,0.5605317558792049,-0.354351151282422,0.0612728693317778,-1.5139238035647045,0,-1.2564929884595042,0,0.6615384615384615,1,High,0.8943898411219052,Night,1.7970356572375366,2.867367315248849,-1.1703169315571949
-0.4950128311432131,-0.2132290590488975,525224,1992-10-02,-0.0168564137013849,0.0609366486770281,-0.2223825904484937,0.2064118996679126,-0.4794758203104481,-0.4799571265084742,1.0769527444706637,0.530930957015494,1.5645610430146262,0.0866928426991166,-0.2475951875544917,-0.9019267788874382,0.9538505081700628,2015-01-14,0.7660049728541383,-0.6263970483545135,0.8688012087468271,-1.5295033314445576,0.3517624468700125,0.0166402095497623,0.3689270064757202,1.4905230943442151,-0.8238649762007128,-1.1607218779702453,0.0097594654770023,-1.3386995878348875,0.0358008594701839,1.0746440166480635,1.2476307403458178,2.671006513599675,0.4974914347866618,-0.603543240791861,-0.9269992166646406,-1.680234229090871,0,5.206283223466191,0,0.3191197691197691,1,High,0.4629355992720206,Night,4.4161286887321545,4.1093836758360895,-3.341484672084091
-1.7031243514737713,-1.9645971005182816,355085,2012-10-09,-0.0168564137013849,1.3045417237184185,-1.0399656435679565,-0.9609124556750824,-0.4794758203104481,-0.5159715400590196,1.0769527444706637,-0.4960148012349781,0.5791659600263559,-1.3144036049633765,-1.437956666181856,-0.9019267788874382,0.9538505081700628,2015-02-05,0.7660049728541383,-0.6263970483545135,-1.2606135185738274,0.2007040570673854,1.279895552067935,-0.9621956463186168,0.074478221964582,1.3465946379571725,-0.8238649762007128,-1.1607218779702453,-1.2101737191482849,-1.3386995878348875,-1.1987115360533993,1.4589047992548907,1.354220645510923,1.3770217130253175,1.3376758822889596,-0.603543240791861,-0.7473133828471099,1.1470430048539593,0,-1.518251021609422,1,-0.16479076479076477,1,High,0.9169035334372878,Night,4.0689182408252,2.789020540533409,-2.610013441570309
0.8087046368394036,0.990836469461304,830729,1993-02-10,-0.0168564137013849,-1.182668426364362,-0.2223825904484937,1.1563175864680146,-0.4794758203104481,1.6359350190025872,-0.928545848584576,0.530930957015494,1.0718635015204911,-1.139266549005565,1.5379470303865548,-0.9019267788874382,-0.9934588517504572,2015-01-11,0.7660049728541383,1.254675168926308,-0.1959061549135001,-0.6643996371885862,0.3517624468700125,0.0166402095497623,-1.425478527368628,0.0512385304737872,-0.8238649762007128,-1.1607218779702453,-1.2101737191482849,-1.3386995878348875,-1.1987115360533993,0.2970275216685668,-0.2815244375997281,0.9788725436178228,0.2379136420526605,0.6424172067553336,-0.2980987983032834,-0.1834403993553725,0,0.2568734301641211,0,-0.35080475080475076,1,Medium,0.8009791137772675,Night,0.9352617480707552,3.1487270744805715,-0.6382342264021885
-0.4689384817835608,-0.8699920745999167,651948,1994-09-28,-0.0168564137013849,1.3045417237184185,-0.2223825904484937,0.401949382948479,-0.4794758203104481,-0.6225077847155147,1.0769527444706637,1.0444038361407302,0.8255147307734235,-1.6646777168789997,-1.437956666181856,0.9933826374269418,0.9538505081700628,2015-01-02,-1.084248584764553,-0.6263970483545135,-1.2606135185738274,-1.5295033314445576,-1.040437210926871,-1.4516135742528065,0.4139603499891884,-0.8123322078484696,1.1400563019893055,-1.1607218779702453,-1.2101737191482849,1.3621065745757797,1.2703132549937672,0.4561887925708029,-0.1954325911202201,1.1530628052336016,0.3936603176930613,-0.8527353303012999,-0.3879417152120487,-0.8486821014600384,1,1.1349380717701072,0,-0.341014541014541,1,Medium,0.862931008330186,Evening,1.3512905318064428,2.9621235586868506,-0.8951017392356398
-1.7378901506199744,-0.5416105668244071,424358,2003-05-24,1.1871731363975355,1.3045417237184185,-1.0399656435679565,0.1086841340299937,-0.4794758203104481,1.6034369294407045,-0.928545848584576,-1.0094876803602142,0.0864684185322207,-1.489540660921188,-0.2475951875544917,-0.9019267788874382,0.9538505081700628,2015-02-12,-1.084248584764553,1.254675168926308,-1.2606135185738274,1.065807751323357,1.279895552067935,0.5060581374839519,0.2892526294903534,-1.6759029461707264,2.1220169410843157,-1.1607218779702453,-1.2101737191482849,-1.3386995878348875,-1.1987115360533993,0.5350115172081009,-0.2774248258626087,0.987167317980479,0.5674185136456172,0.1440330277364557,1.1393878722369617,-1.5139238035647045,1,4.9225823014622625,0,-0.3503385503385503,1,High,1.0605705388102378,Evening,1.2771610057634875,2.3871609816312334,-0.7421494885553865
0.0525485054094859,-0.4321500642325706,131478,1991-12-25,-1.2208859638003056,1.3045417237184185,-0.2223825904484937,0.3682261330029831,-0.4794758203104481,-0.456375429917842,1.0769527444706637,1.0444038361407302,0.3328171892792883,1.1375151784459865,-0.8427759268681739,0.7098041452132372,-2.299971712976839,2015-01-03,0.7660049728541383,-0.6263970483545135,0.8688012087468271,-1.5295033314445576,1.279895552067935,-1.4516135742528065,0.2407551826296953,-0.0926899259132555,-0.8238649762007128,0.071466952146788,-1.2101737191482849,0.461837853772224,-1.1987115360533993,0.2060782240101462,-0.3307197784451612,-0.3275544185005188,0.4572303893830208,-0.1051590617729831,1.588602456780788,1.3133534303801258,0,0.5596497529378877,0,-0.35639915639915637,1,Medium,2.2187117191420973,Evening,-0.20104380756265922,-0.9755656278711576,0.4071220315728054
-0.9817340191900568,-0.8699920745999167,268833,1999-09-18,-0.0168564137013849,-1.182668426364362,-0.2223825904484937,0.3359780191425884,1.2624890127883643,-0.9666749719391498,-0.928545848584576,-0.4960148012349781,1.3182122722675589,-0.6138553811321298,0.3475855517591904,1.3810595634912468,0.9538505081700628,2015-02-25,0.7660049728541383,1.254675168926308,-0.1959061549135001,1.065807751323357,-1.5045037635258325,-0.4727777183844272,0.6010219307374409,1.0587377251830867,-0.8238649762007128,-1.1607218779702453,0.0097594654770023,-1.3386995878348875,0.0358008594701839,0.2958906554478366,-0.1441874444062273,-0.1388483017500917,0.4863666722409189,1.6391855647930893,0.6003303707843697,0.9807325793277928,0,0.8806819431848558,0,0.1608447108447109,1,Medium,1.6437323029768969,Night,0.2033309260845999,0.6871803321957675,0.0925597293632367
-0.3211838354121975,-0.3226895616407341,287489,1994-02-03,-1.2208859638003056,-1.182668426364362,-0.2223825904484937,-1.2578245688039555,-0.4794758203104481,-0.7341231640222999,-0.928545848584576,1.0444038361407302,0.0864684185322207,0.7872410665303631,-0.2475951875544917,-0.9019267788874382,-0.413182022377432,2015-01-19,-1.084248584764553,0.3141390602858972,-1.2606135185738274,-1.5295033314445576,-1.5045037635258325,1.484893993352331,-1.3977657005911088,1.4905230943442151,1.1400563019893055,-1.1607218779702453,-1.2101737191482849,-1.3386995878348875,0.0358008594701839,0.641119031142925,0.2616741175685958,0.2717430292013871,0.7591882299103283,1.3899934752836502,0.420644536966839,0.4818013027492934,1,-0.5097050548611956,0,-0.289033189033189,1,High,1.1841592728851773,Night,1.2926053766803112,2.0161675098124494,-0.6514863455373862
2.286251100553036,2.085441495379669,808153,2003-01-18,-0.0168564137013849,1.3045417237184185,1.412783515790431,-1.1432556661944706,-0.4794758203104481,-0.7913750581710359,1.0769527444706637,1.0444038361407302,-0.4062291229619144,0.6121040105725515,0.3475855517591904,2.048725380601994,0.9538505081700628,2015-01-03,0.7660049728541383,-0.6263970483545135,0.8688012087468271,-0.6643996371885862,-1.040437210926871,-0.9621956463186168,1.4947605943124251,-1.388046033396641,-0.8238649762007128,1.3036557822638213,1.2296926501022896,1.3621065745757797,0.0358008594701839,0.1113393722826246,-0.3819649251591541,0.7756505717327474,0.0562091871388597,1.6391855647930893,0.6003303707843697,1.4796638559062922,0,-0.09738807596844347,0,0.6298368298368299,1,Medium,0.5048410202561494,Evening,0.44989483371245304,4.040716089671833,-0.33855546142982845
0.521886793883228,0.8813759668694676,687639,2005-03-07,-0.0168564137013849,0.0609366486770281,1.412783515790431,-0.3070993619565751,3.875436262436583,1.3940063471159714,-0.928545848584576,0.0174580778902579,-0.4062291229619144,-0.088444213258695,-0.2475951875544917,-0.9019267788874382,-1.445576381384655,2015-02-12,-1.084248584764553,-0.6263970483545135,0.8688012087468271,-1.5295033314445576,-0.5763706583279098,-1.4516135742528065,0.7361219612778455,0.6269523560219584,2.1220169410843157,1.3036557822638213,0.0097594654770023,0.461837853772224,1.2703132549937672,0.364102628691652,-0.3614668664735569,-0.3586598223604793,0.6940289064281199,0.3932251172458947,0.690173287693135,-0.6823716759338719,0,-1.1856221777670617,0,0.13613608613608616,1,Medium,1.906130155642781,Night,-0.026097782405916314,-0.07167679844250527,0.3902004110975683
0.5740354926025326,0.6624549616857945,497347,2003-08-23,1.1871731363975355,1.3045417237184185,-1.0399656435679565,-0.2822269285216836,-0.4794758203104481,1.593069355140799,-0.928545848584576,1.557876715265966,1.3182122722675589,0.2618298986569282,-0.8427759268681739,2.0846213922746157,-0.9436191240742464,2015-02-24,-1.084248584764553,1.254675168926308,0.8688012087468271,0.2007040570673854,0.8158289994689738,-0.9621956463186168,1.6125401081168802,1.634451550731258,1.1400563019893055,-1.1607218779702453,-1.2101737191482849,-1.3386995878348875,1.2703132549937672,0.0598014369428529,0.5015014041900823,-1.5344440882669867,0.3459827639255917,-1.1019274198107387,-1.645742551934763,-0.017129973829206,0,-0.21189207262456863,0,-0.2617604617604617,1,Medium,5.785429183366093,Night,-0.6869599201513128,-11.487155963355983,0.7467613570941657
0.9216934840645638,0.990836469461304,439660,2002-07-11,1.1871731363975355,-1.182668426364362,-0.2223825904484937,-1.6851223214547826,-0.4794758203104481,-0.9331164037140192,-0.928545848584576,1.0444038361407302,1.3182122722675589,-1.6646777168789997,-0.2475951875544917,-0.9019267788874382,0.9538505081700628,2015-02-25,0.7660049728541383,-0.6263970483545135,-1.2606135185738274,1.065807751323357,-1.5045037635258325,0.0166402095497623,0.497098830321745,1.3465946379571725,-0.8238649762007128,1.3036557822638213,0.0097594654770023,-1.3386995878348875,0.0358008594701839,0.0912547357163901,-0.2671757965198101,-0.2632699171899337,0.2638714213260607,-1.3511195093201778,-1.2863708842997017,-0.017129973829206,1,-0.054153214106631174,0,0.1468586968586969,1,Medium,2.8915598483161173,Night,-0.26657429238368313,-2.921178491313228,0.3578290281000732
-0.5297786302894162,-0.5416105668244071,847123,2014-03-19,-1.2208859638003056,-1.182668426364362,-1.0399656435679565,0.7615957556964945,-0.4794758203104481,-0.922539524414789,1.0769527444706637,-1.0094876803602142,1.3182122722675589,1.4877892903616097,1.5379470303865548,1.5354124136835163,0.9538505081700628,2015-02-17,0.7660049728541383,-0.6263970483545135,-0.1959061549135001,0.2007040570673854,-1.040437210926871,-0.9621956463186168,1.62293241815845,-0.2366183823002983,-0.8238649762007128,-1.1607218779702453,1.2296926501022896,1.3621065745757797,1.2703132549937672,0.2174468862174487,0.87456607226795,-0.3213333377285267,0.1600403042324602,0.3932251172458947,0.9597020384194308,-1.014992526986205,0,0.28551445970721007,0,0.7727272727272727,1,Medium,0.7359938374954784,Evening,0.7132730387718835,3.2802022184690625,-0.49582615255443485
-0.5037042809297639,-0.7605315720080802,172307,1993-12-06,1.1871731363975355,-1.182668426364362,1.412783515790431,0.0820497324934538,-0.4794758203104481,-0.975870438242834,1.0769527444706637,-1.5229605594854505,1.3182122722675589,-0.2635812692165066,0.3475855517591904,-0.9019267788874382,0.9538505081700628,2015-02-09,0.7660049728541383,0.3141390602858972,-1.2606135185738274,-0.6643996371885862,-1.5045037635258325,0.9954760654181416,-0.62527065416777,0.0512385304737872,-0.8238649762007128,-1.1607218779702453,-1.2101737191482849,1.3621065745757797,-1.1987115360533993,0.2720164648125011,-0.1585360854861453,-0.1533641568847399,0.4604088929675187,0.8916092962647725,-1.016842133573406,-1.680234229090871,0,3.3152228693900225,0,-0.33681873681873675,1,Medium,1.6925710754817673,Night,0.14850865059663348,0.5459526310158027,0.1235078142158676
-0.8861280715379981,-1.1983735823754262,810189,1999-08-29,1.1871731363975355,0.0609366486770281,-1.0399656435679565,-0.7416498670258134,-0.4794758203104481,-0.7753562488893521,1.0769527444706637,0.530930957015494,0.8255147307734235,-0.4387183251743182,1.5379470303865548,1.0795330654412318,0.9538505081700628,2015-02-15,0.7660049728541383,1.254675168926308,0.8688012087468271,1.065807751323357,-0.1123041057289486,0.0166402095497623,0.9405040587620472,-0.8123322078484696,-0.8238649762007128,0.071466952146788,0.0097594654770023,-1.3386995878348875,0.0358008594701839,0.782090442513477,-0.0191492864240848,-0.0123529927195855,1.1014071158412768,0.3932251172458947,0.690173287693135,-1.5139238035647045,0,-1.0545292756258686,0,0.1750638250638251,1,High,1.4082843206947597,Evening,1.0699048366976065,1.3680047863190496,-0.28781439418412946
-1.24247751278658,-1.7456760953346089,432068,2007-03-09,-1.2208859638003056,-1.182668426364362,-1.0399656435679565,-0.5928660024424657,-0.4794758203104481,-0.7305789327003942,1.0769527444706637,0.0174580778902579,0.0864684185322207,0.6121040105725515,-0.2475951875544917,1.0579954584376592,0.9538505081700628,2015-02-25,0.7660049728541383,1.254675168926308,-1.2606135185738274,-0.6643996371885862,-0.1123041057289486,0.9954760654181416,-1.3908374938967292,-0.8123322078484696,-0.8238649762007128,-1.1607218779702453,0.0097594654770023,0.461837853772224,-1.1987115360533993,-0.4135138662878445,-0.5705470650666477,-0.5701765686082109,-0.2849501975972561,-0.8527353303012999,0.1511157862405431,-1.347613378038538,0,0.697484021799674,0,0.11235986235986237,0,Low,0.6890963276555063,Evening,-1.4256738312721147,3.4477133542918814,1.0121599649842703
0.443663745804271,0.5529944590939581,903203,2004-01-03,1.1871731363975355,1.3045417237184185,1.412783515790431,-1.8088698485937829,2.1334714293377703,-0.9202092620889692,-0.928545848584576,1.557876715265966,1.3182122722675589,0.9623781224881748,-0.8427759268681739,1.5569500206870888,0.9538505081700628,2015-02-05,-0.1591218059552074,-1.566933156994924,1.9335085724071543,1.065807751323357,-1.5045037635258325,-0.4727777183844272,-1.3839092872023495,-0.6684037514614268,-0.8238649762007128,-1.1607218779702453,1.2296926501022896,0.461837853772224,0.0358008594701839,-1.7569107837840998,-1.3925192183590926,-1.2690113086619903,-1.7719601245448915,1.3899934752836502,0.420644536966839,-0.017129973829206,1,0.9712759358700465,0,0.514918414918415,0,Low,1.0085663708516528,Evening,-4.433490651565974,2.5234594812358275,2.6765798677818746
0.0612399551960367,0.1151524487266119,253085,1991-04-25,-1.2208859638003056,1.3045417237184185,-0.2223825904484937,1.3089941712759336,-0.4794758203104481,-0.5573023005924235,-0.928545848584576,1.557876715265966,1.0718635015204911,-0.088444213258695,0.3475855517591904,-0.9019267788874382,0.9538505081700628,2015-01-12,1.6911317516634838,-1.566933156994924,1.9335085724071543,1.065807751323357,1.279895552067935,0.5060581374839519,1.6852862784078677,-1.244117577009598,-0.8238649762007128,0.071466952146788,0.0097594654770023,-0.4384308670313317,0.0358008594701839,-1.8785554694022373,-1.4048180535704509,-1.4743069741377297,-1.8863862535868183,-1.3511195093201778,-1.2863708842997017,-0.1834403993553725,0,-1.4351126044041316,0,0.01748806748806749,0,Low,1.004169048229447,Evening,-4.765511281294999,2.5367969675169446,2.8869558118927614
-1.24247751278658,-1.0889130797835898,180720,1995-03-14,-0.0168564137013849,0.0609366486770281,-0.2223825904484937,-0.5783195216032787,-0.4794758203104481,1.571203959544633,1.0769527444706637,0.0174580778902579,0.5791659600263559,-0.6138553811321298,0.9427662910728726,-0.9019267788874382,-1.395736653708444,2015-01-01,-0.1591218059552074,-1.566933156994924,1.9335085724071543,1.065807751323357,0.8158289994689738,-0.4727777183844272,-0.5490603805295929,-0.2366183823002983,-0.8238649762007128,1.3036557822638213,1.2296926501022896,-0.4384308670313317,1.2703132549937672,-1.775858554129604,-1.4027682477018912,-1.4120961664178089,-1.7592461102068997,1.6391855647930893,0.8698591215106656,0.8144221538016264,0,3.070727441352513,0,0.5137529137529138,0,Low,0.9906459592527138,Evening,-4.5741105243266,2.5757192707770393,2.798251970196996
-0.8339793728186935,-0.8699920745999167,492224,2005-12-09,-0.0168564137013849,1.3045417237184185,1.412783515790431,-0.3307015393181858,-0.4794758203104481,1.5007518967717917,1.0769527444706637,1.0444038361407302,-1.1452754352031171,0.2618298986569282,-0.8427759268681739,-0.9019267788874382,0.9538505081700628,2015-02-19,0.7660049728541383,0.3141390602858972,0.8688012087468271,-0.6643996371885862,-1.040437210926871,-0.9621956463186168,-0.1645449089915183,0.3390954432478728,-0.8238649762007128,0.071466952146788,-1.2101737191482849,0.461837853772224,0.0358008594701839,0.1731091036089687,-0.217980455674377,-0.2135012710139969,0.352869521692004,0.3932251172458947,0.690173287693135,0.1491804516969604,0,-0.523461812205908,0,-0.34357864357864354,1,Medium,2.038410897662487,Night,-0.07861220499636995,-0.45411679247760045,0.25172130860533865
0.8608533355587084,1.209757474644977,411477,2001-12-25,1.1871731363975355,-1.182668426364362,-1.0399656435679565,-1.8982385097494647,-0.4794758203104481,1.6696191702273129,1.0769527444706637,0.530930957015494,-0.652577893708982,0.4369669546147398,0.3475855517591904,1.0579954584376592,-0.6659406413067865,2015-01-14,-1.084248584764553,-0.6263970483545135,0.8688012087468271,0.2007040570673854,1.279895552067935,-0.4727777183844272,-0.846973268387921,0.7708808124090012,1.1400563019893055,0.071466952146788,-1.2101737191482849,1.3621065745757797,0.0358008594701839,1.1064762708285107,1.276328022505654,1.2982213565800842,0.8852688720954146,0.3932251172458947,0.690173287693135,0.4818013027492934,0,-0.5828966423567021,1,-0.1736485736485736,1,High,0.8000786780125551,Night,3.4598182511811526,3.1268769295102663,-2.353341980352642
-0.4515555822104592,-0.6510710694162436,107181,1999-11-14,-0.0168564137013849,0.0609366486770281,-1.0399656435679565,-1.2862209384421437,-0.4794758203104481,-0.3102386793890308,-0.928545848584576,1.557876715265966,-0.4062291229619144,1.4877892903616097,1.5379470303865548,-0.9019267788874382,0.9538505081700628,2015-01-30,0.7660049728541383,1.254675168926308,-1.2606135185738274,-0.6643996371885862,0.3517624468700125,-0.4727777183844272,-0.8539014750823007,0.6269523560219584,-0.8238649762007128,1.3036557822638213,-1.2101737191482849,-1.3386995878348875,-1.1987115360533993,0.6684038204404512,-0.2118310380686978,2.4470476058079598,0.3639942842377469,-0.8527353303012999,0.1511157862405431,-0.6823716759338719,1,-0.5196652613316001,0,-0.34287934287934285,1,High,0.5445716025774464,Night,2.599210851977009,3.8886775985012143,-1.930807031536558
-0.7296819753800842,-0.5416105668244071,312940,2001-10-27,-0.0168564137013849,1.3045417237184185,-0.2223825904484937,-0.8182749914463204,-0.4794758203104481,-0.510487749076701,-0.928545848584576,0.0174580778902579,-1.1452754352031171,-0.7889924370899414,-0.8427759268681739,1.8943725304097248,0.9538505081700628,2015-01-20,-0.1591218059552074,-1.566933156994924,-0.1959061549135001,1.065807751323357,0.8158289994689738,-0.9621956463186168,-0.9093271286373386,-1.244117577009598,-0.8238649762007128,0.071466952146788,1.2296926501022896,-0.4384308670313317,-1.1987115360533993,-1.8565760558014524,-1.4048180535704509,-1.414169860008473,-1.8710234862617448,1.1408013857742114,-0.2082558813945181,-0.5160612504077055,0,2.2688929077654127,0,0.5135198135198136,0,Low,1.0077823034491085,Evening,-4.690011399840668,2.5261631008050296,2.833435344039216
-0.5210871805028654,-0.3226895616407341,855186,1993-10-31,-0.0168564137013849,1.3045417237184185,1.412783515790431,-0.002975472411654,2.1334714293377703,-0.4871432648186373,-0.928545848584576,-1.5229605594854505,-0.8989266644560496,-0.4387183251743182,-0.2475951875544917,-0.0547809034135866,0.3984935426351431,2015-02-18,-0.1591218059552074,-1.566933156994924,-0.1959061549135001,1.065807751323357,-1.5045037635258325,-1.4516135742528065,-0.7846194081385035,-0.6684037514614268,-0.8238649762007128,0.071466952146788,-1.2101737191482849,-1.3386995878348875,-1.1987115360533993,-1.7190152430930912,-1.3720211596734957,-1.2275374368487098,-1.7348775827257483,0.3932251172458947,0.690173287693135,1.4796638559062922,0,577.9227389563204,0,-0.47481407481407484,0,Low,1.0092281606719637,Evening,-4.3344361792479535,2.5214661231944353,2.6154209361548624
1.8256042618658448,1.4286784798286505,373935,2003-02-13,-0.0168564137013849,1.3045417237184185,-1.0399656435679565,0.3225788663695907,-0.4794758203104481,-0.6776945362042428,-0.928545848584576,-0.4960148012349781,0.3328171892792883,0.9623781224881748,0.9427662910728726,0.6774977347078784,-1.5737356811234826,2015-01-07,0.7660049728541383,0.3141390602858972,0.8688012087468271,1.065807751323357,0.3517624468700125,0.0166402095497623,-0.9647527821923764,0.19516698686083,-0.8238649762007128,1.3036557822638213,0.0097594654770023,-0.4384308670313317,-1.1987115360533993,0.077612341067627,-0.275375019994049,-0.2715646915525899,0.2490384045984034,0.1440330277364557,1.1393878722369617,-1.014992526986205,1,0.24059883817641586,0,0.14592629592629594,1,Medium,3.2087061473285656,Night,-0.29790130694823547,-3.83827448799897,0.37551364801586246
-0.3559496345584007,-0.2132290590488975,812989,2004-03-06,-0.0168564137013849,0.0609366486770281,-1.0399656435679565,-0.3173843385499159,2.1334714293377703,-0.8350500346968813,-0.928545848584576,0.0174580778902579,1.3182122722675589,1.312652234403798,0.3475855517591904,-0.9019267788874382,-1.442016400836354,2015-01-16,0.7660049728541383,0.3141390602858972,0.8688012087468271,-0.6643996371885862,-1.040437210926871,1.484893993352331,0.6114142407790105,1.2026661815701296,-0.8238649762007128,1.3036557822638213,1.2296926501022896,1.3621065745757797,1.2703132549937672,-0.1274025340707295,-0.511102694878416,0.5143651793090791,-0.1774108263217413,1.1408013857742114,1.4987595398720228,-0.017129973829206,0,0.4014153189414903,0,0.6151515151515152,1,Medium,1.3925328891506765,Night,-0.17414834189107817,1.3669249994619082,0.04674580782034868
1.2867343750996965,1.5381389824204867,993840,2013-07-12,-1.2208859638003056,0.0609366486770281,-1.0399656435679565,2.199402702643643,-0.4794758203104481,1.645856075970599,1.0769527444706637,-1.5229605594854505,-0.652577893708982,1.4877892903616097,1.5379470303865548,-0.9019267788874382,0.9538505081700628,2015-01-15,0.7660049728541383,-0.6263970483545135,-0.1959061549135001,-0.6643996371885862,-1.5045037635258325,0.9954760654181416,1.498224697659615,1.634451550731258,-0.8238649762007128,1.3036557822638213,1.2296926501022896,0.461837853772224,0.0358008594701839,0.605876178300287,1.038550541752727,-0.2383855941019653,0.6394645948942379,0.1440330277364557,0.5104874538756043,0.6481117282754599,0,0.27547292821778685,0,0.7913752913752914,1,High,1.0554360154118632,Night,1.4396295425449996,2.376107888043747,-0.8337533642447127
-1.5379868055293064,-0.7605315720080802,327856,2014-08-27,1.1871731363975355,-1.182668426364362,-1.0399656435679565,-1.0163120108710852,-0.4794758203104481,-0.3964444317777442,-0.928545848584576,1.557876715265966,-1.6379729766972524,0.2618298986569282,-0.2475951875544917,0.4585320635048913,0.9538505081700628,2015-02-01,0.7660049728541383,-0.6263970483545135,0.8688012087468271,-1.5295033314445576,0.3517624468700125,-1.4516135742528065,-0.7153373411947063,-0.0926899259132555,-0.8238649762007128,0.071466952146788,0.0097594654770023,-1.3386995878348875,-1.1987115360533993,0.3311335082904746,0.9975544243815327,-0.2591225300086057,0.2712879296898893,0.3932251172458947,0.690173287693135,1.3133534303801258,0,-0.32581906989933956,0,0.2906815406815407,1,Medium,0.819268070520493,Evening,1.0097198240628165,3.049273931840048,-0.6785863157723419
0.3046005492194585,0.0056919461347754,506333,1990-06-22,-1.2208859638003056,-1.182668426364362,-1.0399656435679565,0.5754008009548989,-0.4794758203104481,-0.8219614954057495,-0.928545848584576,1.0444038361407302,1.0718635015204911,-0.4387183251743182,-1.437956666181856,-0.9019267788874382,0.9538505081700628,2015-01-06,-1.084248584764553,0.3141390602858972,-1.2606135185738274,-1.5295033314445576,1.279895552067935,0.0166402095497623,0.0467653951870631,-1.6759029461707264,2.1220169410843157,-1.1607218779702453,-1.2101737191482849,1.3621065745757797,0.0358008594701839,0.914345879525097,-0.0908924918236748,1.3645795514813333,0.9530769485647048,-0.1051590617729831,1.6784453736895533,0.3154908772231269,0,1.5890563394270036,0,-0.3291264291264291,1,High,1.0423581792718797,Evening,2.2267640082223634,2.4353602096601707,-1.3124181286972663
-1.485838106810002,-0.7605315720080802,263159,2008-03-07,1.1871731363975355,-1.182668426364362,-1.0399656435679565,0.599781522361424,1.6979802210630677,-0.4441659716238756,-0.928545848584576,1.557876715265966,1.0718635015204911,-1.6646777168789997,-1.437956666181856,1.6215628416978063,-0.8368197076252234,2015-02-02,0.7660049728541383,0.3141390602858972,-0.1959061549135001,-1.5295033314445576,-1.040437210926871,0.5060581374839519,1.2592015667035146,-1.388046033396641,-0.8238649762007128,1.3036557822638213,-1.2101737191482849,-0.4384308670313317,-1.1987115360533993,0.1253607223382978,-0.246677737834213,1.0493781257004,-0.0290806590451692,-0.603543240791861,-0.9269992166646406,1.1470430048539593,0,0.2090102956730647,0,-0.3468420468420468,1,Medium,-0.23197399096586208,Evening,0.7736197288210178,6.171100032698564,-0.6482590064827201
-1.007808368549709,-0.9794525771917532,372912,1992-08-05,-0.0168564137013849,-1.182668426364362,-0.2223825904484937,0.7436072906587397,-0.4794758203104481,1.579115688519123,-0.928545848584576,-1.0094876803602142,-0.4062291229619144,-0.4387183251743182,-1.437956666181856,0.6344225207007334,-0.8688595325599303,2015-02-25,0.7660049728541383,1.254675168926308,0.8688012087468271,-0.6643996371885862,0.3517624468700125,0.5060581374839519,1.5328657311315137,-1.244117577009598,-0.8238649762007128,0.071466952146788,1.2296926501022896,-1.3386995878348875,1.2703132549937672,0.1227080344899272,1.346021422036684,-1.5344440882669867,0.2156641169611747,0.1440330277364557,0.5104874538756043,-0.349750824881539,0,0.16501703387575728,0,0.8263403263403264,1,Medium,1.7575243571725592,Evening,0.02724145073087192,0.22200036732509768,0.09546658375905528
-0.8948195213245489,-0.6510710694162436,552788,1991-09-03,-1.2208859638003056,1.3045417237184185,-0.2223825904484937,0.2345214372895536,-0.4794758203104481,-0.873464478906355,-0.928545848584576,-1.0094876803602142,1.3182122722675589,0.4369669546147398,0.9427662910728726,-0.4675850376487261,0.9538505081700628,2015-02-10,-0.1591218059552074,-1.566933156994924,1.9335085724071543,1.065807751323357,-1.040437210926871,-0.4727777183844272,0.6772322043756178,-1.244117577009598,-0.8238649762007128,1.3036557822638213,0.0097594654770023,-1.3386995878348875,0.0358008594701839,-1.836870374642128,-1.3638219361992567,-1.4535700382310894,-1.8440062057935125,-1.3511195093201778,-1.376213801208467,-1.347613378038538,0,-7.832386512230522,0,0.022150072150072135,0,Low,1.0038853231753482,Evening,-4.661398180223858,2.5376862636909197,2.82452780558173
-1.598826954035162,-0.2132290590488975,722747,2011-09-02,-1.2208859638003056,0.0609366486770281,-1.0399656435679565,0.924967077121394,-0.4794758203104481,1.572878399539234,-0.928545848584576,-1.5229605594854505,-0.4062291229619144,-0.4387183251743182,-1.437956666181856,0.2826416063090492,-0.598301010889072,2015-02-22,-1.084248584764553,0.3141390602858972,0.8688012087468271,0.2007040570673854,-1.040437210926871,-1.4516135742528065,-1.6541093482831586,0.4830238996349156,1.1400563019893055,-1.1607218779702453,1.2296926501022896,-0.4384308670313317,0.0358008594701839,0.3027118527722181,-0.1400878326691079,-0.1347009145687636,0.4937831806047474,-0.8527353303012999,-0.3879417152120487,-0.349750824881539,0,0.3272673514466487,0,0.6573426573426573,1,Medium,1.6311933110296566,Night,0.2189944333668759,0.7234394950902938,0.08371741940534222
-0.6775332766607794,-0.9794525771917532,248467,2012-10-06,-1.2208859638003056,0.0609366486770281,1.412783515790431,-0.3468870602519294,-0.4794758203104481,-0.4053747784156168,-0.928545848584576,-1.5229605594854505,0.8255147307734235,0.4369669546147398,-0.8427759268681739,0.7672377638894304,-0.566261185954365,2015-01-31,0.7660049728541383,1.254675168926308,-0.1959061549135001,0.2007040570673854,-1.040437210926871,0.0166402095497623,-1.096388709385591,1.634451550731258,-0.8238649762007128,-1.1607218779702453,1.2296926501022896,1.3621065745757797,0.0358008594701839,-0.1527925463337053,-0.6156427941749614,-0.6157978276028195,0.1028272397114967,0.1440330277364557,0.5104874538756043,0.9807325793277928,0,0.44046897192334045,0,0.6032634032634032,1,Low,-0.6729903726932396,Night,-1.1286133820662843,7.386621898578927,0.9758208357325789
0.521886793883228,0.4435339565021215,955953,2014-01-18,-1.2208859638003056,1.3045417237184185,1.412783515790431,0.3971551906719015,-0.4794758203104481,-0.7501001123041188,1.0769527444706637,-1.5229605594854505,-1.6379729766972524,0.0866928426991166,-0.8427759268681739,-0.9019267788874382,0.6512521615644976,2015-02-12,-1.084248584764553,-0.6263970483545135,-0.1959061549135001,1.065807751323357,1.279895552067935,1.484893993352331,1.6922144851022471,-0.3805468386873412,1.1400563019893055,1.3036557822638213,1.2296926501022896,-1.3386995878348875,0.0358008594701839,1.6063184525429142,2.022457358661389,2.053045823581793,1.198351475168465,0.6424172067553336,-0.5676275490295793,0.3154908772231269,0,4.044550960732538,1,0.9032634032634033,1,High,0.7460231358534519,Evening,5.273854657411647,3.283191677136682,-3.6675362048687328
-1.0947228664152169,-1.6362155927427724,910622,1992-03-22,-0.0168564137013849,-1.182668426364362,-1.0399656435679565,-0.3314800833631003,-0.4794758203104481,-0.368690588867231,1.0769527444706637,1.0444038361407302,-0.1598803522148468,0.2618298986569282,-1.437956666181856,-0.9019267788874382,0.9538505081700628,2015-01-06,1.6911317516634838,-1.566933156994924,-0.1959061549135001,1.065807751323357,-1.040437210926871,-0.9621956463186168,-1.037498952483363,1.2026661815701296,-0.8238649762007128,-1.1607218779702453,-1.2101737191482849,-0.4384308670313317,1.2703132549937672,-1.7159835998378103,-1.3843199948848537,-1.3934329241018324,-1.6850810265686136,0.3932251172458947,0.690173287693135,-0.349750824881539,0,5.176747752611985,0,-0.47621267621267616,0,Low,0.981991907568225,Night,-4.4628339455553,2.600745453932408,2.7468503457174895
-0.7036076260204318,-1.1983735823754262,137675,2012-12-03,-1.2208859638003056,-1.182668426364362,1.412783515790431,2.37502584877535,-0.4794758203104481,-0.4277564596767849,1.0769527444706637,1.0444038361407302,-0.4062291229619144,-0.9641294930477532,0.3475855517591904,0.4621216646721534,-0.5128614777298535,2015-01-01,0.7660049728541383,1.254675168926308,-1.2606135185738274,-1.5295033314445576,-1.5045037635258325,0.9954760654181416,-0.6806963077228076,-0.9562606642355124,-0.8238649762007128,-1.1607218779702453,1.2296926501022896,-0.4384308670313317,1.2703132549937672,1.024621902935932,1.2025350112375042,-0.1554378504754039,1.161268933349322,-0.354351151282422,0.7800162046019002,0.9807325793277928,1,0.4314148715684053,0,0.8100233100233101,1,High,1.1333622643236332,Evening,2.2083660941114225,2.155296439093464,-1.1837441911754905
1.2432771261669426,1.3192179772368136,343421,1996-10-18,1.1871731363975355,1.3045417237184185,-1.0399656435679565,0.919435316802266,3.43994505416188,-0.9602283779599354,-0.928545848584576,0.530930957015494,1.3182122722675589,0.4369669546147398,0.9427662910728726,-0.9019267788874382,0.5230928618256699,2015-01-07,0.7660049728541383,1.254675168926308,0.8688012087468271,0.2007040570673854,-1.5045037635258325,-0.4727777183844272,1.37005287381359,0.4830238996349156,-0.8238649762007128,1.3036557822638213,-1.2101737191482849,0.461837853772224,-1.1987115360533993,1.9250199497542968,0.2452756706201181,2.0447510492191365,2.1052844979452203,1.1408013857742114,1.4987595398720228,-1.347613378038538,0,2.093695794450864,1,-0.29089799089799084,1,High,1.0936423825485806,Night,4.395311217784474,2.2832537060677067,-2.4702912680301776
-0.3559496345584007,-0.103768556457061,413192,1997-10-02,-0.0168564137013849,1.3045417237184185,1.412783515790431,0.809332798450447,-0.4794758203104481,1.4845377361574044,-0.928545848584576,1.557876715265966,1.0718635015204911,0.2618298986569282,-0.2475951875544917,0.9538970245870588,0.9538505081700628,2015-02-21,0.7660049728541383,1.254675168926308,-0.1959061549135001,-1.5295033314445576,-1.040437210926871,-0.4727777183844272,-0.8573655784294906,0.19516698686083,-0.8238649762007128,1.3036557822638213,1.2296926501022896,1.3621065745757797,-1.1987115360533993,1.0132532407286294,1.7354845370630296,0.1141423163109205,0.9387736824344638,-1.6003115988296166,0.3308016200580737,-1.680234229090871,0,1.251959627373288,0,0.8706293706293706,1,High,0.9264937117454286,Night,2.788400535808414,2.7519258481497,-1.7751472950797844
0.5827269423890834,0.5529944590939581,247801,2008-03-18,1.1871731363975355,0.0609366486770281,-1.0399656435679565,0.3454434756886508,-0.4794758203104481,1.3805550124926758,-0.928545848584576,-0.4960148012349781,-0.652577893708982,-1.6646777168789997,-0.2475951875544917,-0.9019267788874382,0.9538505081700628,2015-02-14,0.7660049728541383,0.3141390602858972,-0.1959061549135001,0.2007040570673854,0.3517624468700125,0.9954760654181416,1.595219591380931,0.6269523560219584,-0.8238649762007128,0.071466952146788,1.2296926501022896,0.461837853772224,0.0358008594701839,0.8893348226690314,-0.103191327035033,1.3396952283933647,0.9276489198887208,-0.354351151282422,0.7800162046019002,-1.347613378038538,1,2.5744653200666296,0,0.6615384615384615,1,High,1.043080573438171,Night,2.164152821247052,2.4334483848318422,-1.2748179985780208
1.7908384627196416,1.6475994850123232,171147,2010-08-29,-1.2208859638003056,-1.182668426364362,1.412783515790431,-2.222440640452701,-0.4794758203104481,-0.4916642528040603,1.0769527444706637,0.530930957015494,-1.1452754352031171,0.4369669546147398,0.3475855517591904,-0.9019267788874382,0.3486538149589323,2015-02-16,0.7660049728541383,1.254675168926308,-0.1959061549135001,-1.5295033314445576,1.279895552067935,0.0166402095497623,-0.098726945394911,-1.6759029461707264,-0.8238649762007128,1.3036557822638213,-1.2101737191482849,0.461837853772224,0.0358008594701839,0.2561003377222775,0.5097006276643211,0.5226599536717352,0.0927619783605864,0.8916092962647725,-1.1965279673909366,-0.6823716759338719,0,-0.11523387769942363,0,-0.26082806082806076,1,Medium,0.36220809772254975,Evening,1.1251225596966428,4.393270920422731,-0.8690222219743653
2.1211135546085718,1.975980992787833,431283,2005-03-31,-1.2208859638003056,-1.182668426364362,1.412783515790431,0.4907034040687028,-0.4794758203104481,-0.483626940829975,-0.928545848584576,1.557876715265966,-0.652577893708982,-1.3144036049633765,0.3475855517591904,0.4836592716757259,-0.8368197076252234,2015-02-04,-1.084248584764553,-0.6263970483545135,-1.2606135185738274,1.065807751323357,0.3517624468700125,-1.4516135742528065,0.0294448784511138,-0.2366183823002983,1.1400563019893055,0.071466952146788,1.2296926501022896,-0.4384308670313317,-1.1987115360533993,-0.1895512208039836,-0.2999726904167655,-0.2964490146405583,-0.1117217522421165,-0.8527353303012999,-0.0285700475769874,1.3133534303801258,1,-0.3862839200796022,0,0.6391608391608392,0,Low,0.5894044953798785,Evening,-0.7081434572994403,3.7359147053262514,0.5185922364954567
0.1220801037018921,0.2246129513184485,461962,2013-12-25,-1.2208859638003056,-1.182668426364362,-1.0399656435679565,-1.4021420491296377,-0.4794758203104481,-0.7961890731555141,1.0769527444706637,0.0174580778902579,1.5645610430146262,1.662926346319421,1.5379470303865548,0.4585320635048913,-1.641375311541197,2015-01-22,-1.084248584764553,1.254675168926308,0.8688012087468271,1.065807751323357,-1.040437210926871,1.484893993352331,1.0444271591777432,0.3390954432478728,1.1400563019893055,0.071466952146788,1.2296926501022896,-1.3386995878348875,0.0358008594701839,1.2061415428458633,1.6288946318979245,0.0602262829536556,1.249737283117849,-1.1019274198107387,-1.5558996350259977,1.3133534303801258,0,-0.8602141300938028,1,0.8585081585081585,1,High,1.0361439371578132,Night,2.938858197969429,2.4365761869532157,-1.7327166551235658
-1.398923608944494,-0.103768556457061,149467,2014-03-11,1.1871731363975355,1.3045417237184185,-0.2223825904484937,1.413933713329901,-0.4794758203104481,-0.4946642911277206,1.0769527444706637,1.557876715265966,0.5791659600263559,-0.2635812692165066,-0.2475951875544917,1.409776372829343,0.9538505081700628,2015-02-15,-1.084248584764553,-0.6263970483545135,0.8688012087468271,0.2007040570673854,0.3517624468700125,-0.9621956463186168,-1.3111631169113624,-1.5319744897836836,1.1400563019893055,1.3036557822638213,1.2296926501022896,0.461837853772224,-1.1987115360533993,0.3368178393941259,-0.1195897739835108,-0.1139639786621232,0.5308657224238905,1.6391855647930893,1.4089166229632577,0.1491804516969604,0,0.23821314818765552,0,0.6596736596736597,1,Medium,1.5761164766757665,Evening,0.2973119697782565,0.8827058792586103,0.03950586961586938
-1.485838106810002,-0.6510710694162436,758740,1997-08-04,-1.2208859638003056,1.3045417237184185,-0.2223825904484937,-0.6540431739717798,2.1334714293377703,-0.7579141656122572,-0.928545848584576,-1.5229605594854505,0.5791659600263559,1.312652234403798,0.9427662910728726,0.7313417522168096,-1.2034977041002026,2015-01-07,0.7660049728541383,0.3141390602858972,-1.2606135185738274,1.065807751323357,0.8158289994689738,1.484893993352331,1.2869143934810334,0.6269523560219584,-0.8238649762007128,-1.1607218779702453,1.2296926501022896,-0.4384308670313317,-1.1987115360533993,1.085254768041546,0.1448351830606921,0.1535424945335371,1.440447498187727,-0.1051590617729831,0.2409587031493084,-1.1813029525123715,0,-1.659303958108934,1,0.6897435897435897,1,High,1.3272884978876092,Night,1.7388251757819564,1.602226154411363,-0.6535704077404103
-0.6775332766607794,-0.5416105668244071,628337,2007-11-14,-0.0168564137013849,-1.182668426364362,1.412783515790431,-0.7301356103615556,-0.4794758203104481,-0.668945587232452,-0.928545848584576,1.0444038361407302,-0.4062291229619144,0.7872410665303631,1.5379470303865548,1.0544058572703972,0.9538505081700628,2015-02-23,-1.084248584764553,1.254675168926308,-1.2606135185738274,-0.6643996371885862,0.3517624468700125,0.0166402095497623,-0.7326578579306556,-1.388046033396641,1.1400563019893055,0.071466952146788,-1.2101737191482849,-0.4384308670313317,1.2703132549937672,0.214036287555258,0.653187038463501,-0.4333127916243846,0.2410921456371585,0.1440330277364557,1.319073706054492,0.3154908772231269,0,-0.2931463383844649,0,-0.2445110445110445,1,Medium,1.1264025459812266,Evening,0.4609663924762749,2.1536733049715333,-0.2469301049210169
1.7995299125061923,1.866520490195996,574637,1992-07-30,-1.2208859638003056,0.0609366486770281,-0.2223825904484937,1.388569567866642,-0.4794758203104481,-0.3055083864042827,-0.928545848584576,-1.0094876803602142,-1.1452754352031171,1.4877892903616097,-0.2475951875544917,-0.9019267788874382,0.9538505081700628,2015-01-06,-1.084248584764553,1.254675168926308,-1.2606135185738274,-1.5295033314445576,0.8158289994689738,1.484893993352331,0.9439681621092372,1.634451550731258,1.1400563019893055,-1.1607218779702453,-1.2101737191482849,-1.3386995878348875,-1.1987115360533993,-0.5362954181267124,-0.804224934082455,-0.8065776379439108,-0.3358062549492237,-0.354351151282422,0.7800162046019002,0.3154908772231269,0,-0.3862212195312915,0,-0.4102453102453102,0,Low,0.6261602649570771,Night,-1.9466088269755897,3.6297391156431105,1.4103134088488773
0.1829202522077476,-0.2132290590488975,373600,2000-12-01,1.1871731363975355,-1.182668426364362,-0.2223825904484937,-0.1580286653566804,1.6979802210630677,-0.8058589641243354,-0.928545848584576,-0.4960148012349781,0.3328171892792883,0.2618298986569282,-0.8427759268681739,0.8785154000745551,0.9538505081700628,2015-02-07,-1.084248584764553,-0.6263970483545135,-0.1959061549135001,-0.6643996371885862,1.279895552067935,0.5060581374839519,0.2511474926712649,1.0587377251830867,1.1400563019893055,-1.1607218779702453,1.2296926501022896,0.461837853772224,0.0358008594701839,0.183340899595541,0.4441068398704103,0.4563017587704862,0.0249539018912963,-0.354351151282422,0.7800162046019002,1.6459742814324587,0,-1.1601822958133738,0,0.7237762237762237,1,Medium,0.13610583258025322,Night,0.9253625005321928,5.047195990515952,-0.7420216009366518
-1.4684552072369004,-0.4321500642325706,930032,2002-09-10,-1.2208859638003056,-1.182668426364362,1.412783515790431,-0.5695096810950383,-0.4794758203104481,-0.7682398789122974,-0.928545848584576,1.557876715265966,-1.1452754352031171,-1.139266549005565,-0.8427759268681739,-0.9019267788874382,-0.8937793963980357,2015-02-14,-1.084248584764553,1.254675168926308,-0.1959061549135001,-0.6643996371885862,-1.5045037635258325,-0.4727777183844272,0.9023989219429588,1.634451550731258,1.1400563019893055,0.071466952146788,1.2296926501022896,0.461837853772224,0.0358008594701839,0.016221565148193,-0.3122715256281238,0.9166617358979018,-0.1307927737491044,-0.354351151282422,0.0612728693317778,-1.5139238035647045,0,-0.028483437894225853,0,0.6377622377622377,1,Medium,-8.062397811586113,Night,0.47359743652067365,29.193745390717492,-0.45737587137248065
2.2254109520471808,1.975980992787833,396590,1997-11-07,1.1871731363975355,-1.182668426364362,1.412783515790431,1.2742055452689762,-0.4794758203104481,1.4134996193864524,-0.928545848584576,0.0174580778902579,-0.1598803522148468,-0.2635812692165066,-1.437956666181856,1.3415739506513638,0.9538505081700628,2015-02-15,0.7660049728541383,-0.6263970483545135,-1.2606135185738274,0.2007040570673854,-1.040437210926871,0.9954760654181416,-0.022516671756734,-0.2366183823002983,-0.8238649762007128,-1.1607218779702453,1.2296926501022896,1.3621065745757797,0.0358008594701839,0.209867778079247,-0.3286699725766015,0.8834826384472773,0.1526237958686316,1.6391855647930893,0.6003303707843697,1.4796638559062922,1,0.1647046774782854,0,0.6358974358974359,1,Medium,0.7272344045906649,Evening,0.7074364617393074,3.3708513872996275,-0.4975686836600604
-0.0778232413887757,-0.103768556457061,238412,1993-05-18,-1.2208859638003056,1.3045417237184185,1.412783515790431,0.1578553368666826,2.1334714293377703,-0.3329133876492541,1.0769527444706637,0.530930957015494,-0.652577893708982,0.0866928426991166,0.9427662910728726,0.4621216646721534,-0.8368197076252234,2015-02-14,-1.084248584764553,-0.6263970483545135,-0.1959061549135001,-1.5295033314445576,1.279895552067935,1.484893993352331,-1.688750381755057,0.0512385304737872,1.1400563019893055,1.3036557822638213,0.0097594654770023,0.461837853772224,0.0358008594701839,0.4493675952464214,-0.0519461803210402,-1.5344440882669867,1.0335990393719867,0.3932251172458947,0.690173287693135,-0.349750824881539,0,2.8466870837496647,0,0.17133422133422138,1,Medium,2.3001140940994986,Night,-0.5527912292160402,-1.2301510053520868,1.0021588244624615
1.3562659733921028,1.3192179772368136,484321,1996-07-11,-1.2208859638003056,0.0609366486770281,-0.2223825904484937,-0.4273229528922802,-0.4794758203104481,-0.9285535547287312,1.0769527444706637,1.557876715265966,-1.3916242059501849,-1.3144036049633765,-0.8427759268681739,-0.9019267788874382,-1.2675773539696165,2015-02-05,-1.084248584764553,1.254675168926308,0.8688012087468271,-1.5295033314445576,1.279895552067935,0.9954760654181416,0.7707629947497441,0.4830238996349156,1.1400563019893055,0.071466952146788,1.2296926501022896,-1.3386995878348875,1.2703132549937672,1.429346277515904,1.567400455841133,1.592685846454377,1.1861672114278894,-0.1051590617729831,1.6784453736895533,-0.8486821014600384,0,-3.344893160394723,1,0.8515151515151516,1,High,0.8298663523460562,Night,4.3462535137234,3.0407260587342044,-2.9169072362074955
0.834778986199056,1.1002969720531406,795847,1995-12-17,-1.2208859638003056,-1.182668426364362,-0.2223825904484937,0.7572522994459205,-0.4794758203104481,1.5084961817468217,-0.928545848584576,1.557876715265966,0.3328171892792883,-1.139266549005565,1.5379470303865548,-0.9019267788874382,0.9538505081700628,2015-01-04,1.6911317516634838,-1.566933156994924,1.9335085724071543,1.065807751323357,0.3517624468700125,-0.9621956463186168,-1.6748939683662978,-1.244117577009598,-0.8238649762007128,0.071466952146788,0.0097594654770023,-1.3386995878348875,0.0358008594701839,-1.7311418161142138,-1.281829701456868,-1.2897482445686308,-1.7592461102068997,1.6391855647930893,0.6003303707843697,-0.6823716759338719,0,-2.286080255286948,0,0.03147408147408148,0,Low,1.0162351287839033,Evening,-4.330824056232398,2.5017167961838798,2.5996822401181845
0.3567492479387631,0.334073453910285,218456,2002-07-16,-1.2208859638003056,1.3045417237184185,-0.2223825904484937,1.3085024592475671,2.568962637612473,1.5774691558577654,1.0769527444706637,0.0174580778902579,0.0864684185322207,0.9623781224881748,-0.2475951875544917,-0.9019267788874382,-1.4989760896091664,2015-02-20,-0.1591218059552074,-1.566933156994924,-0.1959061549135001,1.065807751323357,-0.1123041057289486,1.484893993352331,1.6021477980753107,1.0587377251830867,-0.8238649762007128,-1.1607218779702453,1.2296926501022896,0.461837853772224,-1.1987115360533993,-1.753500185121909,-1.4027682477018912,-1.2897482445686308,-1.7592461102068997,-0.603543240791861,-0.9269992166646406,0.9807325793277928,1,-1.34008066446399,0,0.5137529137529138,0,Low,1.0032774039097092,Night,-4.451762602477421,2.5387879505446818,2.6982624173555125
-0.5037042809297639,-0.3226895616407341,792673,2013-04-12,1.1871731363975355,1.3045417237184185,1.412783515790431,-0.0919753495460611,-0.4794758203104481,1.464611900221651,-0.928545848584576,1.0444038361407302,1.0718635015204911,1.662926346319421,-0.2475951875544917,0.3364856238179805,-1.2034977041002026,2015-02-05,-1.084248584764553,1.254675168926308,0.8688012087468271,1.065807751323357,-1.5045037635258325,-0.4727777183844272,-1.075604089302452,0.6269523560219584,1.1400563019893055,0.071466952146788,0.0097594654770023,-0.4384308670313317,0.0358008594701839,0.1189184804208263,-0.3778653134220346,-0.3752493710857916,0.3597562794584162,1.6391855647930893,1.4089166229632577,1.6459742814324587,0,-1.2929526656915522,0,0.1342712842712843,1,Medium,3.025208974890646,Night,-0.39335840504941005,-3.307770969545217,0.5122768854702363
-1.1903288140672754,-1.0889130797835898,662256,1995-11-13,-1.2208859638003056,0.0609366486770281,-0.2223825904484937,2.479145870782039,-0.4794758203104481,-0.553967374269843,1.0769527444706637,-0.4960148012349781,-1.6379729766972524,-0.6138553811321298,-1.437956666181856,1.26619232613886,-1.459816303577858,2015-01-15,0.7660049728541383,0.3141390602858972,-1.2606135185738274,0.2007040570673854,0.3517624468700125,-0.9621956463186168,0.7846194081385035,0.6269523560219584,-0.8238649762007128,0.071466952146788,-1.2101737191482849,1.3621065745757797,1.2703132549937672,0.4182932518797944,-0.2159306498058173,-0.2114275774233329,0.6945586570255362,-1.1019274198107387,-1.645742551934763,-1.1813029525123715,1,0.16872467573808772,0,-0.34334554334554335,1,Medium,1.6604547012162438,Night,0.26720042979638603,0.6387858035237158,0.15109282208340835
1.5300949691231185,1.866520490195996,971338,2004-11-04,1.1871731363975355,-1.182668426364362,-0.2223825904484937,1.28850617009398,-0.4794758203104481,-0.6492569636292673,1.0769527444706637,0.530930957015494,0.3328171892792883,1.1375151784459865,-0.2475951875544917,1.4672099915055368,0.9538505081700628,2015-01-05,0.7660049728541383,1.254675168926308,0.8688012087468271,1.065807751323357,0.8158289994689738,0.0166402095497623,-1.1933836031069072,-0.2366183823002983,-0.8238649762007128,-1.1607218779702453,-1.2101737191482849,-0.4384308670313317,1.2703132549937672,0.2045624023825058,-0.0334979275040028,-0.0268688478542338,0.30148371374262,-1.1019274198107387,-1.4660567181172324,-1.5139238035647045,1,0.15875922705776302,0,-0.32259962259962255,1,Medium,1.4737910605284437,Evening,0.24111693838438342,1.1786904968149066,-0.03655453600187761
1.6083180172020752,1.5381389824204867,714738,1998-03-21,-1.2208859638003056,1.3045417237184185,1.412783515790431,-1.9051224781466012,-0.4794758203104481,-0.3342529396449349,1.0769527444706637,1.0444038361407302,-1.3916242059501849,0.9623781224881748,0.9427662910728726,-0.9019267788874382,0.9538505081700628,2015-01-01,1.6911317516634838,-1.566933156994924,-0.1959061549135001,1.065807751323357,-1.5045037635258325,0.9954760654181416,0.5040270370161247,-0.8123322078484696,-0.8238649762007128,0.071466952146788,0.0097594654770023,0.461837853772224,0.0358008594701839,-1.760700337853201,-1.3945690242276525,-1.2731586958433183,-1.775668378726806,1.3899934752836502,-1.1066850504821713,-0.6823716759338719,1,0.9241932118502487,0,0.018653568653568632,0,Low,1.0085017586772405,Evening,-4.443396098797777,2.5236540977039015,2.682695760944576
0.9825336325704191,0.771915464277631,753844,1999-07-22,-0.0168564137013849,0.0609366486770281,-0.2223825904484937,-0.998282569830966,-0.4794758203104481,-0.4477520639456464,1.0769527444706637,0.530930957015494,-0.8989266644560496,0.2618298986569282,-0.2475951875544917,0.6667289312060921,0.9538505081700628,2015-01-26,0.7660049728541383,-0.6263970483545135,-1.2606135185738274,-0.6643996371885862,1.279895552067935,-1.4516135742528065,0.8850784052070095,0.914809268796044,-0.8238649762007128,0.071466952146788,1.2296926501022896,-0.4384308670313317,0.0358008594701839,1.964810267479856,2.37502396805366,2.4097211211760063,1.517261334813095,1.3899934752836502,0.420644536966839,-1.014992526986205,1,-1.9681924687967018,1,0.9433566433566434,1,High,0.7722173421568342,Night,6.302006424042761,3.2074360160433946,-4.337196156562905
0.521886793883228,0.5529944590939581,976645,2010-02-28,-1.2208859638003056,-1.182668426364362,-1.0399656435679565,-0.8578168337274915,2.1334714293377703,-0.806696184121636,1.0769527444706637,-1.0094876803602142,0.0864684185322207,-0.088444213258695,1.5379470303865548,-0.9019267788874382,0.9538505081700628,2015-02-13,-1.084248584764553,0.3141390602858972,-1.2606135185738274,-0.6643996371885862,0.3517624468700125,1.484893993352331,1.4843682842708554,1.2026661815701296,1.1400563019893055,0.071466952146788,-1.2101737191482849,0.461837853772224,0.0358008594701839,0.6475612730603965,1.0795466591239211,-0.217648658195325,0.6818446426875443,0.6424172067553336,-0.2980987983032834,-1.014992526986205,0,-0.7548954537788491,0,-0.19602619602619598,1,High,1.0529406530512169,Night,1.5437426436161403,2.3839292494919007,-0.8961813705557439
-1.598826954035162,-1.9645971005182816,918037,2005-01-30,1.1871731363975355,0.0609366486770281,-0.2223825904484937,0.5486024954089036,-0.4794758203104481,-0.3042804637415752,-0.928545848584576,1.0444038361407302,1.3182122722675589,-0.6138553811321298,-0.2475951875544917,-0.9019267788874382,-0.5128614777298535,2015-01-14,0.7660049728541383,0.3141390602858972,-0.1959061549135001,-0.6643996371885862,-0.1123041057289486,0.5060581374839519,-0.0294448784511138,0.3390954432478728,-0.8238649762007128,0.071466952146788,-1.2101737191482849,-1.3386995878348875,-1.1987115360533993,0.3841872652578866,1.054948988701205,-0.2300908197393092,0.3232034882366895,-1.6003115988296166,0.3308016200580737,0.1491804516969604,0,0.7003004327771029,0,-0.19882339882339878,1,Medium,0.8412633010009792,Night,1.148061657198585,2.9882788232169144,-0.7638743919406985
-0.7644477745262872,-0.9794525771917532,996253,2001-11-29,-0.0168564137013849,1.3045417237184185,-1.0399656435679565,-1.2495474163264462,-0.4794758203104481,-0.4742500768602088,1.0769527444706637,0.0174580778902579,0.5791659600263559,1.662926346319421,-0.8427759268681739,-0.9019267788874382,-0.3099425864767097,2015-01-31,-1.084248584764553,-0.6263970483545135,-1.2606135185738274,0.2007040570673854,1.279895552067935,0.9954760654181416,-0.9543604721508068,-0.524475295074384,1.1400563019893055,0.071466952146788,-1.2101737191482849,1.3621065745757797,-1.1987115360533993,0.2617846688259288,-0.1646855030918244,-0.159585237656732,0.4492841304217758,-0.354351151282422,0.7800162046019002,-0.1834403993553725,1,-0.20950375704773908,0,-0.33751803751803744,1,Medium,1.716228899911713,Evening,0.1250133896732194,0.4775409984583439,0.13677127915270942
0.1568459028480952,0.1151524487266119,373731,2012-12-24,-1.2208859638003056,-1.182668426364362,-0.2223825904484937,-0.1213961192433469,-0.4794758203104481,-0.4574219549144677,1.0769527444706637,0.0174580778902579,-1.3916242059501849,0.7872410665303631,0.9427662910728726,0.8785154000745551,-0.797659921593915,2015-01-22,-1.084248584764553,0.3141390602858972,-0.1959061549135001,0.2007040570673854,-1.040437210926871,1.484893993352331,-0.5871655173486814,0.7708808124090012,0.1580956628942965,1.3036557822638213,1.2296926501022896,-1.3386995878348875,-1.1987115360533993,1.0890443221106467,1.817476771805418,0.1556161881242012,1.0129387660727498,-0.1051590617729831,-1.7355854688435284,1.3133534303801258,0,-8.971071727583745,1,0.87995337995338,1,High,0.9301162637654079,Night,2.986031726002369,2.741880126912651,-1.8969874038917223
2.042890506529614,1.866520490195996,836272,1997-05-11,1.1871731363975355,-1.182668426364362,-1.0399656435679565,0.1003660055501206,-0.4794758203104481,1.438267377639927,1.0769527444706637,-0.4960148012349781,-1.3916242059501849,0.0866928426991166,0.3475855517591904,0.8533881919037205,-0.5021815360849512,2015-01-30,0.7660049728541383,0.3141390602858972,-0.1959061549135001,-1.5295033314445576,-1.5045037635258325,1.484893993352331,0.7291937545834657,-0.3805468386873412,-0.8238649762007128,0.071466952146788,1.2296926501022896,-1.3386995878348875,-1.1987115360533993,-0.1046652096561244,1.5510020088926553,-0.4975972929349696,-0.42003659993842,1.1408013857742114,1.4987595398720228,0.6481117282754599,0,-1.0428248714051491,0,0.8496503496503496,0,Medium,4.013182742395473,Evening,0.6333681160192656,-6.051429787701112,-0.7380333256753899
-1.199020263853826,-1.1983735823754262,167231,1994-01-26,-0.0168564137013849,-1.182668426364362,1.412783515790431,0.8865725629064122,-0.4794758203104481,-0.4164958507130925,1.0769527444706637,-1.5229605594854505,-1.6379729766972524,1.4877892903616097,-1.437956666181856,-0.9019267788874382,-0.1746633256412805,2015-02-17,0.7660049728541383,-0.6263970483545135,0.8688012087468271,0.2007040570673854,-1.040437210926871,1.484893993352331,-1.3492682537304508,-1.6759029461707264,-0.8238649762007128,-1.1607218779702453,1.2296926501022896,-0.4384308670313317,-1.1987115360533993,-0.1694665842377491,0.2760227586485138,0.2862588843360353,-0.381364806327028,1.6391855647930893,0.6003303707843697,-1.680234229090871,0,-0.19114779791334496,0,0.7046620046620047,1,Low,2.250396787302832,Evening,0.18091683665752106,-1.0675727314857428,-0.3503834208952702
-0.6601503770876779,-1.0889130797835898,743330,2010-11-04,1.1871731363975355,1.3045417237184185,-0.2223825904484937,2.548846050803045,-0.4794758203104481,-0.7042204564520486,1.0769527444706637,-0.4960148012349781,1.0718635015204911,1.662926346319421,-1.437956666181856,-0.9019267788874382,-1.7517347085385209,2015-02-20,0.7660049728541383,0.3141390602858972,0.8688012087468271,-0.6643996371885862,0.8158289994689738,0.9954760654181416,1.418550320674248,-1.388046033396641,-0.8238649762007128,0.071466952146788,-1.2101737191482849,-1.3386995878348875,-1.1987115360533993,0.2390473444113236,-0.4229610425303483,-0.4208706300804004,0.550996245125711,0.1440330277364557,0.5104874538756043,-0.349750824881539,0,0.09378646095535974,0,-0.36688866688866684,1,Medium,2.304957377900211,Evening,-0.29283542748503766,-1.2250050432525237,0.5318827718963612
-1.1729459144941738,-1.6362155927427724,807369,1992-06-19,-0.0168564137013849,1.3045417237184185,-1.0399656435679565,0.6641957980774866,-0.4794758203104481,1.58699951016037,-0.928545848584576,-0.4960148012349781,-1.3916242059501849,0.2618298986569282,-0.2475951875544917,-0.9019267788874382,0.9538505081700628,2015-02-04,-1.084248584764553,0.3141390602858972,-0.1959061549135001,1.065807751323357,-1.040437210926871,1.484893993352331,0.2165064591993663,1.634451550731258,1.1400563019893055,-1.1607218779702453,-1.2101737191482849,-1.3386995878348875,0.0358008594701839,0.39934548153429,1.0713474356496826,-0.221796045376653,0.3380365049643468,0.3932251172458947,0.9597020384194308,1.1470430048539593,0,0.6012457191756915,0,-0.19695859695859685,1,Medium,0.846474228758971,Night,1.1875878952373764,2.9738283674734314,-0.7882424137030863
0.7826302874797514,0.771915464277631,735307,2010-06-02,-1.2208859638003056,-1.182668426364362,-1.0399656435679565,1.1325515050969484,-0.4794758203104481,-0.3806488811620072,1.0769527444706637,-1.0094876803602142,1.5645610430146262,1.4877892903616097,0.3475855517591904,-0.9019267788874382,0.9538505081700628,2015-02-23,0.7660049728541383,1.254675168926308,0.8688012087468271,0.2007040570673854,0.3517624468700125,0.0166402095497623,0.4001039366004289,-0.524475295074384,-0.8238649762007128,0.071466952146788,-1.2101737191482849,1.3621065745757797,1.2703132549937672,0.4933264224479914,0.9278610248505026,0.9456934461671984,0.2082476085973461,1.3899934752836502,0.420644536966839,1.3133534303801258,0,0.4355881252549628,0,-0.21327561327561323,1,Medium,0.4221285886845271,Evening,2.081802079615047,4.219919641370675,-1.5884756571670557
-1.6075184038217127,-1.0889130797835898,789208,2002-10-12,1.1871731363975355,0.0609366486770281,-1.0399656435679565,0.1964547310934828,-0.4794758203104481,1.6193580630560365,1.0769527444706637,0.0174580778902579,-0.4062291229619144,1.1375151784459865,-0.8427759268681739,-0.9019267788874382,0.9538505081700628,2015-02-08,-1.084248584764553,-0.6263970483545135,0.8688012087468271,-1.5295033314445576,-1.040437210926871,-0.9621956463186168,-1.5675067646034122,-0.8123322078484696,1.1400563019893055,0.071466952146788,-1.2101737191482849,0.461837853772224,-1.1987115360533993,0.8578815238954942,0.854068013582353,0.871040476903293,0.7560097263258303,0.3932251172458947,0.690173287693135,-0.017129973829206,1,4.3667930638647245,0,-0.22166722166722164,1,High,0.8812508767434993,Evening,2.4811182168114763,2.892142161312662,-1.623236692915982
-0.1125890405349788,-0.6510710694162436,585324,2008-02-25,1.1871731363975355,1.3045417237184185,1.412783515790431,1.2096273655434582,-0.4794758203104481,-0.4262076026817788,1.0769527444706637,-0.4960148012349781,-1.3916242059501849,-0.9641294930477532,0.9427662910728726,0.7133937463804992,-0.1283835785133705,2015-02-21,1.6911317516634838,-1.566933156994924,-0.1959061549135001,1.065807751323357,1.279895552067935,-1.4516135742528065,1.0513553658721229,-1.244117577009598,-0.8238649762007128,1.3036557822638213,0.0097594654770023,-0.4384308670313317,0.0358008594701839,-1.9141772776517851,-1.4724616472329215,-1.482601748500386,-1.9165820376395493,-0.603543240791861,-0.7473133828471099,-0.017129973829206,0,-1.5824507197231519,0,0.009795759795759786,0,Low,1.0012568121420433,Evening,-4.871645433372857,2.5450349010432545,2.9574681557210716
-1.7378901506199744,0.0056919461347754,498759,1996-09-05,-1.2208859638003056,-1.182668426364362,-0.2223825904484937,0.2891834244430058,2.1334714293377703,-0.7094949424350421,-0.928545848584576,-0.4960148012349781,0.8255147307734235,-0.4387183251743182,0.9427662910728726,1.4025971704948192,0.9538505081700628,2015-01-13,-1.084248584764553,-0.6263970483545135,-0.1959061549135001,-1.5295033314445576,0.8158289994689738,0.0166402095497623,-1.4531913541461468,0.3390954432478728,1.1400563019893055,1.3036557822638213,0.0097594654770023,1.3621065745757797,-1.1987115360533993,0.051464417990831,-0.5992443472264837,0.3360275305119721,0.1409692827254723,1.1408013857742114,-0.2082558813945181,0.3154908772231269,0,0.17796400373206792,0,0.1090964590964591,1,Medium,2.7391069232273053,Night,-0.12224753398903929,-2.3753335494296133,0.17371195197987027
0.8173960866259544,1.1002969720531406,795004,1998-03-16,1.1871731363975355,0.0609366486770281,-1.0399656435679565,-1.612348941256483,-0.4794758203104481,-0.7312487086982347,1.0769527444706637,0.530930957015494,0.8255147307734235,0.7872410665303631,1.5379470303865548,-0.9019267788874382,-1.5986555449615878,2015-01-17,-1.084248584764553,1.254675168926308,-1.2606135185738274,0.2007040570673854,-1.040437210926871,0.5060581374839519,0.2303628725881257,0.6269523560219584,1.1400563019893055,0.071466952146788,-1.2101737191482849,0.461837853772224,0.0358008594701839,0.6335399230047233,0.8499684018452335,0.866893089721965,0.4445163750450289,-1.1019274198107387,-1.4660567181172324,0.3154908772231269,0,-0.39293002880694183,0,-0.22213342213342208,1,High,0.70163798249496,Night,2.161377866612227,3.4115836690728076,-1.527837943607504
0.2350689509270523,0.4435339565021215,203250,2010-04-22,-0.0168564137013849,-1.182668426364362,1.412783515790431,0.3084831215564063,-0.4794758203104481,-0.4403984816360232,-0.928545848584576,1.0444038361407302,-1.6379729766972524,-0.4387183251743182,-0.8427759268681739,-0.9019267788874382,0.9538505081700628,2015-02-18,0.7660049728541383,0.3141390602858972,-0.1959061549135001,1.065807751323357,-1.040437210926871,0.0166402095497623,0.2026500458106068,0.0512385304737872,-0.8238649762007128,-1.1607218779702453,0.0097594654770023,0.461837853772224,0.0358008594701839,0.5376642050564715,0.5875932506695902,0.6014603101169685,0.4461056268372779,0.1440330277364557,0.5104874538756043,1.6459742814324587,0,1.7429234358766168,0,0.24406149406149408,1,High,0.8297089390235378,Night,1.6351591876238367,3.041221883517819,-1.0974949825673652
1.1650540780879857,0.8813759668694676,430794,2008-01-25,1.1871731363975355,0.0609366486770281,1.412783515790431,0.9409477180433172,-0.4794758203104481,1.5973252234604105,-0.928545848584576,-1.5229605594854505,-1.3916242059501849,0.4369669546147398,0.3475855517591904,-0.9019267788874382,-1.046858559974969,2015-01-14,-1.084248584764553,0.3141390602858972,-1.2606135185738274,0.2007040570673854,-0.5763706583279098,0.5060581374839519,1.37698108050797,-1.5319744897836836,1.1400563019893055,0.071466952146788,1.2296926501022896,1.3621065745757797,-1.1987115360533993,0.429661914087097,1.104144329546638,-0.2052064966513407,0.3677025384196611,0.3932251172458947,0.9597020384194308,1.4796638559062922,1,0.4566262813775545,0,0.7988344988344989,1,Medium,0.855793056286734,Evening,1.2666403713149583,2.9479862696695247,-0.8369784572278613
0.4958124445235756,0.771915464277631,156636,2000-09-10,-0.0168564137013849,-1.182668426364362,-0.2223825904484937,-1.5810842514528216,-0.4794758203104481,-0.4965201287884034,1.0769527444706637,1.557876715265966,1.5645610430146262,0.7872410665303631,0.9427662910728726,-0.9019267788874382,-0.8047798826905165,2015-01-27,0.7660049728541383,0.3141390602858972,-0.1959061549135001,0.2007040570673854,0.3517624468700125,1.484893993352331,0.0051961550207847,1.0587377251830867,-0.8238649762007128,-1.1607218779702453,-1.2101737191482849,1.3621065745757797,-1.1987115360533993,1.0428117624676163,1.218933458185982,1.2401579360414912,0.8259368051847857,0.1440330277364557,1.319073706054492,1.3133534303801258,0,-0.6595552520775868,0,-0.1801753801753801,1,High,0.792027902717996,Night,3.2850281994122588,3.1501611004825736,-2.2422164369446422
1.0172994317166224,0.5529944590939581,284143,2008-04-23,-1.2208859638003056,1.3045417237184185,1.412783515790431,0.3612192365987547,2.1334714293377703,-0.8075054967856933,1.0769527444706637,-1.5229605594854505,0.8255147307734235,-1.3144036049633765,-1.437956666181856,-0.9019267788874382,-0.4381018862155373,2015-02-12,1.6911317516634838,-1.566933156994924,1.9335085724071543,1.065807751323357,-1.040437210926871,0.0166402095497623,-0.5559885872239727,-0.6684037514614268,-0.8238649762007128,-1.1607218779702453,0.0097594654770023,0.461837853772224,0.0358008594701839,-1.8220911137726343,-1.417116888781809,-1.5344440882669867,-1.7889121436622142,-1.6003115988296166,0.3308016200580737,-1.014992526986205,0,-5.044266431275894,0,0.016089466089466098,0,Low,0.9817912572711757,Evening,-4.74047312071101,2.6016677687229577,2.9183820069383755
-1.7726559497661776,-0.7605315720080802,740518,2011-02-18,1.1871731363975355,1.3045417237184185,-0.2223825904484937,0.4943092922767262,-0.4794758203104481,-0.8351477103632331,1.0769527444706637,-1.0094876803602142,-0.652577893708982,-1.6646777168789997,1.5379470303865548,1.302088337811481,-0.5093014971815527,2015-01-17,-1.084248584764553,0.3141390602858972,-0.1959061549135001,-1.5295033314445576,-1.040437210926871,1.484893993352331,-0.0329089817983036,-0.8123322078484696,2.1220169410843157,-1.1607218779702453,0.0097594654770023,-0.4384308670313317,0.0358008594701839,-0.4942313679596929,-0.1667353089603842,-0.161658931247396,-0.6065088102289679,-1.6003115988296166,0.3308016200580737,-0.5160612504077055,0,-0.9998403344654837,0,0.1582806082806083,0,Low,1.227178355576952,Evening,-0.934903050436748,1.8916341670712438,0.4406716824770551
1.7473812137868878,2.085441495379669,445289,2012-04-24,-1.2208859638003056,0.0609366486770281,-1.0399656435679565,-0.0759127566194091,-0.4794758203104481,-0.5376555379891039,1.0769527444706637,0.530930957015494,0.0864684185322207,1.4877892903616097,-0.8427759268681739,-0.9019267788874382,-0.7157803689829972,2015-01-13,0.7660049728541383,-0.6263970483545135,-1.2606135185738274,1.065807751323357,-1.040437210926871,-1.4516135742528065,-1.6402529348943993,-0.0926899259132555,-0.8238649762007128,-1.1607218779702453,-1.2101737191482849,-1.3386995878348875,-1.1987115360533993,0.4099562329277725,-0.3389190019194001,-0.3358491928631749,0.7464742155723364,1.3899934752836502,0.420644536966839,-1.347613378038538,1,-5.400431384866082,0,-0.3573315573315573,1,Medium,1.8208587521222062,Evening,0.0717060207897614,0.1749109785858926,0.3382502121380111
0.8695447853452591,1.1002969720531406,599262,2001-09-25,-0.0168564137013849,-1.182668426364362,-0.2223825904484937,1.1041141594563963,-0.4794758203104481,-0.5306647510116443,-0.928545848584576,1.557876715265966,-0.1598803522148468,0.7872410665303631,0.3475855517591904,-0.9019267788874382,0.9538505081700628,2015-01-21,0.7660049728541383,1.254675168926308,-0.1959061549135001,0.2007040570673854,-1.5045037635258325,0.0166402095497623,1.3631246671192103,-1.388046033396641,-0.8238649762007128,1.3036557822638213,0.0097594654770023,-0.4384308670313317,1.2703132549937672,0.7809535762927468,1.210734234711743,-0.1512904632940759,0.8174607956261245,-1.1019274198107387,-1.4660567181172324,1.3133534303801258,0,0.7073117053091129,0,0.3149239649239649,1,High,1.0467456372516255,Evening,1.8769045670437916,2.403346652955933,-1.095950990751045
-1.763964499979627,-1.0889130797835898,357949,2006-05-24,1.1871731363975355,1.3045417237184185,-1.0399656435679565,-1.6465229272279815,-0.4794758203104481,1.557389829589174,-0.928545848584576,0.0174580778902579,-0.1598803522148468,-0.7889924370899414,-0.2475951875544917,0.9718450304233692,0.9538505081700628,2015-01-01,0.7660049728541383,1.254675168926308,-0.1959061549135001,1.065807751323357,0.3517624468700125,0.5060581374839519,0.5559885872239727,0.4830238996349156,-0.8238649762007128,-1.1607218779702453,1.2296926501022896,1.3621065745757797,1.2703132549937672,1.2895117323660823,0.0935900363466993,3.3739886408347823,0.916524157342978,0.8916092962647725,-1.016842133573406,-0.349750824881539,0,-0.7831731306105668,1,0.6839160839160839,1,High,0.7107523131324803,Night,4.38410283452446,3.3998135299371737,-3.094591102158377
-1.5466782553158571,0.0056919461347754,493161,1992-01-30,-0.0168564137013849,0.0609366486770281,-0.2223825904484937,-1.9899837790422537,-0.4794758203104481,-0.9496794059939484,1.0769527444706637,1.0444038361407302,-0.652577893708982,-0.088444213258695,-1.437956666181856,-0.9019267788874382,-0.9578590462674496,2015-02-18,0.7660049728541383,1.254675168926308,-1.2606135185738274,1.065807751323357,1.279895552067935,-0.9621956463186168,1.6818221750606774,-1.6759029461707264,-0.8238649762007128,0.071466952146788,-1.2101737191482849,0.461837853772224,-1.1987115360533993,-0.1122443177943261,0.51789985113856,-0.5017446801162977,-0.1625778095940841,1.3899934752836502,0.420644536966839,1.6459742814324587,0,0.05640466790790394,0,-0.2598956598956599,0,Medium,1.4484408763824195,Evening,-0.14642263857182183,1.3045109628719787,0.03417832077749573
-0.0169830928829202,-0.103768556457061,320251,2009-01-24,-1.2208859638003056,-1.182668426364362,1.412783515790431,-0.5067344454735323,-0.4794758203104481,1.6033532074409742,-0.928545848584576,-1.5229605594854505,-1.3916242059501849,1.4877892903616097,-1.437956666181856,-0.9019267788874382,-0.3811421974427251,2015-02-04,0.7660049728541383,1.254675168926308,-1.2606135185738274,0.2007040570673854,1.279895552067935,-0.4727777183844272,0.4936347269745552,0.0512385304737872,-0.8238649762007128,1.3036557822638213,0.0097594654770023,-0.4384308670313317,0.0358008594701839,0.9351884269051518,-0.0806434624808762,1.3853164873879735,0.9742669724613578,1.6391855647930893,1.4089166229632577,-0.017129973829206,0,-1.8455233915559628,0,0.16807081807081808,1,High,1.0417857007702989,Night,2.278939997368455,2.436875280883162,-1.3437515704633034
0.7391730385469975,0.990836469461304,231127,1995-08-29,-1.2208859638003056,1.3045417237184185,-1.0399656435679565,-0.3402489478689768,3.004453845887177,-0.5507580309468575,-0.928545848584576,1.557876715265966,0.5791659600263559,0.4369669546147398,0.3475855517591904,-0.9019267788874382,-0.566261185954365,2015-01-09,0.7660049728541383,-0.6263970483545135,0.8688012087468271,0.2007040570673854,0.3517624468700125,1.484893993352331,-0.995929712317085,-1.5319744897836836,-0.8238649762007128,-1.1607218779702453,0.0097594654770023,-1.3386995878348875,-1.1987115360533993,-0.3737235485622855,0.2350266412773195,-1.5344440882669867,-0.1911843418545659,-1.6003115988296166,1.2292307891457268,-1.014992526986205,0,1.0983859003499399,0,0.20396825396825397,0,Low,0.5115675856060974,Evening,-1.4906017888442333,3.9885251627941467,1.116878240281948
-1.24247751278658,-1.4172945875590992,766193,2011-07-31,1.1871731363975355,-1.182668426364362,1.412783515790431,-0.2791537283443905,2.1334714293377703,-0.3530066675844673,-0.928545848584576,0.0174580778902579,0.3328171892792883,-0.2635812692165066,1.5379470303865548,-0.9019267788874382,-0.9614190268157504,2015-02-14,-1.084248584764553,0.3141390602858972,-1.2606135185738274,-0.6643996371885862,0.8158289994689738,-0.4727777183844272,-0.9405040587620472,0.6269523560219584,0.1580956628942965,1.3036557822638213,0.0097594654770023,-1.3386995878348875,0.0358008594701839,0.0400957557835284,0.9278610248505026,-0.2943753210498943,-0.1085432486576185,0.6424172067553336,-0.477784632120814,1.6459742814324587,1,-0.14363375927339062,0,0.28275613275613276,0,Medium,-2.7070331885106693,Night,0.5249424551429898,13.091893468314815,-0.48484669935946134
1.1302882789417823,0.771915464277631,555374,2013-01-05,-1.2208859638003056,-1.182668426364362,-0.2223825904484937,-1.555146441956468,2.1334714293377703,-0.652759333951308,1.0769527444706637,0.530930957015494,-0.8989266644560496,-0.4387183251743182,-0.2475951875544917,-0.9019267788874382,0.9538505081700628,2015-01-03,0.7660049728541383,0.3141390602858972,-0.1959061549135001,1.065807751323357,1.279895552067935,-0.4727777183844272,1.0929246060384012,-1.388046033396641,-0.8238649762007128,0.071466952146788,1.2296926501022896,-0.4384308670313317,0.0358008594701839,0.1731091036089687,1.0877458825981603,-0.2135012710139969,0.0154183911378024,1.1408013857742114,-0.2082558813945181,-1.1813029525123715,0,-0.11131377100728718,0,0.796969696969697,1,Medium,0.08906696268075935,Evening,0.8896630027219657,5.139289874908682,-0.716553899112997
-1.668358552327568,-1.6362155927427724,491484,1994-11-18,-1.2208859638003056,1.3045417237184185,-0.2223825904484937,-0.4608003468235919,-0.4794758203104481,-0.5143529147309052,-0.928545848584576,1.557876715265966,-0.652577893708982,-0.7889924370899414,-0.2475951875544917,0.9431282210852726,0.9538505081700628,2015-02-04,-1.084248584764553,0.3141390602858972,-0.1959061549135001,1.065807751323357,-1.040437210926871,0.9954760654181416,0.1506884956027589,0.19516698686083,1.1400563019893055,0.071466952146788,1.2296926501022896,-0.4384308670313317,-1.1987115360533993,0.0230427624725746,-0.3081719138910044,-0.3047437890032144,0.1897063376877746,1.6391855647930893,1.4089166229632577,0.9807325793277928,0,-0.05000606583193807,0,0.6382284382284382,1,Medium,8.2324376461332,Night,-0.42320936520644425,-18.365462919092504,0.44625212767901884
-1.0251912681228106,-1.0889130797835898,925128,2014-08-30,-1.2208859638003056,-1.182668426364362,1.412783515790431,0.6255144518459578,-0.4794758203104481,1.522170775036064,1.0769527444706637,-0.4960148012349781,1.5645610430146262,0.2618298986569282,-1.437956666181856,1.7615572872210277,-1.47049624522276,2015-01-30,0.7660049728541383,-0.6263970483545135,-0.1959061549135001,1.065807751323357,-1.040437210926871,0.5060581374839519,1.470511870882096,-1.6759029461707264,-0.8238649762007128,0.071466952146788,1.2296926501022896,0.461837853772224,1.2703132549937672,0.3849451760717068,0.460505286818888,1.476559005377191,0.0419059210086188,-1.6003115988296166,0.3308016200580737,-0.017129973829206,0,0.615404743297221,0,0.7256410256410257,1,Medium,0.10886176721187295,Evening,1.978970213204698,5.140901082327054,-1.5940250371329912
-1.0512656174824628,-1.6362155927427724,265093,2006-01-01,-0.0168564137013849,1.3045417237184185,-0.2223825904484937,-0.761236396155761,-0.4794758203104481,-0.5457068036298108,-0.928545848584576,-0.4960148012349781,0.8255147307734235,0.4369669546147398,0.9427662910728726,-0.9019267788874382,0.9538505081700628,2015-02-20,-1.084248584764553,-0.6263970483545135,0.8688012087468271,-0.6643996371885862,-1.040437210926871,-1.4516135742528065,1.4393349407573872,-1.6759029461707264,1.1400563019893055,-1.1607218779702453,-1.2101737191482849,-0.4384308670313317,0.0358008594701839,0.3349230623595755,-0.261026378914131,1.0203464154311035,0.2749961838718036,0.8916092962647725,-1.016842133573406,-0.349750824881539,0,-0.4399730543941297,0,-0.34847374847374846,1,Medium,0.8210702507739407,Evening,1.0343162203887761,3.08821113986827,-0.6993931580292007
-0.6775332766607794,-0.9794525771917532,267808,1998-09-10,-1.2208859638003056,1.3045417237184185,1.412783515790431,-1.3943156326781314,-0.4794758203104481,-0.974321581247828,1.0769527444706637,-1.0094876803602142,-0.8989266644560496,1.662926346319421,0.9427662910728726,1.083122666608494,-1.1251781320375855,2015-01-07,-1.084248584764553,0.3141390602858972,0.8688012087468271,1.065807751323357,-1.040437210926871,0.0166402095497623,1.245345153314755,0.6269523560219584,1.1400563019893055,1.3036557822638213,1.2296926501022896,-1.3386995878348875,0.0358008594701839,0.8108910534386435,-0.2569267671770116,1.0286411897937595,0.9371844306422148,1.3899934752836502,-0.6574704659383447,-0.5160612504077055,0,-0.581569636030516,0,0.644055944055944,1,High,1.155744993020982,Night,1.7088988532589626,2.1074307560571834,-0.8980077998203191
0.0438570556229351,-0.103768556457061,116735,2010-01-28,1.1871731363975355,0.0609366486770281,-1.0399656435679565,-0.2659594555832122,-0.4794758203104481,-0.8141753494308543,1.0769527444706637,-0.4960148012349781,1.3182122722675589,-0.4387183251743182,-1.437956666181856,0.4836592716757259,-0.9293792018810434,2015-01-31,0.7660049728541383,0.3141390602858972,0.8688012087468271,1.065807751323357,1.279895552067935,-1.4516135742528065,-1.0582835725665023,-0.524475295074384,-0.8238649762007128,0.071466952146788,1.2296926501022896,-1.3386995878348875,-1.1987115360533993,1.0359905651432346,0.3006204290712304,0.3111432074240037,1.2910578297163229,-1.3511195093201778,-1.376213801208467,1.6459742814324587,0,-3.8953097500564224,0,0.7074592074592074,1,High,1.2462049626222809,Evening,1.902821466211557,1.8367152110437077,-0.8668309010683224
0.6870243398276927,0.990836469461304,963680,2003-01-04,1.1871731363975355,1.3045417237184185,-0.2223825904484937,0.8943170273531911,-0.4794758203104481,-0.7599095399391569,-0.928545848584576,0.0174580778902579,-0.8989266644560496,-0.7889924370899414,-1.437956666181856,-0.9019267788874382,-0.690860505144892,2015-02-17,-0.1591218059552074,-1.566933156994924,1.9335085724071543,1.065807751323357,-1.040437210926871,-0.4727777183844272,0.2338269759353156,-0.3805468386873412,-0.8238649762007128,-1.1607218779702453,1.2296926501022896,1.3621065745757797,0.0358008594701839,-1.7508474972735384,-1.3556227127250178,-1.364401213832536,-1.748651098258573,-0.354351151282422,0.0612728693317778,-0.349750824881539,0,-1.9577459513539248,0,0.5191142191142191,0,Low,0.9987460928080307,Evening,-4.468675024816127,2.552294008512373,2.717827527542589
-0.0865146911753265,-0.5416105668244071,445694,2004-05-24,-1.2208859638003056,0.0609366486770281,-0.2223825904484937,-0.2579691351222501,-0.4794758203104481,-0.5089109847484516,1.0769527444706637,0.0174580778902579,1.0718635015204911,-1.3144036049633765,-0.8427759268681739,-0.9019267788874382,0.9538505081700628,2015-01-24,0.7660049728541383,0.3141390602858972,0.8688012087468271,-1.5295033314445576,1.279895552067935,0.0166402095497623,-0.5940937240430612,-0.0926899259132555,-0.8238649762007128,-1.1607218779702453,1.2296926501022896,-0.4384308670313317,1.2703132549937672,0.2288155484247513,0.8868649074793084,-0.3151122569565346,0.1711650667782031,1.6391855647930893,0.8698591215106656,-1.347613378038538,0,-0.8869915205469716,0,0.7741258741258741,1,Medium,0.7480449642150445,Evening,0.7429177173009768,3.246783165009121,-0.5141021688762255
-0.1734291890408343,-0.103768556457061,215534,1994-09-12,-1.2208859638003056,0.0609366486770281,-0.2223825904484937,0.7421731305760023,-0.4794758203104481,-0.883622748206935,-0.928545848584576,-1.0094876803602142,-0.4062291229619144,0.9623781224881748,-0.8427759268681739,-0.9019267788874382,0.9538505081700628,2015-02-02,-1.084248584764553,1.254675168926308,-0.1959061549135001,-1.5295033314445576,-0.1123041057289486,0.5060581374839519,-0.3100372495734925,-0.8123322078484696,1.1400563019893055,-1.1607218779702453,-1.2101737191482849,0.461837853772224,0.0358008594701839,0.0366851571213377,0.9237614131133832,-0.2964490146405583,-0.1117217522421165,0.3932251172458947,0.9597020384194308,1.3133534303801258,1,0.04942931262352987,0,-0.21374181374181367,0,Medium,-3.0453381059401283,Evening,0.5155906462307085,14.054092515752393,-0.4789054891093708
2.390548497991645,2.304362500563342,232854,1997-07-07,-1.2208859638003056,-1.182668426364362,1.412783515790431,0.1984215792069504,-0.4794758203104481,-0.3847931201486449,-0.928545848584576,-1.0094876803602142,1.0718635015204911,1.1375151784459865,-1.437956666181856,-0.9019267788874382,0.9538505081700628,2015-01-09,0.7660049728541383,0.3141390602858972,0.8688012087468271,-1.5295033314445576,-1.040437210926871,-1.4516135742528065,-0.8088681315688325,0.914809268796044,-0.8238649762007128,0.071466952146788,-1.2101737191482849,-1.3386995878348875,0.0358008594701839,0.2970275216685668,-0.4885548303242591,0.5599864383036879,0.3984280730698082,0.8916092962647725,-0.8371562997558752,-0.6823716759338719,0,1.4969441625832995,0,-0.3743478743478743,1,Medium,1.3413798474019478,Night,0.469859681049237,1.5818672173627837,-0.1728321593806702
0.6957157896142435,0.990836469461304,168260,1991-03-01,1.1871731363975355,0.0609366486770281,-0.2223825904484937,-0.3589749809492823,-0.4794758203104481,-0.7951146408256451,-0.928545848584576,0.0174580778902579,-0.652577893708982,-0.9641294930477532,-0.2475951875544917,-0.9019267788874382,-0.5555812443094628,2015-02-28,0.7660049728541383,1.254675168926308,0.8688012087468271,0.2007040570673854,-1.040437210926871,0.5060581374839519,-0.9855374022755156,-0.0926899259132555,-0.8238649762007128,-1.1607218779702453,-1.2101737191482849,1.3621065745757797,1.2703132549937672,-0.6446766645029971,-0.1913329793831007,-0.8604936713011756,-0.6319368389049516,1.3899934752836502,-0.6574704659383447,-0.6823716759338719,0,1.795886885166979,0,-0.3405483405483405,0,Low,0.9802399465351832,Evening,-1.683763489589228,2.611799362532631,1.0390868250862308
-1.207711713640377,-1.3078340849672627,538955,2001-09-29,-0.0168564137013849,-1.182668426364362,-0.2223825904484937,-0.3746687898546585,-0.4794758203104481,-0.3281830946645059,-0.928545848584576,-1.0094876803602142,-1.6379729766972524,1.4877892903616097,1.5379470303865548,0.6416017230352575,-0.5591412248577635,2015-01-17,0.7660049728541383,-0.6263970483545135,0.8688012087468271,-1.5295033314445576,1.279895552067935,-1.4516135742528065,0.5317398637936437,0.7708808124090012,-0.8238649762007128,-1.1607218779702453,0.0097594654770023,0.461837853772224,1.2703132549937672,-0.375997281003746,-0.7919260988710967,-0.0538268645328662,-0.3071997226887419,0.1440330277364557,1.1393878722369617,-0.1834403993553725,0,1.0035484532833827,0,0.08718503718503719,0,Low,0.8170286202529787,Night,-1.1529526860927048,3.0663938563828985,0.7769554050889589
0.1568459028480952,0.0056919461347754,243226,2012-01-10,-1.2208859638003056,0.0609366486770281,-0.2223825904484937,-0.0970563738391856,-0.4794758203104481,-0.5996935397890747,1.0769527444706637,-0.4960148012349781,-1.3916242059501849,-1.3144036049633765,0.3475855517591904,2.2497430459686707,-0.8688595325599303,2015-02-09,-1.084248584764553,-0.6263970483545135,-1.2606135185738274,-0.6643996371885862,0.3517624468700125,1.484893993352331,-0.6633757909868584,1.3465946379571725,1.1400563019893055,-1.1607218779702453,0.0097594654770023,-1.3386995878348875,0.0358008594701839,1.3338495149745624,1.481308609361625,1.5055907156464876,1.097169111061946,1.1408013857742114,1.4987595398720228,-1.014992526986205,1,-13.743180436197832,1,0.3456931956931957,1,High,0.8225577744616082,Night,4.0840684360700585,3.061863672293102,-2.750218921095496
-0.0691317916022249,0.2246129513184485,246435,2001-07-05,-1.2208859638003056,0.0609366486770281,1.412783515790431,2.230544464440212,-0.4794758203104481,-0.8332500117026852,1.0769527444706637,0.0174580778902579,-1.1452754352031171,0.7872410665303631,-0.2475951875544917,-0.9019267788874382,-1.844294202794341,2015-01-14,-1.084248584764553,0.3141390602858972,-0.1959061549135001,-1.5295033314445576,0.3517624468700125,-0.4727777183844272,-1.297306703522603,-1.6759029461707264,1.1400563019893055,0.071466952146788,0.0097594654770023,-1.3386995878348875,0.0358008594701839,-0.1880353991763433,-0.5438995887753714,-0.5432185519295784,0.016477892332635,1.1408013857742114,-0.2082558813945181,0.6481117282754599,0,-0.0843001867364015,0,0.1153901653901654,1,Low,-0.08763232900370334,Evening,-1.0706402483723148,5.693853109123092,0.8826048491959715
0.4262808462311694,0.4435339565021215,582480,1991-08-07,-1.2208859638003056,1.3045417237184185,-1.0399656435679565,-0.2843576806446067,2.568962637612473,1.5659015662283962,-0.928545848584576,-1.5229605594854505,-0.652577893708982,1.4877892903616097,0.9427662910728726,0.7600585615549064,-0.2209430727691905,2015-02-02,1.6911317516634838,-1.566933156994924,1.9335085724071543,1.065807751323357,-1.040437210926871,0.5060581374839519,-1.2799861867866535,-0.3805468386873412,-0.8238649762007128,0.071466952146788,-1.2101737191482849,-0.4384308670313317,-1.1987115360533993,-1.8539233679530815,-1.3925192183590926,-1.4017276984644886,-1.8736722392488268,0.1440330277364557,1.319073706054492,1.4796638559062922,0,6.51971096212838,0,-0.47714507714507715,0,Low,1.01065301958547,Evening,-4.667919156072408,2.5178611773405937,2.8139957881193265
0.6609499904680405,0.4435339565021215,345539,2012-07-24,-0.0168564137013849,-1.182668426364362,-0.2223825904484937,1.241301815370759,-0.4794758203104481,-0.7298114810362021,1.0769527444706637,0.0174580778902579,-0.4062291229619144,-1.3144036049633765,0.3475855517591904,-0.9019267788874382,-0.8830994547531333,2015-02-17,0.7660049728541383,-0.6263970483545135,0.8688012087468271,-0.6643996371885862,-1.040437210926871,0.9954760654181416,0.3516064897397709,-1.5319744897836836,-0.8238649762007128,0.071466952146788,-1.2101737191482849,0.461837853772224,-1.1987115360533993,0.918514389001108,1.346021422036684,-0.0828585748021627,0.9573149533440354,-1.6003115988296166,1.049544955328196,-0.1834403993553725,0,0.7399599659546099,0,-0.16572316572316564,1,High,1.0422416051026886,Evening,2.2204778005785566,2.417463906612759,-1.3019634115774485
-1.7291987008334238,-1.4172945875590992,924318,2014-07-27,-1.2208859638003056,0.0609366486770281,1.412783515790431,-0.48919671646178,-0.4794758203104481,-0.451296295267552,-0.928545848584576,1.557876715265966,0.3328171892792883,-0.2635812692165066,-0.8427759268681739,0.228797588800118,0.9538505081700628,2015-01-25,0.7660049728541383,0.3141390602858972,0.8688012087468271,-1.5295033314445576,1.279895552067935,1.484893993352331,-0.9682168855395662,1.4905230943442151,-0.8238649762007128,1.3036557822638213,0.0097594654770023,1.3621065745757797,-1.1987115360533993,1.3395338460782136,1.760082207485746,1.7876130439767963,0.9610232075259496,-1.3511195093201778,-1.2863708842997017,-0.349750824881539,0,-2.7382370715890536,1,0.3773948273948274,1,High,0.7174305396679743,Night,4.508718458988492,3.3658836664001455,-3.169184612910278
0.1394630032749937,0.334073453910285,726880,1994-08-08,-0.0168564137013849,-1.182668426364362,-0.2223825904484937,0.1037260377439607,-0.4794758203104481,1.6548561909415798,1.0769527444706637,-1.0094876803602142,0.3328171892792883,-1.3144036049633765,-0.2475951875544917,0.3005896121453597,-0.8083398632388172,2015-02-13,-1.084248584764553,0.3141390602858972,-0.1959061549135001,-0.6643996371885862,0.3517624468700125,0.0166402095497623,1.3977657005911088,1.2026661815701296,2.1220169410843157,0.071466952146788,-1.2101737191482849,0.461837853772224,1.2703132549937672,-0.1903091316178038,-0.6340910469919988,-0.6344610699187959,0.059917441320774,0.8916092962647725,-0.8371562997558752,-0.017129973829206,0,-1.83471094670188,0,-0.3908979908979909,1,Low,-0.314844356945852,Night,-1.2086346755900208,6.3509355344695635,1.018325543972217
-1.0338827179093617,-0.9794525771917532,190588,2001-12-09,1.1871731363975355,-1.182668426364362,-0.2223825904484937,-1.8851261889930149,-0.4794758203104481,1.5760877428622195,-0.928545848584576,0.530930957015494,-0.1598803522148468,0.0866928426991166,0.3475855517591904,1.69694446621031,-1.7873345140215289,2015-02-20,-1.084248584764553,0.3141390602858972,0.8688012087468271,-0.6643996371885862,0.3517624468700125,0.0166402095497623,-1.5640426612562222,-0.3805468386873412,1.1400563019893055,1.3036557822638213,1.2296926501022896,-0.4384308670313317,1.2703132549937672,0.2348788349353127,-0.425010848398908,0.688555440924858,0.2622821695338117,0.6424172067553336,-0.477784632120814,-0.1834403993553725,0,-0.12459588164581202,0,0.624941724941725,1,Medium,1.1166653348766435,Evening,0.5258267620597616,2.2387054308198806,-0.29094792712444895
0.5392696934563296,0.771915464277631,246705,1990-03-14,1.1871731363975355,0.0609366486770281,-1.0399656435679565,0.0557841149781888,-0.4794758203104481,-0.6225356920487581,-0.928545848584576,-1.5229605594854505,-0.652577893708982,-0.2635812692165066,0.3475855517591904,-0.9019267788874382,-0.6766205829516888,2015-01-08,-0.1591218059552074,-1.566933156994924,-0.1959061549135001,1.065807751323357,-1.5045037635258325,0.5060581374839519,-0.7291937545834657,-0.9562606642355124,-0.8238649762007128,0.071466952146788,0.0097594654770023,0.461837853772224,-1.1987115360533993,-1.917587876313976,-1.425316112256048,-1.48467544209105,-1.9330043061594555,-0.603543240791861,-0.7473133828471099,-0.1834403993553725,0,-34.374543766087534,0,0.015157065157065153,0,Low,1.0080400163538432,Evening,-4.842995860506553,2.525567900118224,2.925407984192577
-1.4163065085175957,-1.4172945875590992,619589,2006-03-28,-1.2208859638003056,-1.182668426364362,-0.2223825904484937,0.5192636777163464,-0.4794758203104481,1.6352373356715035,-0.928545848584576,0.0174580778902579,1.5645610430146262,1.4877892903616097,0.3475855517591904,0.7744169662239546,0.9538505081700628,2015-02-28,1.6911317516634838,-1.566933156994924,1.9335085724071543,1.065807751323357,0.3517624468700125,0.9954760654181416,0.3446782830453911,0.0512385304737872,-0.8238649762007128,1.3036557822638213,0.0097594654770023,-0.4384308670313317,-1.1987115360533993,-1.7383419688455055,-1.4150670829132497,-1.314632567656599,-1.7285205755567523,1.1408013857742114,-0.2082558813945181,-1.347613378038538,0,-3.3476992436506383,0,0.016322566322566297,0,Low,0.9943507094035324,Night,-4.458220226126601,2.5646408305543558,2.7198782572810956
0.9738421827838684,0.6624549616857945,164988,2013-12-23,-1.2208859638003056,-1.182668426364362,1.412783515790431,0.1406863918762052,1.6979802210630677,-0.9820937735561016,-0.928545848584576,-0.4960148012349781,1.5645610430146262,-1.139266549005565,-1.437956666181856,1.1908107016263565,0.9538505081700628,2015-02-12,-1.084248584764553,1.254675168926308,-1.2606135185738274,-1.5295033314445576,0.8158289994689738,1.484893993352331,-0.0155884650623543,-0.8123322078484696,1.1400563019893055,0.071466952146788,1.2296926501022896,-1.3386995878348875,1.2703132549937672,0.989379050093294,-0.0539959861895999,1.4392325207452386,1.029361034592656,-0.8527353303012999,0.1511157862405431,1.3133534303801258,0,7.032464223687339,0,0.6671328671328671,1,High,1.0404101381421549,Evening,2.4145975691482944,2.4405157238824544,-1.4252185190550004
0.7044072394007943,0.8813759668694676,729534,1991-09-30,-0.0168564137013849,-1.182668426364362,-0.2223825904484937,-0.162781881630893,-0.4794758203104481,1.5317569440051553,-0.928545848584576,1.0444038361407302,-0.8989266644560496,-1.489540660921188,-0.2475951875544917,1.0759434642739696,0.9538505081700628,2015-01-06,1.6911317516634838,-1.566933156994924,1.9335085724071543,1.065807751323357,0.3517624468700125,-0.9621956463186168,-1.2522733600091347,-0.524475295074384,-0.8238649762007128,0.071466952146788,0.0097594654770023,-0.4384308670313317,0.0358008594701839,-1.897124284340832,-1.462212617890123,-1.4722332805470657,-1.898040766729978,0.6424172067553336,-0.477784632120814,1.3133534303801258,0,11.65446620840018,0,0.010961260961260953,0,Low,1.0004836176946004,Evening,-4.832486665167167,2.5472707572856796,2.935362380826335
1.5214035193365676,1.6475994850123232,505014,2001-12-27,-1.2208859638003056,-1.182668426364362,-1.0399656435679565,-0.0214966254801401,-0.4794758203104481,-0.7460256416505894,-0.928545848584576,-1.5229605594854505,0.8255147307734235,-1.139266549005565,-0.8427759268681739,0.5841681043590642,0.9538505081700628,2015-02-15,0.7660049728541383,-0.6263970483545135,0.8688012087468271,-1.5295033314445576,1.279895552067935,0.9954760654181416,0.4867065202801754,0.3390954432478728,-0.8238649762007128,-1.1607218779702453,-1.2101737191482849,-0.4384308670313317,0.0358008594701839,0.8791030266824591,-0.2261796791486158,-0.221796045376653,1.3440328894579554,1.1408013857742114,-0.2082558813945181,0.8144221538016264,0,-40.89683398581103,0,-0.3445110445110444,1,High,1.5288667195963523,Night,0.8960571649326866,1.0192845644379593,-0.016954138250227513
-1.642284202967916,-0.5416105668244071,920826,2005-04-07,-0.0168564137013849,0.0609366486770281,1.412783515790431,1.3522238537698568,-0.4794758203104481,1.4999286304411128,-0.928545848584576,-0.4960148012349781,-0.8989266644560496,0.0866928426991166,-0.2475951875544917,0.3005896121453597,-1.1429780347790894,2015-01-20,0.7660049728541383,-0.6263970483545135,-1.2606135185738274,1.065807751323357,1.279895552067935,0.5060581374839519,0.5663808972655423,-0.2366183823002983,-0.8238649762007128,1.3036557822638213,0.0097594654770023,1.3621065745757797,-1.1987115360533993,0.8643237658129657,-0.1154901622463913,1.3148109053053965,0.9022208912127372,-0.1051590617729831,1.588602456780788,0.8144221538016264,1,0.6391864218464292,0,0.16410811410811413,1,High,1.0438447755967366,Evening,2.1015416342717423,2.431425914650353,-1.2372178684587767
1.304117274672798,0.990836469461304,534982,2003-04-08,-1.2208859638003056,1.3045417237184185,1.412783515790431,1.105138559515494,1.6979802210630677,-0.4404403426358882,-0.928545848584576,1.0444038361407302,-0.8989266644560496,1.4877892903616097,0.9427662910728726,-0.9019267788874382,0.9538505081700628,2015-01-03,0.7660049728541383,-0.6263970483545135,-0.1959061549135001,1.065807751323357,0.3517624468700125,-0.9621956463186168,0.9578245754979966,0.0512385304737872,-0.8238649762007128,-1.1607218779702453,1.2296926501022896,1.3621065745757797,1.2703132549937672,1.420251347750062,1.5592012323668942,1.584391072091721,1.1776912018692285,0.1440330277364557,0.5104874538756043,-1.680234229090871,0,1.2851330273370332,1,0.8505827505827506,1,High,0.8292126422004551,Night,4.321283506327844,3.0426166963733894,-2.901032158577782
1.1998198772341886,1.5381389824204867,110408,2005-11-14,-0.0168564137013849,-1.182668426364362,-0.2223825904484937,-0.9341141501290868,-0.4794758203104481,1.4105693493959006,-0.928545848584576,-1.0094876803602142,1.5645610430146262,1.312652234403798,-0.8427759268681739,-0.9019267788874382,0.9538505081700628,2015-01-26,0.7660049728541383,-0.6263970483545135,-1.2606135185738274,-1.5295033314445576,0.3517624468700125,1.484893993352331,1.1448861562462491,0.0512385304737872,-0.8238649762007128,-1.1607218779702453,-1.2101737191482849,-1.3386995878348875,0.0358008594701839,1.068580730137502,1.4936074445729834,-0.0082056055382575,1.1098831253999382,-1.6003115988296166,0.3308016200580737,-0.8486821014600384,0,-1.1439521325546407,0,-0.14893994893994889,1,High,1.0386506657353403,Night,2.595284964434664,2.4287191997010003,-1.526704234297162
-0.3038009358390959,-0.103768556457061,283052,2005-01-07,-1.2208859638003056,-1.182668426364362,-0.2223825904484937,1.2273699745670306,-0.4794758203104481,-0.5767955728629046,1.0769527444706637,1.557876715265966,-0.1598803522148468,-0.2635812692165066,0.3475855517591904,-0.0655497069153728,0.9538505081700628,2015-01-25,-1.084248584764553,-0.6263970483545135,0.8688012087468271,0.2007040570673854,0.8158289994689738,0.9954760654181416,-1.0513553658721229,0.0512385304737872,1.1400563019893055,0.071466952146788,0.0097594654770023,1.3621065745757797,1.2703132549937672,0.997337113638406,-0.1728847265660633,1.1986840642282104,1.1326624010888402,1.3899934752836502,-1.1066850504821713,1.1470430048539593,0,0.8125800058048696,0,0.1575813075813076,1,High,1.135685466743826,Night,2.1584617387509875,2.164222653515834,-1.1611246251125813
1.1737455278745363,1.1002969720531406,840806,1994-02-14,-0.0168564137013849,1.3045417237184185,1.412783515790431,1.288137386072705,-0.4794758203104481,-0.8382314706866235,1.0769527444706637,0.0174580778902579,-1.6379729766972524,-0.7889924370899414,-0.8427759268681739,2.6445991743675,-1.3708167898703387,2015-01-18,1.6911317516634838,-1.566933156994924,-0.1959061549135001,1.065807751323357,0.3517624468700125,-0.9621956463186168,-1.6160042114640705,0.19516698686083,-0.8238649762007128,0.071466952146788,-1.2101737191482849,1.3621065745757797,0.0358008594701839,-1.740994656693876,-1.2695308662455098,-1.4058750856458166,-1.746532095868908,1.3899934752836502,0.420644536966839,0.6481117282754599,0,-1.3515587110185001,0,-0.46315906315906313,0,Low,1.0031811943448141,Night,-4.421938047760234,2.5398932562209535,2.680943391066358
0.4784295449504741,0.334073453910285,382394,1996-01-23,1.1871731363975355,-1.182668426364362,1.412783515790431,-0.3518861325403262,-0.4794758203104481,-0.4960177967900231,-0.928545848584576,1.557876715265966,-1.3916242059501849,-0.088444213258695,1.5379470303865548,1.431313979832916,-0.797659921593915,2015-01-12,-1.084248584764553,0.3141390602858972,0.8688012087468271,-0.6643996371885862,1.279895552067935,0.0166402095497623,1.2626656700507044,0.7708808124090012,1.1400563019893055,0.071466952146788,0.0097594654770023,0.461837853772224,1.2703132549937672,0.372439647643674,-0.3573672547364375,0.8254192179086843,0.4021363272517225,1.6391855647930893,0.8698591215106656,0.1491804516969604,0,-1.0584125704742362,0,0.13660228660228663,1,Medium,1.079732649472942,Night,0.8701882904239693,2.336448225856665,-0.4977486427802953
-1.207711713640377,-1.7456760953346089,876699,1999-12-12,1.1871731363975355,0.0609366486770281,-0.2223825904484937,-0.6410947572247847,-0.4794758203104481,-0.3921746097915114,-0.928545848584576,-1.0094876803602142,-0.8989266644560496,1.312652234403798,1.5379470303865548,-0.9019267788874382,-1.6057755060581893,2015-01-15,0.7660049728541383,1.254675168926308,-1.2606135185738274,0.2007040570673854,-1.040437210926871,-1.4516135742528065,1.574434971297792,0.3390954432478728,-0.8238649762007128,0.071466952146788,0.0097594654770023,-1.3386995878348875,1.2703132549937672,-0.0137159119977037,-0.1810839500403022,-0.1761747863820443,0.0726314556587659,-1.6003115988296166,0.3308016200580737,-0.017129973829206,1,0.0213945493044234,0,0.15664890664890668,1,Medium,-5.295801801056153,Night,-0.2846272807635806,20.75312483311858,0.2709113687658769
0.4349722960177202,0.771915464277631,871432,2004-07-15,-1.2208859638003056,0.0609366486770281,1.412783515790431,0.8851793788260397,-0.4794758203104481,1.6546189786090113,1.0769527444706637,0.530930957015494,-0.652577893708982,-1.489540660921188,-1.437956666181856,-0.9019267788874382,-2.271491868590433,2015-01-10,-1.084248584764553,-0.6263970483545135,-1.2606135185738274,-1.5295033314445576,1.279895552067935,-1.4516135742528065,0.8677578884710602,-1.244117577009598,1.1400563019893055,-1.1607218779702453,0.0097594654770023,1.3621065745757797,1.2703132549937672,0.4099562329277725,-0.3389190019194001,0.8627457025406369,0.4402783702656982,-0.354351151282422,0.0612728693317778,-0.1834403993553725,0,0.46313298705453937,0,0.13870018870018871,1,Medium,1.0739617084479343,Evening,0.964105070886935,2.3517210905187125,-0.5541488379591625
2.051581956316165,1.7570599876041595,379882,2012-11-07,-1.2208859638003056,0.0609366486770281,-1.0399656435679565,0.0787306763019766,-0.4794758203104481,1.4099274807313036,-0.928545848584576,-1.5229605594854505,1.3182122722675589,-0.4387183251743182,-0.2475951875544917,-0.9019267788874382,-1.046858559974969,2015-01-23,-1.084248584764553,1.254675168926308,-0.1959061549135001,1.065807751323357,-1.040437210926871,0.9954760654181416,-1.2661297733978942,0.914809268796044,1.1400563019893055,1.3036557822638213,1.2296926501022896,-0.4384308670313317,0.0358008594701839,0.3273439542213737,-0.2651259906512504,-0.2611962235992697,0.592846542321601,1.6391855647930893,1.4089166229632577,-1.680234229090871,0,4.157716050218983,0,0.6431235431235431,1,Medium,1.8110758533967704,Night,0.06652432807108088,0.2032239300260986,0.2608196261502928
2.3818570482050947,2.632744008338852,852002,2009-06-29,-1.2208859638003056,0.0609366486770281,-0.2223825904484937,0.1470786482449745,-0.4794758203104481,-0.2998711050891257,1.0769527444706637,-0.4960148012349781,-1.6379729766972524,-0.7889924370899414,0.3475855517591904,0.8067233767293134,0.9538505081700628,2015-02-21,-0.1591218059552074,-1.566933156994924,-0.1959061549135001,1.065807751323357,0.8158289994689738,0.0166402095497623,1.0132502290530343,-0.9562606642355124,-0.8238649762007128,1.3036557822638213,0.0097594654770023,1.3621065745757797,0.0358008594701839,-1.8213332029588143,-1.3310250423023011,-1.4369804895057772,-1.8350004456374347,0.3932251172458947,0.690173287693135,0.3154908772231269,1,-12.383312203230311,0,0.02587967587967589,0,Low,1.0075045302863561,Evening,-4.6030059774455125,2.5272742501163585,2.7816727744866983
0.2263775011405015,0.5529944590939581,372891,2000-06-26,-0.0168564137013849,0.0609366486770281,1.412783515790431,-1.0122553866370585,-0.4794758203104481,-0.8233289547346737,-0.928545848584576,-1.0094876803602142,1.5645610430146262,-1.3144036049633765,-0.2475951875544917,0.7277521510495476,-0.4487818278604397,2015-02-17,0.7660049728541383,-0.6263970483545135,0.8688012087468271,-0.6643996371885862,0.3517624468700125,0.9954760654181416,1.6645016583247283,1.0587377251830867,-0.8238649762007128,0.071466952146788,-1.2101737191482849,0.461837853772224,1.2703132549937672,0.8101331426248234,1.239431516871579,1.2608948719481314,0.4900749264228332,-0.1051590617729831,1.588602456780788,1.6459742814324587,0,-0.8003256427628549,0,-0.1778443778443778,1,High,0.6049305919078996,Night,2.9904013152425435,3.6912421757138696,-2.18026817261772
-0.5732358792221701,-0.9794525771917532,689034,2002-01-09,1.1871731363975355,1.3045417237184185,-1.0399656435679565,-0.6692862468511535,1.2624890127883643,-0.529171708683125,-0.928545848584576,1.557876715265966,1.0718635015204911,-0.4387183251743182,1.5379470303865548,0.0923927444441588,-1.6235754087996932,2015-01-06,0.7660049728541383,-0.6263970483545135,-1.2606135185738274,0.2007040570673854,0.8158289994689738,-0.4727777183844272,1.5882913846865512,-1.6759029461707264,-0.8238649762007128,-1.1607218779702453,1.2296926501022896,0.461837853772224,0.0358008594701839,1.1519509196577211,-0.103191327035033,1.3396952283933647,1.2947660838982369,-0.354351151282422,0.0612728693317778,0.9807325793277928,0,-1.7211658632509954,1,0.6615384615384615,1,High,1.1239758029857272,Evening,2.5312699852565688,2.1973746838398287,-1.3793190655988476
0.3046005492194585,0.2246129513184485,743092,2013-11-11,1.1871731363975355,0.0609366486770281,-0.2223825904484937,0.2828731200789642,2.568962637612473,-0.3672115002053333,-0.928545848584576,0.0174580778902579,0.3328171892792883,-0.7889924370899414,-0.2475951875544917,0.9431282210852726,0.7295717336271145,2015-02-18,-0.1591218059552074,-1.566933156994924,1.9335085724071543,1.065807751323357,-1.5045037635258325,-1.4516135742528065,0.1333679788668096,1.4905230943442151,-0.8238649762007128,-1.1607218779702453,-1.2101737191482849,0.461837853772224,1.2703132549937672,-1.590549360150572,-1.183439019766002,-1.362327520241872,-1.569595396331854,1.3899934752836502,-0.6574704659383447,1.3133534303801258,0,-5.622816819391505,0,-0.45336885336885335,0,Low,0.9868265785915906,Night,-4.1153619363397285,2.5873856082880375,2.5248125761891567
-0.9643511196169552,-0.8699920745999167,599174,2008-01-14,-1.2208859638003056,-1.182668426364362,1.412783515790431,-0.9802531287908468,-0.4794758203104481,-0.9748099595795868,-0.928545848584576,0.530930957015494,1.5645610430146262,-0.7889924370899414,-1.437956666181856,-0.9019267788874382,0.9538505081700628,2015-02-17,-1.084248584764553,0.3141390602858972,-1.2606135185738274,1.065807751323357,-1.5045037635258325,-1.4516135742528065,-1.6610375549775385,1.3465946379571725,1.1400563019893055,1.3036557822638213,0.0097594654770023,1.3621065745757797,0.0358008594701839,-0.177803603189771,0.267823535174275,0.2779641099733792,-0.3887813146908566,-1.1019274198107387,-1.645742551934763,1.4796638559062922,0,0.18138558230839444,0,0.20769785769785773,1,Low,2.186589553336884,Night,0.15700633045679763,-0.8830372988927656,-0.33480993364656864
-1.4510723076637988,-1.5267550901509357,421092,2003-03-04,1.1871731363975355,-1.182668426364362,-0.2223825904484937,-0.1443836565694986,-0.4794758203104481,1.6220511207140198,-0.928545848584576,1.0444038361407302,-1.1452754352031171,1.662926346319421,-0.8427759268681739,0.8677465965727689,0.9538505081700628,2015-01-24,-1.084248584764553,0.3141390602858972,-0.1959061549135001,-1.5295033314445576,0.3517624468700125,0.5060581374839519,1.3250195303001218,-1.1001891206225551,1.1400563019893055,1.3036557822638213,-1.2101737191482849,-1.3386995878348875,1.2703132549937672,-0.0656328027443855,-0.3614668664735569,0.8171244435460281,-0.2070768597770557,-0.8527353303012999,-0.0285700475769874,-1.5139238035647045,0,0.45457539225144505,0,-0.35989565989565986,1,Medium,3.1551298473935363,Evening,0.24858071729541548,-3.78750402855086,-0.31421352003980096
0.4349722960177202,0.1151524487266119,349658,1994-06-07,-0.0168564137013849,-1.182668426364362,-1.0399656435679565,2.7513904304878394,-0.4794758203104481,1.5084264134137133,1.0769527444706637,0.530930957015494,1.5645610430146262,0.2618298986569282,-1.437956666181856,-0.9019267788874382,0.9538505081700628,2015-01-21,0.7660049728541383,-0.6263970483545135,-0.1959061549135001,-0.6643996371885862,0.8158289994689738,-1.4516135742528065,0.1299038755196198,-0.2366183823002983,-0.8238649762007128,1.3036557822638213,-1.2101737191482849,-0.4384308670313317,-1.1987115360533993,-0.3593232430997022,-1.5237067939469142,-0.4125758557177442,-0.0031228797717691,0.8916092962647725,-0.8371562997558752,-1.5139238035647045,1,-0.13059691875103058,0,-0.49206349206349204,0,Low,0.008691028267077206,Evening,-1.9394055294364274,5.397399038551295,1.5800822863367252
-0.6340760277280255,-1.0889130797835898,811042,2013-07-04,-0.0168564137013849,0.0609366486770281,-0.2223825904484937,-1.1396907539888106,-0.4794758203104481,-0.2985175994268231,-0.928545848584576,-1.5229605594854505,-0.8989266644560496,-0.7889924370899414,0.3475855517591904,1.4564411880037504,0.9538505081700628,2015-02-03,0.7660049728541383,-0.6263970483545135,-1.2606135185738274,-0.6643996371885862,0.3517624468700125,-0.4727777183844272,-1.4081580106326783,-0.9562606642355124,-0.8238649762007128,-1.1607218779702453,0.0097594654770023,1.3621065745757797,0.0358008594701839,0.8957770645865029,1.608396573212327,0.0498578150003354,0.8238178027951204,-0.8527353303012999,-0.3879417152120487,-0.349750824881539,0,-0.7859832568042,0,0.3601454101454101,1,High,0.9196673097542305,Evening,2.482072191007783,2.7708561854029368,-1.5862951264212801
0.2263775011405015,0.4435339565021215,505316,2002-06-30,-0.0168564137013849,-1.182668426364362,1.412783515790431,-0.1445065845765901,-0.4794758203104481,-0.3881978148043338,1.0769527444706637,0.530930957015494,1.5645610430146262,0.4369669546147398,1.5379470303865548,0.8246713825656238,0.9538505081700628,2015-01-07,0.7660049728541383,1.254675168926308,0.8688012087468271,-1.5295033314445576,0.8158289994689738,-0.4727777183844272,-1.2384169466203754,0.19516698686083,-0.8238649762007128,-1.1607218779702453,-1.2101737191482849,0.461837853772224,-1.1987115360533993,0.8601552563369548,1.288626857717012,1.3106635181240682,0.5345739766058049,-1.3511195093201778,-1.2863708842997017,-0.5160612504077055,0,-5.952401485778287,0,-0.17224997224997224,1,High,0.6214847275334966,Night,3.133864352446885,3.643366341125856,-2.27370909610993
0.947767833424216,1.209757474644977,116645,2004-06-30,1.1871731363975355,-1.182668426364362,1.412783515790431,-0.0032213284258382,-0.4794758203104481,1.432588235324905,1.0769527444706637,0.530930957015494,-1.3916242059501849,-0.6138553811321298,0.9427662910728726,-0.9019267788874382,0.9538505081700628,2015-02-02,-1.084248584764553,1.254675168926308,-1.2606135185738274,0.2007040570673854,-0.5763706583279098,0.5060581374839519,0.1091192554364806,0.914809268796044,1.1400563019893055,1.3036557822638213,1.2296926501022896,-0.4384308670313317,1.2703132549937672,0.6153500634730391,1.3050253046654898,-0.1035955107088031,0.549406993333462,0.6424172067553336,-0.477784632120814,-1.680234229090871,1,-191.08301455708616,0,0.8216783216783217,1,High,0.8928350431908104,Night,1.7508367872901487,2.845264908470999,-1.1354867238171096
0.0525485054094859,-0.103768556457061,950880,1998-12-19,-0.0168564137013849,0.0609366486770281,-1.0399656435679565,-1.0526167489655074,-0.4794758203104481,1.590920490481061,1.0769527444706637,0.0174580778902579,-0.652577893708982,1.662926346319421,-0.2475951875544917,-0.9019267788874382,0.9538505081700628,2015-01-13,1.6911317516634838,-1.566933156994924,-0.1959061549135001,1.065807751323357,0.8158289994689738,1.484893993352331,0.5767732073071119,-0.8123322078484696,-0.8238649762007128,-1.1607218779702453,0.0097594654770023,0.461837853772224,0.0358008594701839,-1.6720247726362405,-1.2285347488743157,-1.3851381497391764,-1.6660100050616258,-1.6003115988296166,1.2292307891457268,0.4818013027492934,0,1.5884474218436095,0,0.03753468753468752,0,Low,0.9964033001964242,Evening,-4.279682903675118,2.559582569168525,2.6076581310388773
-0.8948195213245489,-1.0889130797835898,788502,2014-08-31,1.1871731363975355,0.0609366486770281,-1.0399656435679565,0.5100850531868312,-0.4794758203104481,1.6602423062575469,1.0769527444706637,1.557876715265966,-1.3916242059501849,1.312652234403798,0.3475855517591904,0.1749535712911867,-0.932939182429344,2015-02-28,-1.084248584764553,0.3141390602858972,-0.1959061549135001,-1.5295033314445576,0.3517624468700125,-1.4516135742528065,0.9786091955811356,-1.6759029461707264,1.1400563019893055,-1.1607218779702453,1.2296926501022896,-0.4384308670313317,-1.1987115360533993,0.5475170456361338,0.9811559774330552,0.9996094795244632,0.2564549129622321,-0.1051590617729831,1.6784453736895533,-1.5139238035647045,0,1.0733817210163803,0,0.7848484848484849,1,High,0.4683953615889865,Evening,2.2372203699197506,4.086112572454915,-1.6897033242836168
-0.4428641324239084,-0.2132290590488975,627486,2005-11-10,-0.0168564137013849,1.3045417237184185,-1.0399656435679565,-1.0065187463061114,-0.4794758203104481,-0.8790738528882687,1.0769527444706637,-0.4960148012349781,-0.4062291229619144,-1.489540660921188,0.9427662910728726,0.9754346315906314,-1.025498676685164,2015-01-16,-1.084248584764553,1.254675168926308,0.8688012087468271,-1.5295033314445576,-1.5045037635258325,-1.4516135742528065,-1.1448861562462491,-0.9562606642355124,1.1400563019893055,-1.1607218779702453,-1.2101737191482849,1.3621065745757797,0.0358008594701839,-0.3888817648386889,-0.6525392998090362,-0.6531243122347722,-0.2081363609718884,-0.354351151282422,0.0612728693317778,-1.014992526986205,0,0.3863635452686977,0,-0.392995892995893,0,Low,0.5352189663024992,Evening,-1.513799973015697,3.8927098223632486,1.1249182081770082
1.1563626283014348,1.5381389824204867,498842,2000-05-04,1.1871731363975355,-1.182668426364362,-1.0399656435679565,-0.2071179161886416,-0.4794758203104481,-0.7902169038414368,1.0769527444706637,-1.5229605594854505,-1.3916242059501849,-1.489540660921188,1.5379470303865548,-0.9019267788874382,-0.2779027615420028,2015-02-01,0.7660049728541383,0.3141390602858972,-0.1959061549135001,-0.6643996371885862,0.3517624468700125,-1.4516135742528065,-1.1622066729821985,-0.524475295074384,-0.8238649762007128,1.3036557822638213,-1.2101737191482849,-0.4384308670313317,0.0358008594701839,1.2747324714965889,1.4280136567790729,-0.041384702988882,1.4234954790704049,-1.6003115988296166,1.049544955328196,-0.6823716759338719,0,-6.154651657402844,1,-0.1563991563991563,1,High,1.1167004796690272,Evening,2.8101244328605954,2.2044799918538227,-1.5353919613640066
1.3562659733921028,1.3192179772368136,550294,2001-11-26,-1.2208859638003056,1.3045417237184185,-0.2223825904484937,1.1071873596336894,-0.4794758203104481,-0.4095190174022545,1.0769527444706637,1.0444038361407302,0.5791659600263559,0.9623781224881748,-0.8427759268681739,-0.9019267788874382,-0.2173830922208897,2015-01-30,1.6911317516634838,-1.566933156994924,-0.1959061549135001,1.065807751323357,0.3517624468700125,-0.4727777183844272,-0.7049450311531367,-0.9562606642355124,-0.8238649762007128,1.3036557822638213,1.2296926501022896,0.461837853772224,-1.1987115360533993,-1.8243648462140951,-1.3515231009878983,-1.360253826651208,-1.8535417165470065,0.3932251172458947,0.9597020384194308,0.6481117282754599,1,-1.6477456887441284,0,0.5195804195804196,0,Low,1.0159934491101985,Evening,-4.565318644186113,2.5024167485340296,2.7409537979720175
1.947284558877556,1.5381389824204867,328387,2014-05-06,-1.2208859638003056,-1.182668426364362,-0.2223825904484937,0.9835627605017814,-0.4794758203104481,1.6140138087399345,-0.928545848584576,-0.4960148012349781,-0.652577893708982,0.7872410665303631,0.9427662910728726,-0.9019267788874382,0.9538505081700628,2015-02-16,-0.1591218059552074,-1.566933156994924,1.9335085724071543,1.065807751323357,-1.5045037635258325,1.484893993352331,-1.5986836947281209,-0.3805468386873412,-0.8238649762007128,1.3036557822638213,1.2296926501022896,0.461837853772224,0.0358008594701839,-1.7368261472178652,-1.3945690242276525,-1.2731586958433183,-1.7422940910895772,0.8916092962647725,-1.016842133573406,1.3133534303801258,0,-1.7658500820849625,0,0.5146853146853146,0,Low,1.0031488166097045,Evening,-4.410021811160548,2.539128258376927,2.673195663942683
0.0003998066901812,0.1151524487266119,540152,1991-01-27,-1.2208859638003056,-1.182668426364362,-1.0399656435679565,-0.0008447202887309,-0.4794758203104481,-0.7382115883424509,-0.928545848584576,0.0174580778902579,-0.8989266644560496,-1.3144036049633765,-0.8427759268681739,-0.9019267788874382,0.9538505081700628,2015-01-07,-1.084248584764553,1.254675168926308,-0.1959061549135001,0.2007040570673854,0.3517624468700125,0.0166402095497623,-0.2442192859768852,-0.2366183823002983,1.1400563019893055,1.3036557822638213,0.0097594654770023,0.461837853772224,1.2703132549937672,-0.4191981973914958,0.1858313004318864,0.1950163663468178,-0.6838523974517519,-1.1019274198107387,-1.4660567181172324,1.3133534303801258,0,496.84498878418793,0,0.1983738483738484,1,Low,1.6313381904915023,Evening,-0.3030047306730477,0.7228214610177036,-0.1161934667184481
1.391031772538306,1.3192179772368136,385932,1992-04-28,-1.2208859638003056,-1.182668426364362,-1.0399656435679565,0.048941122583416,-0.4794758203104481,-0.3113410190521432,1.0769527444706637,1.0444038361407302,-0.4062291229619144,0.4369669546147398,1.5379470303865548,-0.9019267788874382,0.9538505081700628,2015-01-10,0.7660049728541383,0.3141390602858972,-1.2606135185738274,0.2007040570673854,-1.040437210926871,0.5060581374839519,-1.5120811110483745,0.6269523560219584,-0.8238649762007128,1.3036557822638213,1.2296926501022896,-0.4384308670313317,0.0358008594701839,0.9310199174291408,1.3583202572480424,1.3811691002066455,0.597614297698348,-0.354351151282422,0.0612728693317778,1.4796638559062922,1,19.022875761923252,0,0.8277389277389278,1,High,0.6418913759194157,Night,3.3371036551530358,3.584348743063573,-2.406083737723895
-0.1647377392542835,-0.4321500642325706,618682,2000-03-04,-0.0168564137013849,1.3045417237184185,1.412783515790431,0.6768573828079336,-0.4794758203104481,-0.8165614264231609,1.0769527444706637,-1.0094876803602142,1.0718635015204911,-0.088444213258695,0.3475855517591904,-0.9019267788874382,0.9538505081700628,2015-01-31,1.6911317516634838,-1.566933156994924,1.9335085724071543,1.065807751323357,1.279895552067935,-1.4516135742528065,1.667965761671918,-0.524475295074384,-0.8238649762007128,-1.1607218779702453,1.2296926501022896,1.3621065745757797,1.2703132549937672,-1.8118593177860625,-1.33922426577654,-1.4411278766871052,-1.8185781771175284,0.6424172067553336,-0.477784632120814,0.9807325793277928,0,-2.6768661862022007,0,0.5209790209790209,0,Low,1.003708821636604,Evening,-4.598930319581173,2.5382394828756127,2.787071001795111
-1.2250946132134786,-1.4172945875590992,550930,1995-10-12,-1.2208859638003056,1.3045417237184185,-1.0399656435679565,0.9983141213527876,2.1334714293377703,1.5713434962108497,1.0769527444706637,1.557876715265966,-0.1598803522148468,-0.6138553811321298,0.3475855517591904,-0.9019267788874382,-0.3455423919597174,2015-02-13,1.6911317516634838,-1.566933156994924,-0.1959061549135001,1.065807751323357,-1.5045037635258325,0.5060581374839519,1.2349528432731856,-0.9562606642355124,-0.8238649762007128,0.071466952146788,-1.2101737191482849,0.461837853772224,1.2703132549937672,-1.8039012542409505,-1.3474234892507788,-1.35610643946988,-1.8270541866761896,-1.6003115988296166,1.2292307891457268,-0.1834403993553725,0,-1.8069457385324752,0,-0.472016872016872,0,Low,1.0128354837695734,Evening,-4.530584115396849,2.511549130693614,2.726682861155898
0.0525485054094859,-0.4321500642325706,998192,2014-04-25,-1.2208859638003056,-1.182668426364362,-1.0399656435679565,0.7245944255618862,-0.4794758203104481,-0.3490019652640463,-0.928545848584576,-1.0094876803602142,0.0864684185322207,0.2618298986569282,-0.8427759268681739,-0.9019267788874382,0.2596543012514131,2015-02-22,-1.084248584764553,1.254675168926308,0.8688012087468271,-0.6643996371885862,1.279895552067935,0.9954760654181416,1.5675067646034122,-0.0926899259132555,1.1400563019893055,0.071466952146788,1.2296926501022896,-0.4384308670313317,-1.1987115360533993,-1.0683488094284732,-0.9641097918301126,-0.9683257380157054,-0.9969350005248024,-1.1019274198107387,-1.4660567181172324,0.1491804516969604,1,-1.474407333720088,0,0.5636363636363636,0,Low,0.9331558428131433,Evening,-2.9293705303706203,2.7419633423854033,1.8610217209421471
-0.0865146911753265,-0.103768556457061,663938,2011-01-26,-0.0168564137013849,-1.182668426364362,1.412783515790431,-0.1030798461866801,-0.4794758203104481,1.438881338971281,-0.928545848584576,1.557876715265966,-0.1598803522148468,-0.9641294930477532,-0.8427759268681739,0.7672377638894304,0.9538505081700628,2015-01-08,-1.084248584764553,0.3141390602858972,-0.1959061549135001,-1.5295033314445576,1.279895552067935,-1.4516135742528065,-0.12297566882524,0.4830238996349156,1.1400563019893055,-1.1607218779702453,0.0097594654770023,-1.3386995878348875,-1.1987115360533993,0.0347903800867872,-0.5234015300897743,0.4894808562211107,0.0588579401259413,-0.603543240791861,-0.9269992166646406,0.9807325793277928,0,-0.33751231580318974,0,0.11772116772116772,1,Medium,1.6917391600770073,Night,0.0249372662572777,0.7167656527298318,0.0098531138295095
0.7826302874797514,1.1002969720531406,756870,1996-01-26,-0.0168564137013849,1.3045417237184185,-1.0399656435679565,-0.495711900837641,-0.4794758203104481,-0.8178312100857333,1.0769527444706637,1.0444038361407302,0.3328171892792883,0.6121040105725515,0.3475855517591904,-0.0870873139189453,0.9538505081700628,2015-02-04,-1.084248584764553,1.254675168926308,0.8688012087468271,1.065807751323357,1.279895552067935,-0.9621956463186168,1.5848272813393611,1.634451550731258,1.1400563019893055,1.3036557822638213,0.0097594654770023,-0.4384308670313317,1.2703132549937672,-0.3737235485622855,-0.7242825052086261,-0.7257035879080134,-0.1498637952560922,0.1440330277364557,0.5104874538756043,0.8144221538016264,0,0.7539143237132288,0,0.09487734487734488,0,Low,0.4010028183544711,Night,-1.5998498883727317,4.280849241040902,1.2261263398104463
0.5914183921756342,0.2246129513184485,337158,1991-04-08,1.1871731363975355,0.0609366486770281,1.412783515790431,-1.2730266656809652,1.6979802210630677,-0.9146836101067854,1.0769527444706637,0.530930957015494,-1.1452754352031171,0.9623781224881748,1.5379470303865548,0.4836592716757259,-0.5698211665026658,2015-02-04,0.7660049728541383,-0.6263970483545135,-0.1959061549135001,-0.6643996371885862,-1.040437210926871,-1.4516135742528065,-0.4001039366004289,1.634451550731258,-0.8238649762007128,0.071466952146788,-1.2101737191482849,-1.3386995878348875,0.0358008594701839,1.1875727279072692,1.924066676970523,0.209532221481466,1.1093533748025215,0.6424172067553336,-0.5676275490295793,0.6481117282754599,1,-0.9328741437997751,1,-0.09998889998889993,1,High,0.9341343183445235,Night,3.2429522732545104,2.730737635101788,-2.0553795453472414
-1.5379868055293064,-1.3078340849672627,919875,2002-06-29,-0.0168564137013849,-1.182668426364362,1.412783515790431,-0.564018896778275,-0.4794758203104481,-0.4234726840239304,-0.928545848584576,-1.0094876803602142,-1.6379729766972524,1.312652234403798,0.3475855517591904,-0.9019267788874382,-1.0326186377817657,2015-02-26,0.7660049728541383,-0.6263970483545135,0.8688012087468271,-0.6643996371885862,-1.040437210926871,0.5060581374839519,1.3735169771607798,1.634451550731258,-0.8238649762007128,-1.1607218779702453,0.0097594654770023,1.3621065745757797,-1.1987115360533993,0.3334072407319351,-0.1216395798520705,-0.1160376722527873,0.5271574682419762,0.6424172067553336,-0.2980987983032834,0.4818013027492934,0,-0.5911288323232111,0,0.16340881340881344,1,Medium,1.5811170926210494,Night,0.2894802161371184,0.8682455343683738,0.04392702459481673
0.4088979466580678,0.0056919461347754,315631,1999-04-09,-0.0168564137013849,1.3045417237184185,1.412783515790431,-0.1000885980141148,-0.4794758203104481,1.558534030252151,-0.928545848584576,-1.5229605594854505,1.0718635015204911,-1.3144036049633765,-0.8427759268681739,-0.9019267788874382,-0.1746633256412805,2015-01-08,0.7660049728541383,0.3141390602858972,-0.1959061549135001,1.065807751323357,-1.040437210926871,-0.4727777183844272,-0.5698450006127321,-0.2366183823002983,-0.8238649762007128,1.3036557822638213,-1.2101737191482849,-1.3386995878348875,-1.1987115360533993,-0.322943524036334,-0.3901641486333929,-0.3876915326297758,-0.2515759099600274,0.3932251172458947,0.9597020384194308,-1.347613378038538,0,3.2266087951355478,0,-0.3631590631590631,0,Low,0.7790114067843317,Evening,-1.0294315912231962,3.1876619354946754,0.7064880671868622
-0.2081949881870374,-0.6510710694162436,113464,2009-04-19,-0.0168564137013849,1.3045417237184185,1.412783515790431,-1.028236027558982,-0.4794758203104481,-0.8280592477194217,-0.928545848584576,0.0174580778902579,-1.1452754352031171,-1.3144036049633765,0.3475855517591904,1.1836314992918322,-0.7905399604973135,2015-02-15,-1.084248584764553,0.3141390602858972,-0.1959061549135001,-1.5295033314445576,0.8158289994689738,-0.9621956463186168,0.2095782525049866,0.0512385304737872,2.1220169410843157,-1.1607218779702453,1.2296926501022896,1.3621065745757797,1.2703132549937672,0.1871304536646418,0.8417691783709946,-0.337922886453839,0.1303742707771458,1.1408013857742114,-0.2082558813945181,-0.5160612504077055,0,-0.18199190715072924,0,0.768997668997669,1,Medium,0.6966988618107435,Night,0.6342205626943014,3.3891713566811053,-0.4470901090296596
1.6343923665617277,1.209757474644977,556415,1991-08-22,1.1871731363975355,-1.182668426364362,1.412783515790431,-0.6041344030925402,-0.4794758203104481,-0.9728285389193088,-0.928545848584576,1.557876715265966,0.0864684185322207,1.4877892903616097,-0.8427759268681739,1.5533604195198267,-1.4242164980948502,2015-01-14,0.7660049728541383,1.254675168926308,-0.1959061549135001,0.2007040570673854,1.279895552067935,1.484893993352331,-1.3388759436888813,-1.1001891206225551,-0.8238649762007128,0.071466952146788,1.2296926501022896,0.461837853772224,1.2703132549937672,2.094413016643105,1.883070559599329,1.9120346594166384,1.9527163258893172,-1.1019274198107387,-1.645742551934763,-0.5160612504077055,0,-3.4668055199760013,1,0.8874125874125874,1,High,0.9323449472607623,Evening,5.7478215449052845,2.7443578486539186,-3.6534085282621795
-0.5297786302894162,-0.9794525771917532,250249,1991-11-28,-0.0168564137013849,-1.182668426364362,-1.0399656435679565,0.5572074559053247,1.6979802210630677,-0.9030183448110644,-0.928545848584576,-0.4960148012349781,0.0864684185322207,1.312652234403798,0.9427662910728726,-0.9019267788874382,-1.3850567120635418,2015-01-12,0.7660049728541383,0.3141390602858972,-0.1959061549135001,-0.6643996371885862,0.3517624468700125,0.9954760654181416,-1.1275656395102998,0.6269523560219584,-0.8238649762007128,0.071466952146788,1.2296926501022896,-1.3386995878348875,1.2703132549937672,0.0582856153152126,0.7023823793089341,-0.4084284685364162,0.0042936285920595,-0.603543240791861,-0.1184129644857528,0.8144221538016264,0,0.10460289088849704,0,0.7531468531468531,1,Medium,0.07366405767155394,Night,0.29824753936457743,5.116912995404896,-0.23996192404936484
1.4518719210441613,1.6475994850123232,403776,2012-04-27,-0.0168564137013849,-1.182668426364362,1.412783515790431,0.2522640463131252,-0.4794758203104481,-0.437607748311688,1.0769527444706637,-0.4960148012349781,-0.1598803522148468,-0.9641294930477532,1.5379470303865548,0.3436648261525046,-1.9297337359535596,2015-01-18,-1.084248584764553,-0.6263970483545135,-1.2606135185738274,-1.5295033314445576,0.3517624468700125,-0.9621956463186168,0.472850106891416,0.914809268796044,1.1400563019893055,-1.1607218779702453,0.0097594654770023,0.461837853772224,-1.1987115360533993,-0.776174190700797,-0.4209112366617886,-0.4187969364897363,-0.869265106547467,0.6424172067553336,-0.2980987983032834,0.8144221538016264,1,-3.076820201786367,0,0.1293761793761794,0,Low,1.119937041065047,Night,-1.7089732796989918,2.2017937493512,0.9327990889981949
0.7652473879066498,0.334073453910285,396002,2007-03-04,-0.0168564137013849,0.0609366486770281,-0.2223825904484937,1.3596405101977238,-0.4794758203104481,1.453337337591337,1.0769527444706637,0.0174580778902579,0.8255147307734235,0.7872410665303631,-0.2475951875544917,-0.9019267788874382,-0.9614190268157504,2015-01-15,-1.084248584764553,0.3141390602858972,0.8688012087468271,0.2007040570673854,1.279895552067935,0.9954760654181416,0.6703039976812382,0.4830238996349156,1.1400563019893055,1.3036557822638213,0.0097594654770023,-0.4384308670313317,0.0358008594701839,1.2065204982527735,1.94456473565612,0.2199006894347862,1.1278946457120933,0.1440330277364557,0.5104874538756043,0.3154908772231269,0,0.8873813348618028,1,0.3983738483738483,1,High,0.9348317848836147,Night,3.2923600708029994,2.728803486362106,-2.085839572550226
-0.3385667349852991,-0.4321500642325706,976908,2012-12-31,-1.2208859638003056,0.0609366486770281,-1.0399656435679565,-1.4603279724863862,2.1334714293377703,-0.7360348163494695,1.0769527444706637,-1.0094876803602142,-0.1598803522148468,0.7872410665303631,0.3475855517591904,-0.9019267788874382,-0.8225797854320204,2015-02-24,0.7660049728541383,-0.6263970483545135,0.8688012087468271,0.2007040570673854,0.3517624468700125,1.484893993352331,1.3388759436888813,-0.524475295074384,-0.8238649762007128,0.071466952146788,0.0097594654770023,1.3621065745757797,1.2703132549937672,0.6418769419567452,-0.0949921035607942,-0.0890796555741548,0.9446009390060436,-0.1051590617729831,-1.7355854688435284,0.4818013027492934,0,-0.43954330369168676,0,0.16643911643911646,1,High,1.4716208133379014,Evening,0.7605291798710946,1.1848501563282339,-0.11865223791434942
-0.3994068834911545,-0.6510710694162436,509489,2013-12-21,1.1871731363975355,-1.182668426364362,-0.2223825904484937,2.000587139173964,0.8269978045136612,-0.9548283089773468,1.0769527444706637,0.0174580778902579,1.5645610430146262,-0.9641294930477532,0.9427662910728726,-0.9019267788874382,0.9538505081700628,2015-02-07,-1.084248584764553,0.3141390602858972,0.8688012087468271,-1.5295033314445576,1.279895552067935,1.484893993352331,-0.2268987692409359,-1.1001891206225551,1.1400563019893055,0.071466952146788,-1.2101737191482849,-0.4384308670313317,0.0358008594701839,-0.6200445630538415,-0.7775774577911787,-0.0247951542635697,-0.6594838699706007,-0.354351151282422,0.0612728693317778,-1.1813029525123715,0,-0.30993114020452794,0,-0.4072150072150072,0,Low,1.063608928899298,Evening,-1.461856482025349,2.357667378765141,0.8418119189715075
0.3219834487925601,0.0056919461347754,485295,2005-04-28,1.1871731363975355,0.0609366486770281,-0.2223825904484937,0.0170208167419322,-0.4794758203104481,-0.3854489424798636,-0.928545848584576,0.0174580778902579,-1.6379729766972524,-0.7889924370899414,0.3475855517591904,-0.9019267788874382,-1.0005788128470587,2015-02-22,-1.084248584764553,1.254675168926308,-0.1959061549135001,1.065807751323357,0.3517624468700125,0.5060581374839519,-0.9890015056227052,1.2026661815701296,1.1400563019893055,0.071466952146788,-1.2101737191482849,0.461837853772224,1.2703132549937672,-0.5776015574799118,-0.5623478415924088,-0.5618817942455547,-0.5185702110578572,1.1408013857742114,1.4987595398720228,0.8144221538016264,0,-33.933014685619646,0,-0.3827394827394827,0,Low,0.8978007454154723,Night,-1.6427998468958207,2.844179815309398,1.0651982894159089
-0.8774366217514473,-0.6510710694162436,361829,1994-09-17,1.1871731363975355,1.3045417237184185,1.412783515790431,-0.9640266318547396,-0.4794758203104481,1.6354187333375854,-0.928545848584576,1.0444038361407302,1.0718635015204911,-0.7889924370899414,1.5379470303865548,1.5928460323597096,-0.7442602133694034,2015-01-19,-1.084248584764553,1.254675168926308,-1.2606135185738274,-1.5295033314445576,-1.040437210926871,0.0166402095497623,-0.7430501679722252,-1.5319744897836836,1.1400563019893055,0.071466952146788,1.2296926501022896,1.3621065745757797,-1.1987115360533993,0.997716069045316,1.4239140450419532,1.4475272951078946,0.6569463646089768,0.3932251172458947,0.9597020384194308,1.4796638559062922,0,-1.0349476570718952,0,0.8351981351981352,1,High,0.6584495594904356,Evening,3.5283877047588246,3.536461201505781,-2.5306716357135084
1.7213068644272354,1.6475994850123232,603632,2003-08-16,1.1871731363975355,0.0609366486770281,1.412783515790431,0.1175349505405971,-0.4794758203104481,-0.7905657455069788,1.0769527444706637,0.0174580778902579,0.3328171892792883,0.4369669546147398,-0.8427759268681739,0.8210817813983617,-1.8798940082773483,2015-02-28,0.7660049728541383,0.3141390602858972,-1.2606135185738274,0.2007040570673854,-1.040437210926871,1.484893993352331,-0.3169654562678722,1.0587377251830867,-0.8238649762007128,0.071466952146788,-1.2101737191482849,0.461837853772224,1.2703132549937672,0.5687385484230986,0.0197970250785496,1.588538459273049,0.3841248069395674,1.3899934752836502,0.420644536966839,1.3133534303801258,1,4.838847567975854,0,-0.3165390165390165,1,High,0.6753966872966746,Night,1.9924602912911658,3.5032912636645555,-1.423721742868067
-0.8861280715379981,-0.7605315720080802,783494,2014-09-02,1.1871731363975355,-1.182668426364362,-1.0399656435679565,1.150048258106337,0.8269978045136612,-0.6067261877663994,1.0769527444706637,0.0174580778902579,-0.652577893708982,0.9623781224881748,1.5379470303865548,-0.9019267788874382,0.9538505081700628,2015-02-04,0.7660049728541383,1.254675168926308,0.8688012087468271,0.2007040570673854,-0.5763706583279098,0.0166402095497623,0.2546115960184548,-0.0926899259132555,-0.8238649762007128,0.071466952146788,0.0097594654770023,-1.3386995878348875,0.0358008594701839,-0.2031936154527467,0.4195091694476937,-0.5515133262922345,-0.2515759099600274,0.1440330277364557,1.1393878722369617,-0.1834403993553725,1,-0.17668253252675795,0,0.22494727494727498,0,Low,1.238115417725564,Evening,-0.3835800668045682,1.8877657829734042,0.1803864513518215
-0.1908120886139358,0.1151524487266119,439049,2011-12-12,-0.0168564137013849,-1.182668426364362,-0.2223825904484937,-0.9587817035521594,-0.4794758203104481,-0.4891246854789152,1.0769527444706637,1.557876715265966,1.0718635015204911,-0.2635812692165066,-1.437956666181856,0.8928738047436034,-1.071778423813074,2015-02-17,0.7660049728541383,-0.6263970483545135,0.8688012087468271,0.2007040570673854,0.3517624468700125,0.0166402095497623,0.5525244838767829,0.19516698686083,-0.8238649762007128,1.3036557822638213,-1.2101737191482849,0.461837853772224,-1.1987115360533993,0.6949306989241573,-0.0662948214009582,1.41434819765727,0.6272803311536624,-1.3511195093201778,-1.376213801208467,0.4818013027492934,0,-0.7248067220684858,0,-0.3263292263292263,1,High,0.9026503354570992,Night,1.9753337074099742,2.8424861183739956,-1.280403008485817
0.678332890041142,0.771915464277631,502634,1991-08-17,1.1871731363975355,-1.182668426364362,1.412783515790431,1.239334967257291,-0.4794758203104481,-0.703466958454478,1.0769527444706637,0.530930957015494,1.0718635015204911,1.312652234403798,1.5379470303865548,0.9323594175834864,-1.719694883603814,2015-02-17,0.7660049728541383,-0.6263970483545135,-0.1959061549135001,1.065807751323357,-1.040437210926871,1.484893993352331,0.9197194386789082,-1.388046033396641,-0.8238649762007128,-1.1607218779702453,1.2296926501022896,0.461837853772224,0.0358008594701839,0.6305082797494426,1.3214237516139675,-0.0953007363461469,0.5642400100611192,-0.1051590617729831,0.2409587031493084,1.1470430048539593,0,0.5087468583234837,0,0.8235431235431236,1,High,0.8948956473493015,Evening,1.79036302532894,2.839550634433819,-1.1598547455794974
0.1568459028480952,0.0056919461347754,378588,2004-02-29,1.1871731363975355,1.3045417237184185,-1.0399656435679565,2.054798390301413,-0.4794758203104481,-0.5891445678230878,1.0769527444706637,-0.4960148012349781,-0.4062291229619144,0.4369669546147398,-0.8427759268681739,1.6610484545376891,0.9538505081700628,2015-01-17,-1.084248584764553,0.3141390602858972,-1.2606135185738274,0.2007040570673854,0.3517624468700125,0.5060581374839519,-1.6922144851022471,-0.3805468386873412,1.1400563019893055,1.3036557822638213,1.2296926501022896,-0.4384308670313317,-1.1987115360533993,0.0848124937989186,-0.4988038596670577,0.5392495023970475,0.1097139974779089,-1.1019274198107387,-1.5558996350259977,-1.5139238035647045,1,0.041275315828509025,0,0.6165501165501166,1,Medium,1.2935912973709827,Evening,0.15015964020789868,1.7704687483327477,-0.06534714640898008
1.8342957116523957,1.4286784798286505,794731,2015-02-22,-0.0168564137013849,0.0609366486770281,-0.2223825904484937,-1.1592363071163945,-0.4794758203104481,-0.4546172679235108,1.0769527444706637,1.557876715265966,0.8255147307734235,-0.6138553811321298,-0.8427759268681739,0.9072322094126516,0.9538505081700628,2015-02-02,-1.084248584764553,0.3141390602858972,0.8688012087468271,1.065807751323357,1.279895552067935,-1.4516135742528065,1.7129991051853863,0.4830238996349156,0.1580956628942965,1.3036557822638213,0.0097594654770023,1.3621065745757797,1.2703132549937672,-0.063359070302925,0.0874406187410202,0.0954790739949442,-0.1355605291258513,-0.603543240791861,-0.1184129644857528,-0.349750824881539,0,0.054655918357534417,0,0.1871850371850372,1,Medium,2.1395937167548644,Night,0.04735916361011311,-0.7474843123169855,-0.1107182339130381
-1.3293920106520878,-0.5416105668244071,641934,2013-12-25,1.1871731363975355,1.3045417237184185,-1.0399656435679565,0.7145962809850925,-0.4794758203104481,-0.5574557909252619,1.0769527444706637,1.557876715265966,0.8255147307734235,0.7872410665303631,0.9427662910728726,-0.9019267788874382,0.9538505081700628,2015-02-12,0.7660049728541383,1.254675168926308,-1.2606135185738274,-0.6643996371885862,-1.040437210926871,1.484893993352331,-0.1922577357690373,1.634451550731258,-0.8238649762007128,-1.1607218779702453,1.2296926501022896,1.3621065745757797,0.0358008594701839,0.4334514681561978,-0.2077314263315784,2.459489767351944,0.0313109090602922,0.8916092962647725,-0.8371562997558752,0.3154908772231269,1,0.6065674747022164,0,0.6496503496503496,1,Medium,0.07223608437040688,Night,2.2830692500806578,5.267173260755173,-1.84961778192446
0.443663745804271,0.6624549616857945,113516,1990-10-13,-1.2208859638003056,1.3045417237184185,-1.0399656435679565,-0.2628043034011914,-0.4794758203104481,1.3809875761579478,1.0769527444706637,-0.4960148012349781,-0.8989266644560496,-1.6646777168789997,0.3475855517591904,-0.9019267788874382,-0.4772616722468458,2015-01-04,0.7660049728541383,-0.6263970483545135,0.8688012087468271,0.2007040570673854,-1.5045037635258325,0.9954760654181416,-1.1344938462046794,0.6269523560219584,-0.8238649762007128,0.071466952146788,1.2296926501022896,-1.3386995878348875,1.2703132549937672,0.5516855551121447,0.9852555891701744,1.0037568667057912,0.2601631671441464,0.6424172067553336,-0.2980987983032834,0.1491804516969604,0,-2.0992337157571805,0,0.7853146853146853,1,High,0.4715778637948888,Night,2.249175623020112,4.076908531082307,-1.6974900679079674
-0.5297786302894162,-0.8699920745999167,425631,2014-07-05,-1.2208859638003056,0.0609366486770281,-1.0399656435679565,-0.3793400541241444,-0.4794758203104481,1.4464302726136076,1.0769527444706637,-1.5229605594854505,-1.1452754352031171,-0.9641294930477532,-1.437956666181856,0.4513528611703671,0.9538505081700628,2015-02-21,-1.084248584764553,1.254675168926308,-1.2606135185738274,0.2007040570673854,-1.5045037635258325,-1.4516135742528065,0.7499783746666049,1.3465946379571725,2.1220169410843157,1.3036557822638213,1.2296926501022896,-1.3386995878348875,-1.1987115360533993,0.8851663131930204,-0.1052411329035928,1.3355478412120367,0.9234109151093904,-1.3511195093201778,-1.2863708842997017,-1.014992526986205,0,-2.3334436662124864,0,0.6613053613053613,1,High,1.0432049414233517,Night,2.1537176234178346,2.433119243466905,-1.2685513102248143
-0.6427674775145763,-1.1983735823754262,542245,1991-11-25,1.1871731363975355,1.3045417237184185,-0.2223825904484937,-1.037742460107409,-0.4794758203104481,-0.5419253599753368,-0.928545848584576,0.0174580778902579,0.3328171892792883,-0.9641294930477532,-0.2475951875544917,-0.9019267788874382,-0.4167420029257327,2015-01-23,-1.084248584764553,-0.6263970483545135,-0.1959061549135001,-1.5295033314445576,0.3517624468700125,-0.4727777183844272,-0.5386680704880233,1.3465946379571725,0.1580956628942965,1.3036557822638213,1.2296926501022896,-0.4384308670313317,0.0358008594701839,1.222436625342997,1.1574392821291903,1.17794712832157,1.1088236242051055,0.6424172067553336,-0.2980987983032834,0.8144221538016264,0,-1.1779780150794703,1,0.804895104895105,1,High,0.9070594697164912,Night,3.4442100346558657,2.817493476355879,-2.2217734093128687
0.3306748985791108,0.2246129513184485,512894,1990-10-02,1.1871731363975355,0.0609366486770281,1.412783515790431,-0.421504360556605,2.1334714293377703,1.6527073262818417,1.0769527444706637,1.0444038361407302,-1.1452754352031171,-0.6138553811321298,0.9427662910728726,-0.9019267788874382,-1.075338404361375,2015-02-12,-1.084248584764553,0.3141390602858972,-0.1959061549135001,-0.6643996371885862,-1.040437210926871,0.5060581374839519,0.424352660030758,-1.244117577009598,1.1400563019893055,0.071466952146788,-1.2101737191482849,-0.4384308670313317,-1.1987115360533993,0.5808651214442213,1.0139528713300106,1.0327885769750875,0.2861209464175465,-0.603543240791861,-0.7473133828471099,0.6481117282754599,0,-1.3780794551131819,0,-0.20348540348540345,1,High,0.49257640591287566,Evening,2.3328623947226443,4.016179130782137,-1.751997273278423
-0.9382767702573028,-1.3078340849672627,633090,2009-02-17,-1.2208859638003056,-1.182668426364362,-0.2223825904484937,1.5353456083341583,-0.4794758203104481,-0.8915205235148036,-0.928545848584576,-0.4960148012349781,1.3182122722675589,1.4877892903616097,1.5379470303865548,-0.9019267788874382,0.9538505081700628,2015-01-23,-0.1591218059552074,-1.566933156994924,1.9335085724071543,1.065807751323357,1.279895552067935,-1.4516135742528065,0.8331168549991615,-1.1001891206225551,-0.8238649762007128,-1.1607218779702453,0.0097594654770023,0.461837853772224,0.0358008594701839,-1.770932133839773,-1.3863698007534135,-1.3955066176924964,-1.7608353619991486,1.6391855647930893,0.8698591215106656,0.3154908772231269,0,-1.153441264810702,0,0.019585969585969577,0,Low,0.9942991731029458,Evening,-4.5427117804450585,2.565154394567251,2.7717796466052853
-0.2081949881870374,-0.4321500642325706,464234,2005-07-17,-1.2208859638003056,1.3045417237184185,-0.2223825904484937,-0.0160877931681046,-0.4794758203104481,-0.963730748281976,1.0769527444706637,0.530930957015494,0.8255147307734235,0.2618298986569282,1.5379470303865548,-0.9019267788874382,-1.0326186377817657,2015-02-10,1.6911317516634838,-1.566933156994924,-0.1959061549135001,1.065807751323357,-0.5763706583279098,1.484893993352331,0.8504373717351109,0.7708808124090012,-0.8238649762007128,-1.1607218779702453,0.0097594654770023,1.3621065745757797,0.0358008594701839,-1.8061749866824108,-1.3146265953538234,-1.4286857151431211,-1.8201674289097776,0.1440330277364557,0.5104874538756043,-0.8486821014600384,0,112.27688252146656,0,0.027744477744477754,0,Low,1.007747560495581,Night,-4.563479739406722,2.526600301551759,2.757304752724311
-0.4689384817835608,-0.9794525771917532,290162,1994-03-12,-0.0168564137013849,-1.182668426364362,-0.2223825904484937,1.7244908352459554,-0.4794758203104481,-0.8584921946212968,1.0769527444706637,-1.0094876803602142,-0.8989266644560496,0.2618298986569282,0.3475855517591904,0.5375032891846572,0.9538505081700628,2015-01-10,1.6911317516634838,-1.566933156994924,1.9335085724071543,1.065807751323357,1.279895552067935,1.484893993352331,0.1749372190330879,-0.6684037514614268,-0.8238649762007128,1.3036557822638213,0.0097594654770023,1.3621065745757797,1.2703132549937672,-1.8255017124348252,-1.419166694650369,-1.4286857151431211,-1.8201674289097776,-0.354351151282422,0.0612728693317778,1.3133534303801258,0,-1.0585737056704958,0,0.015856365856365847,0,Low,0.9970784544269313,Evening,-4.668019838703268,2.5571175113249525,2.842518126268443
2.251485301406833,2.1949019979715056,638155,1994-08-03,-1.2208859638003056,0.0609366486770281,-0.2223825904484937,-1.13370825764368,-0.4794758203104481,1.4042064774164165,-0.928545848584576,0.0174580778902579,0.0864684185322207,0.2618298986569282,-0.8427759268681739,0.9538970245870588,0.9538505081700628,2015-02-12,-1.084248584764553,-0.6263970483545135,-1.2606135185738274,0.2007040570673854,0.3517624468700125,-0.9621956463186168,-1.1102451227743504,0.3390954432478728,0.1580956628942965,-1.1607218779702453,0.0097594654770023,0.461837853772224,0.0358008594701839,0.7441949018224684,-0.0396473451096819,1.4682642310145348,0.6754876355185483,0.1440330277364557,1.319073706054492,-1.014992526986205,1,-0.6564259836963714,0,0.17273282273282276,1,High,0.9076744898276653,Night,2.1041045214234013,2.827353007817753,-1.3599096196009328
2.3297083494857898,2.7422045109306885,911429,2012-08-25,-0.0168564137013849,0.0609366486770281,-1.0399656435679565,-1.094740079395604,-0.4794758203104481,1.599181061121093,1.0769527444706637,1.0444038361407302,1.0718635015204911,-0.2635812692165066,-0.8427759268681739,-0.9019267788874382,0.9538505081700628,2015-02-21,0.7660049728541383,-0.6263970483545135,-1.2606135185738274,-0.6643996371885862,-1.040437210926871,0.5060581374839519,-0.9820732989283256,0.19516698686083,-0.8238649762007128,0.071466952146788,1.2296926501022896,1.3621065745757797,0.0358008594701839,0.6873515907859555,1.3829179276707588,-0.0641953324861864,0.6198638227898338,1.3899934752836502,0.420644536966839,-0.5160612504077055,0,-0.6278679584229664,0,0.8305361305361305,1,High,0.9018134667697236,Night,1.9385864179744061,2.8203667869465994,-1.2512348271884506
-1.1207972157748691,-1.5267550901509357,106186,2011-12-02,-1.2208859638003056,1.3045417237184185,-0.2223825904484937,0.5468405273072553,-0.4794758203104481,-0.4010212344296539,-0.928545848584576,-1.5229605594854505,1.3182122722675589,-1.3144036049633765,-1.437956666181856,-0.9019267788874382,0.9538505081700628,2015-01-18,-1.084248584764553,1.254675168926308,0.8688012087468271,0.2007040570673854,1.279895552067935,1.484893993352331,0.022516671756734,1.634451550731258,0.1580956628942965,-1.1607218779702453,1.2296926501022896,1.3621065745757797,1.2703132549937672,0.4675574547781055,-0.189283173514541,-0.1844695607447004,0.7496527191568344,-1.1019274198107387,-1.5558996350259977,0.9807325793277928,0,0.8550145360767338,0,0.6517482517482518,1,Medium,1.6033347520420855,Night,0.375899984897593,0.8039636136533733,0.09165746988051249
-0.0952061409618773,0.1151524487266119,311783,2005-02-25,1.1871731363975355,-1.182668426364362,-1.0399656435679565,-0.0924260855720646,-0.4794758203104481,-0.6104936777542519,-0.928545848584576,-1.0094876803602142,0.5791659600263559,0.9623781224881748,-1.437956666181856,-0.9019267788874382,0.9538505081700628,2015-02-28,-1.084248584764553,1.254675168926308,0.8688012087468271,-1.5295033314445576,-0.1123041057289486,-0.4727777183844272,-0.971680988886756,1.634451550731258,1.1400563019893055,-1.1607218779702453,1.2296926501022896,-0.4384308670313317,1.2703132549937672,0.4357252005976583,-1.5237067939469142,1.4267903592012543,0.6384050936994053,0.6424172067553336,-0.5676275490295793,-1.014992526986205,0,-4.71436080259747,0,0.5,1,Medium,1.465151952817492,Night,0.5414886589537454,1.2427268734609473,-0.10576345835608714
-1.398923608944494,0.4435339565021215,528385,1997-11-07,-1.2208859638003056,1.3045417237184185,-1.0399656435679565,0.2621802388851911,-0.4794758203104481,1.4462488749475255,-0.928545848584576,-1.5229605594854505,-1.3916242059501849,0.2618298986569282,-0.8427759268681739,-0.9019267788874382,0.9538505081700628,2015-01-19,0.7660049728541383,0.3141390602858972,-1.2606135185738274,-1.5295033314445576,1.279895552067935,-1.4516135742528065,0.2927167328375432,0.6269523560219584,-0.8238649762007128,-1.1607218779702453,1.2296926501022896,-0.4384308670313317,-1.1987115360533993,1.0310641448534037,-0.0334979275040028,2.988281632971272,0.6866123980642912,0.8916092962647725,-1.016842133573406,-1.5139238035647045,1,3.932638922744986,0,0.6694638694638695,1,High,0.6659253311893435,Night,3.6413961035315605,3.531683833662414,-2.610331958678157
0.4262808462311694,0.2246129513184485,228403,2004-04-20,-0.0168564137013849,-1.182668426364362,-0.2223825904484937,0.7321749859992087,-0.4794758203104481,-0.414360939719976,-0.928545848584576,-1.0094876803602142,0.8255147307734235,0.6121040105725515,-0.8427759268681739,0.4118672483304842,0.9538505081700628,2015-01-11,0.7660049728541383,0.3141390602858972,0.8688012087468271,1.065807751323357,0.3517624468700125,0.5060581374839519,0.5005629336689349,0.7708808124090012,-0.8238649762007128,0.071466952146788,1.2296926501022896,-1.3386995878348875,-1.1987115360533993,0.1458243143114425,-0.2343789026228547,-0.2300908197393092,0.3232034882366895,0.1440330277364557,1.319073706054492,-1.680234229090871,0,0.19916566112508377,0,0.6466200466200467,1,Medium,2.216374363825586,Night,-0.1412662341254744,-0.9687360167369078,0.2870905484369169
-0.4515555822104592,-0.9794525771917532,209177,2009-11-17,-0.0168564137013849,1.3045417237184185,-1.0399656435679565,0.7872877091786644,-0.4794758203104481,1.6391025013257077,-0.928545848584576,0.0174580778902579,-0.1598803522148468,-0.6138553811321298,1.5379470303865548,1.2015795051281426,0.9538505081700628,2015-02-11,0.7660049728541383,1.254675168926308,-1.2606135185738274,-0.6643996371885862,0.8158289994689738,0.5060581374839519,-0.3377500763510114,-0.3805468386873412,-0.8238649762007128,1.3036557822638213,0.0097594654770023,-0.4384308670313317,-1.1987115360533993,1.2061415428458633,0.0525939189755051,0.0602262829536556,1.657115492531006,-0.603543240791861,-0.1184129644857528,-0.8486821014600384,1,1.5320193580626416,1,0.18322233322233325,1,High,1.3738968933315987,Evening,1.7699356944601667,1.4674349271223348,-0.5637941516143035
-0.382023983918053,-0.103768556457061,497929,2009-09-19,1.1871731363975355,0.0609366486770281,-1.0399656435679565,1.9551857285547545,-0.4794758203104481,-0.8342825830326892,1.0769527444706637,-0.4960148012349781,-0.8989266644560496,-0.088444213258695,1.5379470303865548,-0.9019267788874382,-0.6054209719856735,2015-01-09,-1.084248584764553,1.254675168926308,-1.2606135185738274,-0.6643996371885862,0.3517624468700125,-0.4727777183844272,-0.0086602583679746,0.19516698686083,1.1400563019893055,0.071466952146788,1.2296926501022896,-0.4384308670313317,1.2703132549937672,0.531221963139,-0.0027508394756071,1.54291720027844,0.3491612675100897,1.3899934752836502,0.420644536966839,-1.5139238035647045,0,0.27169883846934234,0,0.672960372960373,1,High,0.6572781896454427,Night,1.8893276283129226,3.5565624218291934,-1.3581056651739225
-1.285934761719334,-0.3226895616407341,735844,2009-11-08,-0.0168564137013849,-1.182668426364362,-1.0399656435679565,1.1336578571607738,-0.4794758203104481,1.5086915330795252,1.0769527444706637,0.0174580778902579,0.3328171892792883,1.4877892903616097,0.3475855517591904,-0.9019267788874382,-0.0714238897405582,2015-01-20,0.7660049728541383,0.3141390602858972,-1.2606135185738274,1.065807751323357,-1.5045037635258325,1.484893993352331,1.0859963993440214,0.19516698686083,-0.8238649762007128,1.3036557822638213,0.0097594654770023,0.461837853772224,1.2703132549937672,0.2174468862174487,-1.5237067939469142,-0.1865432543353644,0.7454147143775037,0.6424172067553336,-0.5676275490295793,-0.6823716759338719,0,0.19180980666621364,0,0.003968253968253969,1,Medium,3.428015453928516,Night,-0.9648353339047749,-4.437087665869218,1.1822822201222236
0.7130986891873451,0.2246129513184485,710741,2001-09-12,-1.2208859638003056,-1.182668426364362,-1.0399656435679565,-0.6131491236126001,-0.4794758203104481,1.424746274683523,-0.928545848584576,-1.0094876803602142,1.5645610430146262,1.662926346319421,-0.2475951875544917,0.7313417522168096,-1.271137334517917,2015-02-26,-0.1591218059552074,-1.566933156994924,1.9335085724071543,1.065807751323357,1.279895552067935,-0.9621956463186168,0.646055274250909,-1.244117577009598,-0.8238649762007128,-1.1607218779702453,1.2296926501022896,-1.3386995878348875,0.0358008594701839,-1.809964540751512,-1.4212165005189286,-1.4307594087337852,-1.7973881532208753,0.3932251172458947,0.9597020384194308,-0.349750824881539,0,2.951920540973694,0,0.5116550116550117,0,Low,0.9930521321300122,Evening,-4.649364062473589,2.5687611699311548,2.8393995217220773
-1.746581600406525,-1.0889130797835898,276804,1992-11-27,-1.2208859638003056,-1.182668426364362,-1.0399656435679565,-1.0682695818685195,1.6979802210630677,1.5939484361379646,-0.928545848584576,0.0174580778902579,1.3182122722675589,0.9623781224881748,0.9427662910728726,-0.9019267788874382,0.9538505081700628,2015-02-02,-0.1591218059552074,-1.566933156994924,1.9335085724071543,1.065807751323357,-0.1123041057289486,1.484893993352331,1.3527323570776408,-1.244117577009598,-0.8238649762007128,-1.1607218779702453,1.2296926501022896,-0.4384308670313317,-1.1987115360533993,-1.809964540751512,-1.4212165005189286,-1.3270747292005831,-1.823875683091692,1.3899934752836502,-0.6574704659383447,0.4818013027492934,1,1.6942972689374467,0,0.5116550116550117,0,Low,1.0076864213156491,Evening,-4.572166912811204,2.526109951868313,2.7622023720596918
0.7130986891873451,0.2246129513184485,507545,1998-12-07,-1.2208859638003056,0.0609366486770281,-0.2223825904484937,0.1739179297933337,2.1334714293377703,-0.910441695453796,-0.928545848584576,-0.4960148012349781,-0.8989266644560496,0.7872410665303631,-0.2475951875544917,1.657458853370427,-1.5488158172853772,2015-01-04,-1.084248584764553,-0.6263970483545135,-1.2606135185738274,-1.5295033314445576,-1.040437210926871,-0.9621956463186168,0.4312808667251377,0.6269523560219584,1.1400563019893055,-1.1607218779702453,0.0097594654770023,1.3621065745757797,1.2703132549937672,0.0639699464188639,-0.2835742434682878,0.9747251564364948,-0.0862937235661327,-1.1019274198107387,-1.645742551934763,0.3154908772231269,0,0.3678147427360484,0,0.14499389499389503,1,Medium,-1.34895180385648,Night,0.6048571894020742,9.455185881441212,-0.5408872429832103
0.3046005492194585,-0.103768556457061,485642,1990-08-25,1.1871731363975355,0.0609366486770281,-0.2223825904484937,0.0832790125643709,1.6979802210630677,1.5213893697052503,-0.928545848584576,1.0444038361407302,0.5791659600263559,0.6121040105725515,-0.2475951875544917,-0.9019267788874382,0.9538505081700628,2015-02-19,-1.084248584764553,-0.6263970483545135,-1.2606135185738274,1.065807751323357,1.279895552067935,0.5060581374839519,-0.7465142713194151,0.0512385304737872,1.1400563019893055,0.071466952146788,0.0097594654770023,1.3621065745757797,-1.1987115360533993,0.3470496353806982,-0.1134403563778316,-0.1077428978901311,0.5419904849696334,-1.1019274198107387,-1.5558996350259977,-0.349750824881539,0,4.167262043968207,0,0.16434121434121435,1,Medium,1.5617043443101477,Night,0.3208072307016707,0.9243816261847794,0.026242404679027498
-1.2164031634269277,-1.0889130797835898,796375,2011-10-22,1.1871731363975355,0.0609366486770281,1.412783515790431,-0.2217873250349201,-0.4794758203104481,-0.3054107107379309,1.0769527444706637,-0.4960148012349781,0.0864684185322207,1.1375151784459865,-0.2475951875544917,-0.9019267788874382,-1.231977548486609,2015-01-12,0.7660049728541383,1.254675168926308,-0.1959061549135001,-1.5295033314445576,0.8158289994689738,-0.4727777183844272,-0.3758552131700999,-1.1001891206225551,-0.8238649762007128,-1.1607218779702453,0.0097594654770023,0.461837853772224,0.0358008594701839,-0.3434071160094786,-0.6279416293863196,-0.6282399891468038,-0.1572803036199208,1.6391855647930893,0.8698591215106656,0.3154908772231269,1,1.5483692060608758,0,0.10583305583305584,0,Low,0.4580008808450563,Evening,-1.4134619221530442,4.116006839301692,1.0700548061435655
-0.9208938706842013,-0.8699920745999167,171183,1990-02-01,-0.0168564137013849,-1.182668426364362,-1.0399656435679565,-2.3949905864071157,-0.4794758203104481,-0.4592777925751506,1.0769527444706637,1.0444038361407302,0.8255147307734235,0.6121040105725515,1.5379470303865548,-0.9019267788874382,0.0140156434186601,2015-01-24,0.7660049728541383,-0.6263970483545135,-0.1959061549135001,0.2007040570673854,-1.5045037635258325,0.9954760654181416,-0.0640859119230124,-1.244117577009598,-0.8238649762007128,-1.1607218779702453,1.2296926501022896,-1.3386995878348875,-1.1987115360533993,0.4289040032732768,-0.0642450155323985,-0.0579742517141943,0.6309885853355767,0.6424172067553336,-0.5676275490295793,-1.347613378038538,0,-0.17908386980366978,0,0.6659673659673659,1,Medium,1.4711616337418716,Evening,0.5087693180889838,1.1862051368163256,-0.07986531481570702
-1.633592753181365,-0.4321500642325706,110084,1990-11-27,-1.2208859638003056,0.0609366486770281,-0.2223825904484937,0.4164139117829382,-0.4794758203104481,1.5550735209299755,1.0769527444706637,0.0174580778902579,-0.8989266644560496,0.9623781224881748,0.3475855517591904,1.226706713298977,-0.1639833839963782,2015-02-17,0.7660049728541383,0.3141390602858972,0.8688012087468271,0.2007040570673854,0.3517624468700125,-0.4727777183844272,1.1829912930653377,-1.6759029461707264,-0.8238649762007128,0.071466952146788,1.2296926501022896,-0.4384308670313317,-1.1987115360533993,0.0848124937989186,0.5260990746127988,0.5392495023970475,-0.1551613012302555,-0.354351151282422,0.0612728693317778,0.4818013027492934,1,0.20367304675949802,0,0.7331002331002331,1,Medium,-1.8294412160183156,Evening,0.9101872757795908,10.7316328453291,-0.8253747819806722
-1.164254464707623,-1.3078340849672627,714784,2004-07-16,-0.0168564137013849,0.0609366486770281,-0.2223825904484937,-1.014631994774165,1.2624890127883643,-0.4817292421694271,-0.928545848584576,1.0444038361407302,-1.6379729766972524,0.0866928426991166,0.3475855517591904,0.74928975805312,0.9538505081700628,2015-01-13,1.6911317516634838,-1.566933156994924,1.9335085724071543,1.065807751323357,1.279895552067935,-0.9621956463186168,0.8573655784294906,1.0587377251830867,-0.8238649762007128,0.071466952146788,1.2296926501022896,1.3621065745757797,-1.1987115360533993,-1.8327018651661169,-1.5237067939469142,-1.420390940780465,-1.80533441218212,-0.603543240791861,-0.9269992166646406,-0.8486821014600384,0,1.8062742756779635,0,0.5,0,Low,0.9850676924400772,Night,-4.749432146909499,2.591493373076467,2.9167302817433827
-1.1207972157748691,-1.3078340849672627,143924,1993-12-10,1.1871731363975355,-1.182668426364362,-0.2223825904484937,-0.4724785074973061,-0.4794758203104481,-0.4562777542514903,1.0769527444706637,0.0174580778902579,-1.3916242059501849,-0.9641294930477532,-0.2475951875544917,-0.9019267788874382,0.9538505081700628,2015-02-28,-1.084248584764553,1.254675168926308,-0.1959061549135001,1.065807751323357,0.3517624468700125,-0.4727777183844272,-1.016714332400224,0.4830238996349156,0.1580956628942965,-1.1607218779702453,-1.2101737191482849,-0.4384308670313317,1.2703132549937672,0.7153942908973019,-0.2999726904167655,0.9415460589858702,0.8370615677305286,-0.603543240791861,-0.1184129644857528,0.4818013027492934,0,-1.5141340689141287,0,-0.3529026529026529,1,High,1.1700686017664776,Night,1.4786349362996334,2.0668782072146707,-0.7632406454023315
0.3654406977253139,0.5529944590939581,996850,1995-03-08,1.1871731363975355,-1.182668426364362,-0.2223825904484937,0.5760973929950857,-0.4794758203104481,1.5810412945129144,1.0769527444706637,-0.4960148012349781,0.8255147307734235,-0.4387183251743182,-0.8427759268681739,-0.9019267788874382,0.9538505081700628,2015-01-03,0.7660049728541383,0.3141390602858972,-0.1959061549135001,0.2007040570673854,-1.040437210926871,-1.4516135742528065,0.7950117181800731,-0.8123322078484696,-0.8238649762007128,0.071466952146788,0.0097594654770023,-1.3386995878348875,0.0358008594701839,0.3402284380563166,-0.117539968114951,-0.1118902850714592,0.5345739766058049,-1.6003115988296166,0.3308016200580737,-1.347613378038538,0,0.5905734891699634,0,0.1638750138750139,1,Medium,1.5712161171583259,Evening,0.30514372341939466,0.8968763113581185,0.03508471463692192
-0.8165964732455919,-1.3078340849672627,284834,2009-08-03,1.1871731363975355,1.3045417237184185,-0.2223825904484937,1.6728610722674324,-0.4794758203104481,-0.4924735654681175,-0.928545848584576,-1.5229605594854505,1.3182122722675589,1.662926346319421,0.3475855517591904,-0.9019267788874382,-1.4028566148050456,2015-02-05,0.7660049728541383,1.254675168926308,0.8688012087468271,-1.5295033314445576,0.3517624468700125,1.484893993352331,1.1379579495518692,-1.244117577009598,-0.8238649762007128,-1.1607218779702453,-1.2101737191482849,1.3621065745757797,-1.1987115360533993,0.1795513455264401,-0.3450684195250792,-0.342070273635167,0.4275643559277063,-1.3511195093201778,-1.376213801208467,0.8144221538016264,0,0.10733182878793614,0,-0.358030858030858,1,Medium,2.3812797024405623,Evening,-0.2595743372325399,-1.4456750006327048,0.43912568275898
0.2785261998598062,0.0056919461347754,830878,1996-11-03,-0.0168564137013849,0.0609366486770281,-0.2223825904484937,-0.4303142010648446,1.2624890127883643,1.441979052961293,-0.928545848584576,1.0444038361407302,0.0864684185322207,-0.4387183251743182,1.5379470303865548,-0.9019267788874382,-1.320977062194128,2015-01-01,-0.1591218059552074,-1.566933156994924,-0.1959061549135001,1.065807751323357,-1.040437210926871,1.484893993352331,-1.3561964604248309,0.7708808124090012,-0.8238649762007128,1.3036557822638213,-1.2101737191482849,-1.3386995878348875,-1.1987115360533993,-1.66975104019478,-1.3453736833822192,-1.1736214034914447,-1.6866702783608627,-1.6003115988296166,1.049544955328196,-0.349750824881539,0,3.880315630714667,0,-0.47178377178377173,0,Low,1.010133395872899,Night,-4.205665365234527,2.51873949033948,2.535914325039747
0.5479611432428804,0.771915464277631,270208,2004-08-09,1.1871731363975355,-1.182668426364362,1.412783515790431,1.1866808042196704,-0.4794758203104481,1.6055299794339557,-0.928545848584576,0.530930957015494,-1.6379729766972524,-0.6138553811321298,1.5379470303865548,-0.9019267788874382,0.9538505081700628,2015-01-06,-1.084248584764553,-0.6263970483545135,0.8688012087468271,1.065807751323357,0.8158289994689738,0.9954760654181416,1.6541093482831586,-1.1001891206225551,2.1220169410843157,0.071466952146788,1.2296926501022896,-0.4384308670313317,-1.1987115360533993,0.9223039430702088,1.6370938553721632,0.0643736701349836,0.8497755820685206,-0.354351151282422,0.0612728693317778,-1.5139238035647045,0,0.7772125095292001,0,0.8594405594405594,1,High,0.9213607586659469,Evening,2.5512431075756674,2.7661600718337023,-1.6289391645054585
2.251485301406833,1.975980992787833,407958,1991-07-20,-1.2208859638003056,0.0609366486770281,-1.0399656435679565,-0.7897556938010407,-0.4794758203104481,-0.528264720352716,1.0769527444706637,1.0444038361407302,1.3182122722675589,1.312652234403798,1.5379470303865548,-0.9019267788874382,0.9538505081700628,2015-02-03,0.7660049728541383,-0.6263970483545135,-0.1959061549135001,1.065807751323357,-1.040437210926871,1.484893993352331,-1.4809041809236656,0.3390954432478728,-0.8238649762007128,0.071466952146788,1.2296926501022896,-1.3386995878348875,1.2703132549937672,0.2515528728393565,-0.1708349206975036,-0.1658063184287241,0.4381593678760329,0.3932251172458947,0.690173287693135,-1.680234229090871,0,-0.31852026308149944,0,0.6538461538461539,1,Medium,1.7418112586795416,Night,0.1015181287498052,0.4035641654169052,0.1500347440895513
0.8608533355587084,0.771915464277631,832300,2005-01-14,-0.0168564137013849,-1.182668426364362,-0.2223825904484937,-2.242477905608652,-0.4794758203104481,-0.7120624170934304,1.0769527444706637,1.0444038361407302,0.8255147307734235,-1.139266549005565,-1.437956666181856,-0.9019267788874382,0.9538505081700628,2015-02-12,-1.084248584764553,0.3141390602858972,-0.1959061549135001,-0.6643996371885862,-1.040437210926871,0.5060581374839519,-1.6506452449359688,-1.244117577009598,1.1400563019893055,0.071466952146788,0.0097594654770023,-1.3386995878348875,0.0358008594701839,0.0806439843229076,0.5219994628756794,-0.4996709865256337,0.1054759926985783,-0.603543240791861,-0.7473133828471099,0.1491804516969604,0,-0.03596201330823483,0,0.2366022866022866,1,Medium,1.3079051795241943,Evening,0.12780446904862405,1.5847788938353178,-0.04716048472571645
-0.5819273290087209,-0.9794525771917532,927205,2011-12-16,-1.2208859638003056,0.0609366486770281,-1.0399656435679565,-0.8885898115027859,-0.4794758203104481,-0.4858874348226865,1.0769527444706637,0.530930957015494,0.0864684185322207,-1.139266549005565,0.9427662910728726,1.09389147011028,-1.1714578791654957,2015-02-16,-1.084248584764553,-0.6263970483545135,-0.1959061549135001,0.2007040570673854,1.279895552067935,-0.9621956463186168,-0.895470715248579,-1.1001891206225551,1.1400563019893055,-1.1607218779702453,1.2296926501022896,-0.4384308670313317,-1.1987115360533993,0.8059646331488125,-0.1441874444062273,1.2567474847668034,0.8428888243021083,0.1440330277364557,1.319073706054492,-0.017129973829206,0,-0.9070164092948245,0,0.6568764568764569,1,High,1.0458123642431765,Evening,1.9554488646626846,2.4262186676905526,-1.1494842315138722
-1.285934761719334,0.334073453910285,655356,1996-07-07,-1.2208859638003056,0.0609366486770281,-1.0399656435679565,0.3400346433766152,-0.4794758203104481,-0.4106353107319886,-0.928545848584576,-1.5229605594854505,-1.6379729766972524,0.9623781224881748,-0.8427759268681739,-0.9019267788874382,0.9538505081700628,2015-02-25,0.7660049728541383,0.3141390602858972,0.8688012087468271,0.2007040570673854,-1.040437210926871,-0.9621956463186168,-0.8365809583463515,0.19516698686083,-0.8238649762007128,-1.1607218779702453,0.0097594654770023,0.461837853772224,1.2703132549937672,0.3307545528835645,0.767976167102845,0.7839453460954036,0.0636256955026883,-0.1051590617729831,1.588602456780788,-1.1813029525123715,0,0.9727055363935151,0,0.2645743145743146,1,Medium,0.19236470846216266,Night,1.6155472087009368,4.884414470494638,-1.2847926558173723
-1.1207972157748691,-1.3078340849672627,831053,1992-08-05,-0.0168564137013849,0.0609366486770281,-0.2223825904484937,-0.2198614529238163,-0.4794758203104481,1.4103600443965754,1.0769527444706637,-0.4960148012349781,0.5791659600263559,0.4369669546147398,-0.8427759268681739,1.176452296957308,-2.253691965848929,2015-01-21,-1.084248584764553,-0.6263970483545135,-0.1959061549135001,1.065807751323357,0.3517624468700125,0.5060581374839519,1.7095350018381965,1.634451550731258,1.1400563019893055,0.071466952146788,-1.2101737191482849,0.461837853772224,1.2703132549937672,1.01552697317009,-0.1646855030918244,1.2152736129535229,1.151733422595828,-0.354351151282422,0.7800162046019002,-0.349750824881539,0,-4.618961526118476,0,-0.33751803751803744,1,High,1.1341227942747425,Night,2.2023215324575265,2.1686468424722176,-1.1867945592874365
-0.6340760277280255,-0.6510710694162436,432740,1990-10-09,-1.2208859638003056,-1.182668426364362,1.412783515790431,-0.7180476896642027,-0.4794758203104481,-0.7827237848655969,1.0769527444706637,0.530930957015494,-0.8989266644560496,0.2618298986569282,1.5379470303865548,-0.9019267788874382,-1.367256809322038,2015-01-28,-0.1591218059552074,-1.566933156994924,-0.1959061549135001,1.065807751323357,-1.040437210926871,0.0166402095497623,-1.1587425696350084,-1.244117577009598,-0.8238649762007128,-1.1607218779702453,-1.2101737191482849,-0.4384308670313317,0.0358008594701839,-1.8137540948206128,-1.4232663063874884,-1.4328331023244492,-1.801626158000206,-0.603543240791861,-0.9269992166646406,0.8144221538016264,0,2.5259556529239373,0,-0.48064158064158063,0,Low,0.9933138987577544,Evening,-4.657725566712143,2.568004200799343,2.84397147189153
-0.4428641324239084,-0.5416105668244071,893853,1994-02-27,-1.2208859638003056,0.0609366486770281,-1.0399656435679565,-1.085930238887364,-0.4794758203104481,-0.7249556050518589,1.0769527444706637,-0.4960148012349781,-0.652577893708982,-0.7889924370899414,-0.2475951875544917,0.7349313533840718,-1.231977548486609,2015-02-27,-1.084248584764553,1.254675168926308,0.8688012087468271,0.2007040570673854,1.279895552067935,1.484893993352331,-1.422014424021438,-1.6759029461707264,1.1400563019893055,-1.1607218779702453,0.0097594654770023,-1.3386995878348875,0.0358008594701839,0.9476939553331848,1.37471870419652,1.3977586489319578,0.6124473144260052,1.6391855647930893,0.8698591215106656,-0.8486821014600384,0,-0.8727032309252358,0,0.3335719835719836,1,High,0.6462494191611315,Evening,3.384924667554483,3.5717449465207207,-2.4372307122212984
0.443663745804271,0.4435339565021215,594988,2007-05-06,-0.0168564137013849,1.3045417237184185,-1.0399656435679565,-1.1161295526295638,-0.4794758203104481,-0.3975467714408566,-0.928545848584576,0.0174580778902579,-0.4062291229619144,0.4369669546147398,0.9427662910728726,1.818990905897221,0.9538505081700628,2015-02-10,-1.084248584764553,1.254675168926308,-1.2606135185738274,-0.6643996371885862,0.3517624468700125,-0.9621956463186168,-0.2892526294903534,0.3390954432478728,0.1580956628942965,-1.1607218779702453,1.2296926501022896,0.461837853772224,-1.1987115360533993,0.8313546454117883,0.0074981898671914,1.5636541361850804,0.7607774817025773,1.6391855647930893,0.6003303707843697,0.3154908772231269,1,-0.744855638226567,0,0.6741258741258741,1,High,0.9151047279239295,Night,2.331929807754849,2.804972601827698,-1.5005751623430608
-0.8774366217514473,-1.4172945875590992,979544,2014-04-21,-1.2208859638003056,-1.182668426364362,-1.0399656435679565,0.4033015910264876,-0.4794758203104481,-0.3633742418843724,1.0769527444706637,0.530930957015494,-0.652577893708982,-0.088444213258695,-1.437956666181856,1.477978795007323,0.9538505081700628,2015-01-18,-1.084248584764553,-0.6263970483545135,-0.1959061549135001,1.065807751323357,-1.040437210926871,-1.4516135742528065,-0.5040270370161247,0.3390954432478728,0.1580956628942965,0.071466952146788,1.2296926501022896,0.461837853772224,-1.1987115360533993,-0.4608832921516053,-0.6914856113116707,-0.6925244904573888,-0.2886584517791704,-0.354351151282422,0.7800162046019002,0.8144221538016264,0,-1.1427729511446059,0,0.5946386946386947,0,Low,0.6263170807270186,Night,-1.67266855354823,3.629274940765163,1.2117852613966247
-0.929585320470752,-1.1983735823754262,191891,2010-02-11,1.1871731363975355,-1.182668426364362,-0.2223825904484937,-1.7459716849651852,-0.4794758203104481,-0.8003891268086386,1.0769527444706637,0.0174580778902579,0.3328171892792883,0.0866928426991166,-1.437956666181856,-0.9019267788874382,-0.2067031505759874,2015-01-13,0.7660049728541383,0.3141390602858972,0.8688012087468271,-1.5295033314445576,0.3517624468700125,1.484893993352331,1.0201784357474142,1.4905230943442151,-0.8238649762007128,-1.1607218779702453,0.0097594654770023,-1.3386995878348875,-1.1987115360533993,-0.2839111171245951,0.5383979098241571,0.5516916639410318,-0.6769656396853396,1.1408013857742114,1.4987595398720228,0.1491804516969604,0,0.1626093264734604,0,0.2384670884670885,1,Low,2.3844364777893787,Night,0.4131239340798494,-1.4551222699068107,-0.6970350512044445
0.087314304555689,-0.3226895616407341,831479,2000-06-04,-1.2208859638003056,-1.182668426364362,1.412783515790431,-1.1021977118258357,2.568962637612473,-0.5553069262655238,-0.928545848584576,-1.5229605594854505,0.8255147307734235,-1.139266549005565,0.3475855517591904,-0.9019267788874382,0.9538505081700628,2015-01-31,-1.084248584764553,-0.6263970483545135,-0.1959061549135001,-1.5295033314445576,-1.040437210926871,1.484893993352331,-1.0201784357474142,0.7708808124090012,1.1400563019893055,0.071466952146788,-1.2101737191482849,1.3621065745757797,-1.1987115360533993,-0.2153201884738695,-0.646389882203357,0.2406376253414266,-0.1954223466338965,-1.1019274198107387,-1.5558996350259977,0.1491804516969604,0,0.1953554988539046,0,-0.39229659229659225,1,Low,0.9075937356953785,Night,-0.6011746034958269,2.79201592648016,0.3858544150219574
2.0341990567430632,1.975980992787833,714346,1991-10-05,1.1871731363975355,1.3045417237184185,-1.0399656435679565,-0.561847168652988,-0.4794758203104481,1.6039671687723278,-0.928545848584576,0.530930957015494,0.8255147307734235,0.9623781224881748,-1.437956666181856,-0.9019267788874382,0.9538505081700628,2015-01-15,0.7660049728541383,1.254675168926308,-0.1959061549135001,1.065807751323357,0.3517624468700125,-0.4727777183844272,0.247683389324075,0.3390954432478728,-0.8238649762007128,-1.1607218779702453,-1.2101737191482849,-1.3386995878348875,0.0358008594701839,-0.4570937380825045,-0.689435805443111,-0.6904507968667248,-0.2844204469998398,-0.354351151282422,0.7800162046019002,-0.8486821014600384,1,0.8135567413022948,0,-0.39719169719169717,0,Low,0.622237947146083,Night,-1.6643070493096754,3.6410708607872713,1.207213311227171
-1.01649981833626,-1.3078340849672627,326289,2004-01-03,1.1871731363975355,-1.182668426364362,-1.0399656435679565,-0.8523670254130912,-0.4794758203104481,1.6709168612231289,-0.928545848584576,1.0444038361407302,-0.4062291229619144,-0.6138553811321298,0.3475855517591904,-0.9019267788874382,0.9538505081700628,2015-02-13,0.7660049728541383,1.254675168926308,-0.1959061549135001,1.065807751323357,-1.040437210926871,0.9954760654181416,0.3031090428791128,-1.388046033396641,-0.8238649762007128,-1.1607218779702453,1.2296926501022896,-0.4384308670313317,1.2703132549937672,-0.6863617592631065,-0.232329096754295,-0.881230607207816,-0.674316886698258,0.6424172067553336,-0.477784632120814,-1.5139238035647045,0,0.8052429810661068,0,0.6468531468531469,0,Low,0.9824525624428484,Evening,-1.7878765906603689,2.604864229971242,1.1015148313972625
-1.5379868055293064,-1.1983735823754262,944537,1992-07-23,1.1871731363975355,1.3045417237184185,-0.2223825904484937,-0.745501611248021,-0.4794758203104481,-0.5025202054357241,1.0769527444706637,0.530930957015494,-1.1452754352031171,0.7872410665303631,1.5379470303865548,-0.9019267788874382,0.9538505081700628,2015-02-13,-0.1591218059552074,-1.566933156994924,1.9335085724071543,1.065807751323357,1.279895552067935,0.9954760654181416,0.1576167022971386,-1.1001891206225551,-0.8238649762007128,-1.1607218779702453,1.2296926501022896,-1.3386995878348875,-1.1987115360533993,-1.8781765139953277,-1.4417145592045255,-1.4514963446404254,-1.882148248807488,1.1408013857742114,-0.2082558813945181,1.1470430048539593,0,2.519349395101269,0,0.5093240093240093,0,Low,1.0021152095651111,Evening,-4.775359152652439,2.5425521294834206,2.897182638657111
0.0177827062632828,0.334073453910285,779156,1993-10-10,-1.2208859638003056,1.3045417237184185,-0.2223825904484937,-0.1050876703025116,-0.4794758203104481,-0.4287471700069238,1.0769527444706637,-0.4960148012349781,0.8255147307734235,0.2618298986569282,0.9427662910728726,-0.9019267788874382,-1.687655058669107,2015-01-03,0.7660049728541383,0.3141390602858972,-1.2606135185738274,-0.6643996371885862,0.8158289994689738,-0.4727777183844272,0.7569065813609847,-1.388046033396641,-0.8238649762007128,-1.1607218779702453,0.0097594654770023,-0.4384308670313317,0.0358008594701839,0.9935475595693052,-0.0519461803210402,1.4433799079265666,1.0335990393719867,-1.1019274198107387,-1.645742551934763,-1.347613378038538,1,-9.454553624253133,0,0.17133422133422138,1,High,1.0403105408557414,Evening,2.4250327669775134,2.4407793092959085,-1.4314852074082083
-0.6688418268742287,-0.8699920745999167,856153,2002-07-09,1.1871731363975355,1.3045417237184185,-1.0399656435679565,-0.0056798885676722,-0.4794758203104481,-0.5436974756362896,1.0769527444706637,-1.5229605594854505,-0.8989266644560496,-0.4387183251743182,-0.8427759268681739,1.1872211004590942,0.9538505081700628,2015-01-13,-0.1591218059552074,-1.566933156994924,-0.1959061549135001,1.065807751323357,0.3517624468700125,0.9954760654181416,-1.273057980092274,-0.2366183823002983,-0.8238649762007128,1.3036557822638213,0.0097594654770023,-1.3386995878348875,0.0358008594701839,-1.7660057135499418,-1.4089176653075703,-1.302190406112615,-1.7719601245448915,1.6391855647930893,1.4089166229632577,-1.5139238035647045,0,310.97734926569177,0,0.017021867021867018,0,Low,1.0033722509058192,Evening,-4.483068195965077,2.53853693683151,2.7170624824151357
1.895135860158251,2.304362500563342,473338,2010-11-14,-0.0168564137013849,-1.182668426364362,-0.2223825904484937,1.2256489824677463,-0.4794758203104481,-0.9042881284736368,-0.928545848584576,0.530930957015494,0.8255147307734235,-1.3144036049633765,0.3475855517591904,0.6631393300388301,-1.459816303577858,2015-02-14,0.7660049728541383,-0.6263970483545135,-1.2606135185738274,-1.5295033314445576,-1.5045037635258325,0.5060581374839519,1.3007708068697927,-0.0926899259132555,-0.8238649762007128,1.3036557822638213,0.0097594654770023,-0.4384308670313317,0.0358008594701839,1.231152599701929,1.653492302320641,0.0726684444976398,1.2751653117938326,1.3899934752836502,-0.6574704659383447,-1.014992526986205,0,1.0044895502899642,1,0.3652736152736153,1,High,1.0357483518730395,Evening,3.001326058612113,2.437816093246818,-1.770173458910184
0.8608533355587084,1.209757474644977,521694,1997-03-03,-1.2208859638003056,-1.182668426364362,1.412783515790431,-1.722205603594119,1.6979802210630677,-0.5160692157253713,1.0769527444706637,1.0444038361407302,-0.8989266644560496,0.7872410665303631,-0.8427759268681739,-0.9019267788874382,0.9538505081700628,2015-01-20,-1.084248584764553,1.254675168926308,-1.2606135185738274,-0.6643996371885862,0.3517624468700125,1.484893993352331,1.6506452449359688,-1.5319744897836836,2.1220169410843157,1.3036557822638213,0.0097594654770023,0.461837853772224,0.0358008594701839,0.7608689397265123,0.9647575304845776,-0.2757120787339179,0.8847391214979983,0.3932251172458947,0.690173287693135,0.8144221538016264,0,-0.44179938791165274,0,0.286951936951937,1,High,1.1627994159107002,Evening,1.573784573248658,2.0684015638919058,-0.8129156335221457
0.2089946015673999,0.1151524487266119,136520,1997-03-01,-0.0168564137013849,-1.182668426364362,-1.0399656435679565,0.797285853755458,-0.4794758203104481,-0.3154294433722942,1.0769527444706637,-1.5229605594854505,0.0864684185322207,-1.6646777168789997,-1.437956666181856,0.6667289312060921,0.9538505081700628,2015-01-18,-0.1591218059552074,-1.566933156994924,1.9335085724071543,1.065807751323357,1.279895552067935,0.0166402095497623,-0.5109552437105045,1.2026661815701296,-0.8238649762007128,-1.1607218779702453,-1.2101737191482849,0.461837853772224,0.0358008594701839,-1.7701742230259527,-1.2982281484053455,-1.306337793293943,-1.80533441218212,-0.603543240791861,-0.9269992166646406,0.8144221538016264,0,-2.220247599327527,0,-0.4664224664224664,0,Low,1.0198631346914526,Night,-4.409900353881408,2.491225319939637,2.6397261308554554
0.3046005492194585,0.0056919461347754,730819,1990-08-18,-0.0168564137013849,0.0609366486770281,1.412783515790431,-2.586922181479657,-0.4794758203104481,-0.8938507858406234,-0.928545848584576,0.0174580778902579,-1.1452754352031171,-1.3144036049633765,1.5379470303865548,0.6846769370424026,-0.3633422947012212,2015-01-03,0.7660049728541383,-0.6263970483545135,-1.2606135185738274,-0.6643996371885862,0.3517624468700125,0.9954760654181416,-1.394301597243919,-0.2366183823002983,-0.8238649762007128,0.071466952146788,1.2296926501022896,1.3621065745757797,1.2703132549937672,1.3311968271261918,1.751882984011507,0.1224370906735766,1.376877426497768,-0.1051590617729831,1.6784453736895533,1.4796638559062922,1,-0.5145873158627814,1,0.8724941724941725,1,High,1.0343146589039962,Evening,3.2511975011828516,2.4423098016930975,-1.9200006740566598
1.0955224797955794,0.8813759668694676,912665,2014-05-28,-1.2208859638003056,-1.182668426364362,1.412783515790431,-0.5045627173482453,-0.4794758203104481,-0.9627539916184588,-0.928545848584576,-0.4960148012349781,-0.1598803522148468,0.9623781224881748,1.5379470303865548,-0.9019267788874382,-1.0539785210715702,2015-03-01,-1.084248584764553,1.254675168926308,0.8688012087468271,0.2007040570673854,-1.040437210926871,0.5060581374839519,0.348142386392581,1.2026661815701296,0.1580956628942965,-1.1607218779702453,-1.2101737191482849,0.461837853772224,1.2703132549937672,0.2932379675994659,0.7310796614687701,-0.3939126134017679,0.3216142364444405,0.6424172067553336,-0.477784632120814,-1.014992526986205,1,-0.5811736354882329,0,-0.2356532356532356,1,Medium,1.0967650004952012,Night,0.6587812845114427,2.2465680121042775,-0.3655433169119768
-0.6601503770876779,-0.4321500642325706,469966,2004-07-22,-0.0168564137013849,1.3045417237184185,-1.0399656435679565,0.4515303458088066,-0.4794758203104481,1.664372591577563,-0.928545848584576,0.530930957015494,0.8255147307734235,-1.139266549005565,-0.2475951875544917,-0.9019267788874382,0.9538505081700628,2015-01-01,-1.084248584764553,-0.6263970483545135,-0.1959061549135001,-0.6643996371885862,-1.040437210926871,-0.9621956463186168,1.169134879676578,-0.2366183823002983,1.1400563019893055,-1.1607218779702453,1.2296926501022896,-0.4384308670313317,0.0358008594701839,1.343702355554225,1.7641818192228655,1.7917604311581243,0.964731461707864,0.1440330277364557,0.5104874538756043,0.4818013027492934,0,2.9758783482624334,1,0.8738927738927739,1,High,0.7179646145260612,Evening,4.520673712088854,3.3643390807967832,-3.1769713565346294
-0.4950128311432131,-0.2132290590488975,952300,2009-08-02,1.1871731363975355,1.3045417237184185,-0.2223825904484937,0.7518844431362489,2.1334714293377703,-0.3603323425608471,-0.928545848584576,-1.5229605594854505,1.5645610430146262,0.0866928426991166,-1.437956666181856,-0.9019267788874382,-0.7691800772075088,2015-01-29,-1.084248584764553,0.3141390602858972,0.8688012087468271,0.2007040570673854,0.3517624468700125,1.484893993352331,-0.4312808667251377,-1.388046033396641,0.1580956628942965,0.071466952146788,0.0097594654770023,0.461837853772224,0.0358008594701839,0.0347903800867872,0.4769037337673657,-0.5224816160229381,0.0588579401259413,-1.6003115988296166,0.3308016200580737,-0.1834403993553725,0,0.04627085203521202,0,0.2314740814740815,1,Medium,1.6917391600770073,Evening,0.013280057870368941,0.38170540625987814,0.021510322216418257
0.7217901389738959,0.6624549616857945,322609,2007-07-05,1.1871731363975355,1.3045417237184185,-0.2223825904484937,-0.1053745023190587,-0.4794758203104481,-0.8441199180009706,1.0769527444706637,1.0444038361407302,-0.4062291229619144,1.662926346319421,-0.8427759268681739,-0.9019267788874382,-0.9898988712021564,2015-01-10,0.7660049728541383,-0.6263970483545135,-0.1959061549135001,-0.6643996371885862,0.8158289994689738,1.484893993352331,-0.9058630252901486,1.0587377251830867,-0.8238649762007128,0.071466952146788,-1.2101737191482849,0.461837853772224,0.0358008594701839,0.0393378449697083,-0.4209112366617886,-0.4187969364897363,0.2707581790924729,-1.6003115988296166,0.3308016200580737,0.1491804516969604,0,-0.3733181881968569,0,-0.36665556665556664,1,Medium,6.882718069149264,Night,-0.568949994059052,-14.462803737556477,0.6082878390287603
-0.538470080075967,-1.0889130797835898,890280,2010-01-24,1.1871731363975355,-1.182668426364362,1.412783515790431,0.2100997398806646,-0.4794758203104481,1.4752864551872331,-0.928545848584576,0.530930957015494,-0.1598803522148468,1.312652234403798,-1.437956666181856,-0.9019267788874382,-0.7727400577558096,2015-01-29,0.7660049728541383,0.3141390602858972,-1.2606135185738274,1.065807751323357,-1.040437210926871,-0.9621956463186168,1.0063220223586546,-0.2366183823002983,-0.8238649762007128,1.3036557822638213,0.0097594654770023,0.461837853772224,0.0358008594701839,0.0605593477566731,-0.5951447354893642,0.3443223048746283,0.1505047934789663,1.3899934752836502,-0.6574704659383447,-1.680234229090871,1,0.2882395739827964,0,0.10956265956265956,1,Medium,2.4852035870679474,Evening,-0.1003176371357696,-1.6564904405575458,0.1608769848924427
-0.3646410843449514,-0.4321500642325706,431583,2000-05-15,-1.2208859638003056,1.3045417237184185,1.412783515790431,-0.5397201273764777,-0.4794758203104481,-0.7568955479488749,-0.928545848584576,1.0444038361407302,0.5791659600263559,0.6121040105725515,-1.437956666181856,-0.9019267788874382,0.9538505081700628,2015-02-20,0.7660049728541383,1.254675168926308,-1.2606135185738274,1.065807751323357,1.279895552067935,-1.4516135742528065,0.975145092233946,0.3390954432478728,-0.8238649762007128,1.3036557822638213,-1.2101737191482849,1.3621065745757797,1.2703132549937672,0.0598014369428529,0.5015014041900823,-0.5100394544789538,0.0842859688019251,-0.603543240791861,-0.9269992166646406,-0.6823716759338719,0,-0.11080103318468976,0,-0.2617604617604617,1,Medium,1.4094069257155626,Night,0.07574791851305354,1.2666359831696845,-0.015946481570200642
-0.5558529796490685,-0.4321500642325706,155912,2008-03-21,1.1871731363975355,-1.182668426364362,-0.2223825904484937,1.0832983502555318,-0.4794758203104481,-0.42804948667584,-0.928545848584576,-0.4960148012349781,-0.1598803522148468,0.9623781224881748,1.5379470303865548,-0.9019267788874382,-0.5733811470509665,2015-01-21,-0.1591218059552074,-1.566933156994924,1.9335085724071543,1.065807751323357,0.3517624468700125,-0.9621956463186168,-1.1310297428574896,-0.9562606642355124,-0.8238649762007128,-1.1607218779702453,-1.2101737191482849,0.461837853772224,1.2703132549937672,-1.8910609978302704,-1.417116888781809,-1.480528054909722,-1.8991002679248103,0.1440330277364557,1.319073706054492,-1.347613378038538,1,-1.745649526499025,0,-0.4799422799422799,0,Low,1.0042517265997721,Evening,-4.796745211616341,2.536537823823645,2.9056842137860706
-0.8513622723917951,-1.1983735823754262,110143,1990-05-07,1.1871731363975355,-1.182668426364362,1.412783515790431,1.445239379135926,-0.4794758203104481,1.394843567113272,1.0769527444706637,-0.4960148012349781,-0.1598803522148468,-0.6138553811321298,0.3475855517591904,-0.9019267788874382,0.9538505081700628,2015-01-18,1.6911317516634838,-1.566933156994924,-0.1959061549135001,1.065807751323357,1.279895552067935,-0.4727777183844272,1.553650351214653,-0.524475295074384,-0.8238649762007128,1.3036557822638213,1.2296926501022896,-0.4384308670313317,1.2703132549937672,-1.7913957258129176,-1.5237067939469142,-1.2814534702059746,-1.7830848870906344,-1.1019274198107387,-1.4660567181172324,-1.014992526986205,0,-1.239514029412844,0,0.5,0,Low,0.9953612464061976,Evening,-4.588245151243523,2.5612697665844815,2.7968494254306053
0.7652473879066498,0.6624549616857945,808544,1991-02-05,-1.2208859638003056,1.3045417237184185,-0.2223825904484937,0.4200197999909625,-0.4794758203104481,-0.6941180018179552,1.0769527444706637,1.0444038361407302,-0.1598803522148468,1.312652234403798,0.9427662910728726,-0.9019267788874382,0.9538505081700628,2015-01-09,1.6911317516634838,-1.566933156994924,1.9335085724071543,1.065807751323357,1.279895552067935,0.0166402095497623,1.054819469219313,-1.1001891206225551,-0.8238649762007128,0.071466952146788,-1.2101737191482849,0.461837853772224,-1.1987115360533993,-1.7201521093138217,-1.3863698007534135,-1.2565691471180065,-1.7253420719722543,-0.8527353303012999,-0.0285700475769874,-1.347613378038538,0,-4.095397440676352,0,-0.4764457764457764,0,Low,1.0030177364246233,Evening,-4.368281019843675,2.5394751636594344,2.648128910529853
-1.477146657023451,-0.5416105668244071,409074,1992-03-19,1.1871731363975355,1.3045417237184185,-1.0399656435679565,0.1617070810888892,-0.4794758203104481,-0.8746924015690625,-0.928545848584576,1.557876715265966,1.3182122722675589,0.9623781224881748,-1.437956666181856,-0.9019267788874382,0.9538505081700628,2015-01-13,-1.084248584764553,1.254675168926308,-1.2606135185738274,-1.5295033314445576,-1.5045037635258325,-0.9621956463186168,-0.7984758215272629,-1.1001891206225551,1.1400563019893055,-1.1607218779702453,0.0097594654770023,-1.3386995878348875,0.0358008594701839,-0.0743487771033175,-0.48240541271858,-0.4810077442096573,0.143618035712554,-1.3511195093201778,-1.376213801208467,-1.347613378038538,1,-0.4597715624517786,0,0.1223831723831724,1,Medium,-1.9317058466048687,Evening,-0.8197951212156833,11.026491351267353,0.7454463441123658
0.7478644883335482,0.990836469461304,824728,2013-04-24,-1.2208859638003056,0.0609366486770281,-1.0399656435679565,-0.3908133347860383,1.6979802210630677,-0.439156605306694,1.0769527444706637,-1.5229605594854505,-1.6379729766972524,0.0866928426991166,-0.8427759268681739,0.7241625498822855,0.9538505081700628,2015-02-13,-1.084248584764553,1.254675168926308,-0.1959061549135001,-0.6643996371885862,0.8158289994689738,0.5060581374839519,-0.8157963382632123,1.2026661815701296,0.1580956628942965,-1.1607218779702453,0.0097594654770023,-0.4384308670313317,-1.1987115360533993,-0.4260193947158774,-0.4598575481644231,-0.4581971147123529,-0.3596450318329585,1.6391855647930893,1.4089166229632577,1.4796638559062922,0,1.0900868698249102,0,0.12494727494727495,0,Low,0.844200711269322,Night,-1.2776996947097345,2.9991655537828716,0.8516802999938571
-0.1908120886139358,-0.103768556457061,606037,2009-04-10,1.1871731363975355,1.3045417237184185,1.412783515790431,0.7566376594104616,-0.4794758203104481,-0.9164836331009816,-0.928545848584576,1.0444038361407302,-1.3916242059501849,-0.9641294930477532,-1.437956666181856,1.0292786490995625,-1.8336142611494384,2015-01-08,0.7660049728541383,1.254675168926308,0.8688012087468271,1.065807751323357,-1.040437210926871,0.9954760654181416,0.7465142713194151,0.914809268796044,-0.8238649762007128,-1.1607218779702453,1.2296926501022896,1.3621065745757797,1.2703132549937672,1.3978929787423668,0.1468849889292519,1.8456764645153887,1.444685502967058,0.3932251172458947,0.9597020384194308,-0.017129973829206,0,1.8475040382308001,1,0.6899766899766899,1,High,1.0334728705726224,Night,3.4372469564116983,2.458875285738094,-2.0393539776693315
1.3736488729652043,1.7570599876041595,636843,2008-12-01,1.1871731363975355,-1.182668426364362,-0.2223825904484937,-0.6491260536881107,-0.4794758203104481,-0.822924298402645,-0.928545848584576,0.0174580778902579,1.0718635015204911,-1.6646777168789997,0.9427662910728726,0.6918561393769267,-1.5915355838649865,2015-02-17,-1.084248584764553,0.3141390602858972,0.8688012087468271,1.065807751323357,-1.040437210926871,-0.4727777183844272,-0.3273577663094418,-1.6759029461707264,1.1400563019893055,0.071466952146788,-1.2101737191482849,1.3621065745757797,0.0358008594701839,-0.4953682341804231,-1.5237067939469142,-1.5344440882669867,0.0932917289580027,-0.8527353303012999,0.1511157862405431,-1.1813029525123715,0,0.7631322059838964,0,-0.49206349206349204,1,Low,-0.1883284208580172,Evening,-2.9648591532558983,5.985174126749034,2.4694909190754752
-0.5297786302894162,-0.7605315720080802,111874,2000-07-05,-1.2208859638003056,1.3045417237184185,-0.2223825904484937,0.8523576009325499,-0.4794758203104481,-0.4497055772726809,-0.928545848584576,-0.4960148012349781,0.0864684185322207,1.662926346319421,-1.437956666181856,1.9661645537549663,0.9538505081700628,2015-01-15,0.7660049728541383,0.3141390602858972,-1.2606135185738274,-1.5295033314445576,0.3517624468700125,1.484893993352331,-1.1414220528990593,-1.5319744897836836,-0.8238649762007128,-1.1607218779702453,1.2296926501022896,-1.3386995878348875,0.0358008594701839,0.3599341192156411,-0.3635166723421166,-0.3607335159511433,0.6892611510513729,-1.1019274198107387,-1.645742551934763,-1.680234229090871,0,0.4222801515956357,0,0.6319347319347319,1,Medium,1.9149594308924018,Evening,-0.03498903724188707,-0.09720928960234289,0.3949231564575282
-0.182120638827385,-0.103768556457061,439844,2014-06-11,-1.2208859638003056,0.0609366486770281,-1.0399656435679565,1.17713339566888,-0.4794758203104481,1.4759283238518304,-0.928545848584576,1.0444038361407302,1.5645610430146262,-0.7889924370899414,-0.8427759268681739,-0.1768273431004974,0.9538505081700628,2015-01-24,0.7660049728541383,1.254675168926308,-1.2606135185738274,1.065807751323357,-1.5045037635258325,-0.4727777183844272,-0.0121243617151645,0.7708808124090012,-0.8238649762007128,0.071466952146788,-1.2101737191482849,-0.4384308670313317,1.2703132549937672,-0.0319057715293878,0.4113099459734549,-0.5556607134735626,-0.0089501363433487,-1.3511195093201778,-1.376213801208467,-0.6823716759338719,1,-0.02710461239326718,0,-0.27201687201687197,0,Medium,0.2805265768822272,Night,-0.15330090384345643,4.8049522530587465,0.12139513231406864
0.4349722960177202,0.1151524487266119,463513,1995-04-23,-1.2208859638003056,0.0609366486770281,-1.0399656435679565,0.5510610555507386,1.6979802210630677,-0.6627362055858063,1.0769527444706637,-1.0094876803602142,-1.3916242059501849,0.6121040105725515,1.5379470303865548,-0.9019267788874382,-1.6947750197657083,2015-02-28,0.7660049728541383,-0.6263970483545135,-0.1959061549135001,0.2007040570673854,-1.040437210926871,0.9954760654181416,0.2268987692409359,1.634451550731258,-0.8238649762007128,-1.1607218779702453,1.2296926501022896,0.461837853772224,-1.1987115360533993,0.0264533611347653,0.4687045102931269,-0.5266290032042661,0.0503819305672801,-0.354351151282422,0.0612728693317778,0.6481117282754599,0,0.048004323412047425,0,0.7265734265734266,1,Medium,1.904484871534853,Night,-0.0075425623438591105,-0.28511602701102334,0.033995923478624415
0.3915150470849663,0.4435339565021215,577858,1990-09-16,1.1871731363975355,-1.182668426364362,1.412783515790431,-0.4418284577291033,-0.4794758203104481,-0.3584765049001642,-0.928545848584576,0.530930957015494,-1.6379729766972524,1.662926346319421,-0.8427759268681739,-0.9019267788874382,-1.580855642220084,2015-02-16,-1.084248584764553,0.3141390602858972,0.8688012087468271,-0.6643996371885862,0.3517624468700125,-1.4516135742528065,0.1368320822139995,-1.1001891206225551,1.1400563019893055,1.3036557822638213,1.2296926501022896,-0.4384308670313317,1.2703132549937672,0.1643931292500367,-0.353267642999318,-0.3503650479978232,0.4106123368103838,0.8916092962647725,-1.016842133573406,1.4796638559062922,0,-0.37207540268090517,0,0.6331002331002331,1,Medium,2.4977311457750373,Evening,-0.2930203541867574,-1.7824259024547373,0.4574134834367941
-0.3038009358390959,-0.3226895616407341,607351,1998-12-11,-0.0168564137013849,0.0609366486770281,-1.0399656435679565,1.47453722082612,-0.4794758203104481,1.6268511820318765,1.0769527444706637,-0.4960148012349781,0.0864684185322207,0.2618298986569282,0.9427662910728726,0.918001012914438,-1.0966982876511795,2015-02-09,-1.084248584764553,-0.6263970483545135,0.8688012087468271,-1.5295033314445576,-1.040437210926871,1.484893993352331,1.023642539094604,-1.6759029461707264,1.1400563019893055,0.071466952146788,1.2296926501022896,1.3621065745757797,-1.1987115360533993,0.9351884269051518,1.3624198689851617,-0.0745638004395066,0.9742669724613578,0.3932251172458947,0.690173287693135,-0.1834403993553725,0,0.6342246092347517,0,0.8282051282051281,1,High,1.0417857007702989,Evening,2.262123041007013,2.4188928744555196,-1.326934614101861
0.2698347500732554,0.1151524487266119,682754,1995-10-09,-1.2208859638003056,1.3045417237184185,-1.0399656435679565,0.5840467374536839,-0.4794758203104481,1.565385280563394,1.0769527444706637,-1.0094876803602142,-0.1598803522148468,0.6121040105725515,-1.437956666181856,-0.9019267788874382,0.9538505081700628,2015-01-24,0.7660049728541383,1.254675168926308,-0.1959061549135001,-1.5295033314445576,-1.040437210926871,0.9954760654181416,-0.7707629947497441,-0.0926899259132555,-0.8238649762007128,0.071466952146788,0.0097594654770023,0.461837853772224,0.0358008594701839,0.5888231849893332,-0.1236893857206302,1.2982213565800842,0.523449214060062,-0.8527353303012999,-0.3879417152120487,-0.349750824881539,0,1.0081764678285874,0,0.1631757131757132,1,High,0.88897369945758,Evening,1.6979811849195159,2.8836811194334273,-1.1091579999301828
-0.7992135736724904,-0.7605315720080802,757352,1999-12-21,1.1871731363975355,1.3045417237184185,-0.2223825904484937,-0.0716512523735628,-0.4794758203104481,-0.6671874252381208,1.0769527444706637,-1.5229605594854505,1.0718635015204911,-1.6646777168789997,-0.2475951875544917,1.172862695790046,-0.9578590462674496,2015-02-11,-0.1591218059552074,-1.566933156994924,1.9335085724071543,1.065807751323357,-1.040437210926871,-1.4516135742528065,-0.5906296206958713,-1.1001891206225551,-0.8238649762007128,-1.1607218779702453,-1.2101737191482849,0.461837853772224,-1.1987115360533993,-1.8076908083100516,-1.4294157239931675,-1.3436642779258956,-1.814340172338198,0.8916092962647725,-1.016842133573406,1.1470430048539593,0,25.229371124686303,0,-0.4813408813408813,0,Low,1.0036789298681523,Evening,-4.587420174257261,2.5377253072781802,2.779729365947209
-1.633592753181365,-0.7605315720080802,307469,2002-07-28,-1.2208859638003056,-1.182668426364362,-0.2223825904484937,-1.1798882123078036,-0.4794758203104481,1.5984275631235223,1.0769527444706637,0.530930957015494,-0.652577893708982,0.9623781224881748,-0.8427759268681739,0.9215906140817,-1.4028566148050456,2015-01-27,-1.084248584764553,1.254675168926308,0.8688012087468271,-1.5295033314445576,1.279895552067935,-0.9621956463186168,1.12063743281592,-1.6759029461707264,1.1400563019893055,-1.1607218779702453,-1.2101737191482849,0.461837853772224,-1.1987115360533993,0.2515528728393565,-0.1708349206975036,1.2028314514095386,0.0885239735812558,0.3932251172458947,0.9597020384194308,-1.680234229090871,1,-0.21320077903660892,0,-0.3382173382173382,1,Medium,0.35190860940466473,Evening,1.1205205042932909,4.454395758831591,-0.8689676314539343
-0.6601503770876779,-0.8699920745999167,526296,1993-08-03,-1.2208859638003056,-1.182668426364362,-1.0399656435679565,-0.8657661781860898,-0.4794758203104481,1.5920646911440384,-0.928545848584576,-0.4960148012349781,-0.4062291229619144,1.1375151784459865,-0.2475951875544917,-0.9019267788874382,-0.0536239869990544,2015-01-19,-1.084248584764553,1.254675168926308,-1.2606135185738274,-1.5295033314445576,-1.040437210926871,1.484893993352331,-0.1784013223802778,-1.388046033396641,1.1400563019893055,0.071466952146788,-1.2101737191482849,0.461837853772224,-1.1987115360533993,0.6505929163156772,-1.5237067939469142,1.6880757516249223,0.8720251071600064,0.6424172067553336,-0.5676275490295793,1.3133534303801258,1,-0.7514657931597211,0,-0.49206349206349204,1,High,1.3403523846307959,Evening,1.0363940648380146,1.592996858481446,-0.3858011485223374
-0.8774366217514473,-1.3078340849672627,658816,2007-12-16,-0.0168564137013849,-1.182668426364362,-0.2223825904484937,1.1511136341677983,-0.4794758203104481,-0.4569056692494657,-0.928545848584576,-1.0094876803602142,0.5791659600263559,0.4369669546147398,-1.437956666181856,-0.9019267788874382,-1.7090149419589118,2015-02-20,-1.084248584764553,-0.6263970483545135,-0.1959061549135001,1.065807751323357,-1.040437210926871,1.484893993352331,0.0917987387005313,-0.0926899259132555,1.1400563019893055,1.3036557822638213,0.0097594654770023,-0.4384308670313317,0.0358008594701839,0.945041267484814,0.0689923659239828,1.6880757516249223,0.8720251071600064,1.1408013857742114,1.4987595398720228,0.4818013027492934,0,0.8209792834125808,0,0.18508713508713512,1,High,0.922736619475085,Evening,2.6290932247089116,2.781984801278911,-1.6840519572240975
1.3215001742458996,1.6475994850123232,913337,2008-02-10,1.1871731363975355,1.3045417237184185,-1.0399656435679565,-1.410009441583508,-0.4794758203104481,-0.5557953045972825,1.0769527444706637,-1.0094876803602142,1.5645610430146262,0.2618298986569282,1.5379470303865548,1.1979899039608806,-0.612540933082275,2015-01-10,-1.084248584764553,-0.6263970483545135,-1.2606135185738274,0.2007040570673854,0.3517624468700125,0.0166402095497623,1.4324067340630076,1.634451550731258,1.1400563019893055,0.071466952146788,1.2296926501022896,-0.4384308670313317,-1.1987115360533993,0.605876178300287,1.038550541752727,1.057672900063056,0.3083704715090323,-1.3511195093201778,-1.2863708842997017,0.3154908772231269,1,-0.42969684466559543,0,0.7913752913752914,1,High,0.5089653192980915,Night,2.4045939133248155,3.9687811316323294,-1.7987177350245287
-0.8252879230321427,-1.0889130797835898,488464,2006-10-01,1.1871731363975355,-1.182668426364362,1.412783515790431,-1.020819371131115,2.1334714293377703,-0.6068099097661295,-0.928545848584576,-0.4960148012349781,-1.6379729766972524,-0.9641294930477532,-1.437956666181856,-0.9019267788874382,0.9538505081700628,2015-02-21,-1.084248584764553,1.254675168926308,-0.1959061549135001,1.065807751323357,-1.040437210926871,0.9954760654181416,1.5051529043539946,0.7708808124090012,1.1400563019893055,0.071466952146788,0.0097594654770023,1.3621065745757797,1.2703132549937672,1.4520836019305092,1.870771724387971,1.8995924978726544,1.061146070437636,1.1408013857742114,1.4987595398720228,-1.680234229090871,0,-1.4224700916398396,1,0.38998223998224,1,High,0.730774273776383,Night,4.831510292698262,3.327292560140706,-3.379426690767753
-1.755273050193076,-2.0740576031101186,480094,2003-03-09,-0.0168564137013849,1.3045417237184185,-0.2223825904484937,-0.2721878079425261,1.2624890127883643,1.5643806165666334,-0.928545848584576,-0.4960148012349781,-0.1598803522148468,1.662926346319421,-0.2475951875544917,-0.9019267788874382,-0.9934588517504572,2015-02-01,0.7660049728541383,1.254675168926308,-0.1959061549135001,0.2007040570673854,1.279895552067935,-0.9621956463186168,-1.695678588449437,1.4905230943442151,-0.8238649762007128,0.071466952146788,0.0097594654770023,1.3621065745757797,1.2703132549937672,-0.1668138963893785,-0.6976350289173499,0.1369529458082248,-0.0878829753583817,-1.3511195093201778,-1.2863708842997017,-0.8486821014600384,0,0.6128654715132346,0,0.09790764790764792,1,Low,0.5268356179922878,Night,-0.6485650584675068,3.8879791221513913,0.4817511620781283
-0.0517488920291234,-0.5416105668244071,263108,2003-05-29,1.1871731363975355,0.0609366486770281,-0.2223825904484937,1.3112478514059491,-0.4794758203104481,1.5869018344940184,1.0769527444706637,-1.5229605594854505,0.5791659600263559,-1.139266549005565,-0.2475951875544917,-0.9019267788874382,-1.0076987739436605,2015-02-25,0.7660049728541383,1.254675168926308,-1.2606135185738274,0.2007040570673854,1.279895552067935,-0.4727777183844272,0.4104962466419985,0.914809268796044,-0.8238649762007128,1.3036557822638213,0.0097594654770023,-0.4384308670313317,1.2703132549937672,1.600634121439263,0.4236087811848131,0.4355648228638458,2.016816148176693,0.6424172067553336,-0.477784632120814,-0.6823716759338719,0,1.2206943935340946,1,0.22541347541347542,1,High,1.2600099305350787,Night,2.875989752225352,1.796780361560049,-1.275355630786089
-0.8426708226052443,-0.7605315720080802,298412,2002-05-06,1.1871731363975355,-1.182668426364362,-1.0399656435679565,-0.3425026279989916,1.2624890127883643,-0.8446780646658377,1.0769527444706637,-1.5229605594854505,0.8255147307734235,0.2618298986569282,-0.2475951875544917,2.045135779434732,0.9538505081700628,2015-02-24,1.6911317516634838,-1.566933156994924,1.9335085724071543,1.065807751323357,0.3517624468700125,-1.4516135742528065,1.5501862478674628,-0.524475295074384,-0.8238649762007128,-1.1607218779702453,0.0097594654770023,1.3621065745757797,0.0358008594701839,-1.8516496355116208,-1.3638219361992567,-1.4535700382310894,-1.8646664790927487,0.6424172067553336,-0.477784632120814,0.8144221538016264,0,5.4062506106308845,0,0.022150072150072135,0,Low,1.0070304070283458,Evening,-4.682058453523094,2.52858904423269,2.8304088180114735
0.4175893964446186,0.0056919461347754,261905,2004-02-28,-1.2208859638003056,1.3045417237184185,-1.0399656435679565,0.2287028449538784,3.43994505416188,1.5172451307186126,1.0769527444706637,-0.4960148012349781,-0.4062291229619144,1.1375151784459865,-0.2475951875544917,-0.9019267788874382,-0.2316230144140928,2015-02-21,-1.084248584764553,-0.6263970483545135,-0.1959061549135001,0.2007040570673854,-1.5045037635258325,0.9954760654181416,-0.472850106891416,0.4830238996349156,1.1400563019893055,-1.1607218779702453,-1.2101737191482849,1.3621065745757797,0.0358008594701839,0.2515528728393565,0.9114625779020248,-0.3026700954125504,0.1934145918696889,1.1408013857742114,-0.2082558813945181,0.8144221538016264,1,1.099906618929323,0,-0.2151404151404151,1,Medium,0.7688794041871277,Night,0.8022070743591633,3.1890070516682387,-0.5506542015198068
0.8608533355587084,0.4435339565021215,674485,1999-01-14,1.1871731363975355,1.3045417237184185,-0.2223825904484937,-2.3987194026222305,2.568962637612473,-0.3008339080860213,-0.928545848584576,-1.5229605594854505,0.8255147307734235,0.7872410665303631,-0.2475951875544917,0.6380121218679955,-1.2355375290349095,2015-01-08,0.7660049728541383,0.3141390602858972,-0.1959061549135001,-0.6643996371885862,-1.5045037635258325,1.484893993352331,1.12410153616311,1.2026661815701296,-0.8238649762007128,-1.1607218779702453,1.2296926501022896,-1.3386995878348875,-1.1987115360533993,0.2822482607990735,-0.1523866678804662,-0.1471430761127478,0.4715336555132616,1.6391855647930893,0.6003303707843697,1.3133534303801258,0,-0.1176662756622559,0,0.6559440559440559,1,Medium,1.6706284869561985,Night,0.17200391152004763,0.6094042940381449,0.11024434927902588
-0.8948195213245489,-0.7605315720080802,223404,2002-01-23,-1.2208859638003056,0.0609366486770281,-1.0399656435679565,-1.4803242616399732,-0.4794758203104481,-0.8546688899669577,1.0769527444706637,0.0174580778902579,-0.8989266644560496,0.0866928426991166,-0.2475951875544917,0.9862034350924176,-0.1283835785133705,2015-01-10,0.7660049728541383,-0.6263970483545135,-0.1959061549135001,-1.5295033314445576,0.3517624468700125,-0.9621956463186168,-1.5259375244371338,-1.1001891206225551,-0.8238649762007128,-1.1607218779702453,-1.2101737191482849,1.3621065745757797,1.2703132549937672,-0.3471966700785795,0.2637239234371555,-0.6303136827374678,-0.3924895688727709,-0.8527353303012999,0.1511157862405431,0.8144221538016264,0,0.23454111617076012,0,-0.2888000888000888,0,Low,1.1304564045511862,Evening,-0.7590793281730832,2.1863156530762136,0.4118826580945037
2.103730655035469,1.975980992787833,991480,1992-12-09,-0.0168564137013849,-1.182668426364362,1.412783515790431,0.4786154833713499,-0.4794758203104481,-0.3171457443667603,1.0769527444706637,-1.0094876803602142,-1.6379729766972524,-0.088444213258695,0.9427662910728726,0.6308329195334713,-1.3565768676771357,2015-02-14,-1.084248584764553,-0.6263970483545135,0.8688012087468271,1.065807751323357,0.3517624468700125,0.5060581374839519,1.6298606248528296,-0.2366183823002983,1.1400563019893055,0.071466952146788,-1.2101737191482849,-1.3386995878348875,0.0358008594701839,0.3803977111887858,-0.2364287084914144,1.0701150616070405,0.3194952340547752,1.1408013857742114,1.4987595398720228,1.1470430048539593,0,0.794786064427376,0,-0.34567654567654565,1,Medium,0.8398956796050101,Evening,1.1531815871704012,3.031507608337021,-0.7727838759816155
1.0955224797955794,0.990836469461304,804219,1998-06-24,1.1871731363975355,0.0609366486770281,-0.2223825904484937,1.5130136870458295,-0.4794758203104481,-0.4844222998274105,1.0769527444706637,-1.0094876803602142,0.3328171892792883,-0.2635812692165066,-1.437956666181856,-0.9019267788874382,0.9538505081700628,2015-02-26,0.7660049728541383,1.254675168926308,-1.2606135185738274,-1.5295033314445576,0.8158289994689738,1.484893993352331,-1.2037759131484769,-0.2366183823002983,-0.8238649762007128,1.3036557822638213,0.0097594654770023,1.3621065745757797,-1.1987115360533993,0.2553424269084574,0.9155621896391444,-0.3005964018218863,0.1971228460516032,0.3932251172458947,0.690173287693135,0.1491804516969604,0,0.16876401074930414,0,0.2813575313575314,1,Medium,0.7719910727221239,Evening,0.8120886338688613,3.180378064558527,-0.5567462069604039
0.0612399551960367,-0.2132290590488975,483088,2011-01-06,1.1871731363975355,0.0609366486770281,1.412783515790431,0.1607236570321563,1.2624890127883643,-0.9814519048915044,-0.928545848584576,1.557876715265966,-1.3916242059501849,-0.2635812692165066,-0.8427759268681739,0.6128849136971609,-0.2494229171555966,2015-01-30,-1.084248584764553,-0.6263970483545135,0.8688012087468271,1.065807751323357,1.279895552067935,0.0166402095497623,1.6748939683662978,1.4905230943442151,1.1400563019893055,1.3036557822638213,0.0097594654770023,-1.3386995878348875,-1.1987115360533993,0.0264533611347653,-0.3061221080224446,-0.3026700954125504,0.1934145918696889,0.8916092962647725,-1.016842133573406,0.6481117282754599,0,0.16458807020177843,0,0.14242979242979248,1,Medium,7.3112554442114615,Night,-0.41537761156530617,-15.701668600094557,0.4418309727000715
-0.2777265864794436,-0.6510710694162436,100804,2012-02-24,-1.2208859638003056,-1.182668426364362,-0.2223825904484937,0.834082303878247,2.1334714293377703,1.3801922171605123,-0.928545848584576,-0.4960148012349781,-1.6379729766972524,-0.4387183251743182,1.5379470303865548,0.5805785031918022,-0.5413413221162596,2015-01-07,-1.084248584764553,1.254675168926308,0.8688012087468271,-1.5295033314445576,-1.040437210926871,0.0166402095497623,1.0271066424417938,0.4830238996349156,1.1400563019893055,0.071466952146788,-1.2101737191482849,-0.4384308670313317,0.0358008594701839,-0.4195771527984059,0.0300460544213482,0.0374156534563512,-0.6038600572418862,-1.1019274198107387,-1.4660567181172324,-1.014992526986205,0,-0.5030398652598524,0,-0.3153735153735153,1,Low,1.4392144387005315,Night,-0.5363983493641868,1.2784290665392286,0.11682119656578094
0.9738421827838684,0.771915464277631,941807,2011-06-25,1.1871731363975355,-1.182668426364362,-1.0399656435679565,-0.1494237048602592,2.568962637612473,-0.9662424082738778,-0.928545848584576,1.0444038361407302,1.5645610430146262,-0.7889924370899414,1.5379470303865548,-0.9019267788874382,-0.8617395714633288,2015-02-27,0.7660049728541383,1.254675168926308,-0.1959061549135001,-1.5295033314445576,-1.040437210926871,-1.4516135742528065,0.12297566882524,0.19516698686083,-0.8238649762007128,-1.1607218779702453,-1.2101737191482849,-0.4384308670313317,1.2703132549937672,0.3917663733960884,-0.2302792908857353,1.0825572231510243,0.3306199966005181,-1.6003115988296166,1.2292307891457268,-0.8486821014600384,0,-2.621866427611989,0,-0.34497724497724497,1,Medium,0.8439191700281063,Night,1.182897928865807,3.0193885688123965,-0.7911315554697187
2.008124707383411,2.304362500563342,593466,2006-11-21,1.1871731363975355,1.3045417237184185,-1.0399656435679565,-0.7863956616072006,1.6979802210630677,-0.5359671443278811,1.0769527444706637,-1.5229605594854505,1.3182122722675589,0.9623781224881748,-0.2475951875544917,1.736430079050193,-0.5876210692441697,2015-02-13,0.7660049728541383,-0.6263970483545135,0.8688012087468271,-1.5295033314445576,1.279895552067935,-1.4516135742528065,-0.62180655082058,1.634451550731258,-0.8238649762007128,0.071466952146788,1.2296926501022896,-0.4384308670313317,-1.1987115360533993,0.3834293544440664,-0.4496085188216246,0.6387867947489212,0.4890154252280005,1.3899934752836502,-0.6574704659383447,0.3154908772231269,1,-0.48757878602638205,0,0.6221445221445221,1,Medium,1.2753696194372024,Night,0.6781937011552971,1.768753290642851,-0.2947643467112307
1.2172027768072902,1.3192179772368136,437442,2008-06-27,-1.2208859638003056,-1.182668426364362,-0.2223825904484937,-1.2152505023478557,-0.4794758203104481,-0.9126463747800208,-0.928545848584576,1.0444038361407302,-0.8989266644560496,-0.7889924370899414,-0.8427759268681739,-0.9019267788874382,-0.4238619640223343,2015-02-02,-1.084248584764553,1.254675168926308,-1.2606135185738274,-0.6643996371885862,-1.040437210926871,0.0166402095497623,0.098726945394911,0.914809268796044,1.1400563019893055,-1.1607218779702453,1.2296926501022896,0.461837853772224,1.2703132549937672,0.8578815238954942,2.0429554173469864,0.871040476903293,0.4487543798243595,-0.1051590617729831,1.6784453736895533,0.1491804516969604,1,-0.7059303642898611,0,0.9055944055944056,1,High,0.5230953741622391,Night,3.362750274074639,3.919826060571766,-2.5048687501791447
0.0003998066901812,0.1151524487266119,942106,1993-08-30,1.1871731363975355,0.0609366486770281,1.412783515790431,2.0922914324643886,-0.4794758203104481,-0.6700758342288078,1.0769527444706637,0.0174580778902579,0.8255147307734235,-1.3144036049633765,-1.437956666181856,-0.9019267788874382,-0.8012199021422157,2015-02-27,0.7660049728541383,0.3141390602858972,0.8688012087468271,-1.5295033314445576,0.3517624468700125,-1.4516135742528065,-0.9127912319845284,-0.6684037514614268,-0.8238649762007128,1.3036557822638213,0.0097594654770023,-0.4384308670313317,0.0358008594701839,-0.2486682642819571,-0.6627883291518347,0.207458527890802,-0.2293263848685416,-1.3511195093201778,-1.2863708842997017,-1.347613378038538,0,-0.11884966958899972,0,0.10187035187035187,1,Low,0.9222218514798739,Evening,-0.6846561861295744,2.7533024425493386,0.43598792184761725
0.6435670908949389,0.8813759668694676,794951,2008-04-21,-0.0168564137013849,1.3045417237184185,-1.0399656435679565,0.1172071425216861,-0.4794758203104481,-0.5802560821850803,1.0769527444706637,1.0444038361407302,0.8255147307734235,-0.088444213258695,-0.8427759268681739,-0.9019267788874382,-0.4630217500536427,2015-02-02,0.7660049728541383,0.3141390602858972,-1.2606135185738274,-1.5295033314445576,0.8158289994689738,-0.4727777183844272,-0.3516064897397709,1.3465946379571725,-0.8238649762007128,0.071466952146788,1.2296926501022896,0.461837853772224,1.2703132549937672,0.2174468862174487,-0.3245703608394821,-0.3213333377285267,0.4699444037210127,-0.603543240791861,-0.9269992166646406,0.8144221538016264,0,1.8552199662853306,0,0.6363636363636364,1,Medium,2.161181752077675,Night,-0.17595929484699607,-0.8092021399142787,0.3934061810644448
1.9994332575968603,1.975980992787833,182450,2000-06-23,1.1871731363975355,1.3045417237184185,1.412783515790431,0.6824301191294256,-0.4794758203104481,1.503751935095452,1.0769527444706637,0.0174580778902579,-0.4062291229619144,0.6121040105725515,-1.437956666181856,-0.9019267788874382,0.9538505081700628,2015-01-17,-1.084248584764553,0.3141390602858972,-1.2606135185738274,0.2007040570673854,0.3517624468700125,-0.9621956463186168,0.2788603194487838,0.4830238996349156,1.1400563019893055,0.071466952146788,0.0097594654770023,1.3621065745757797,0.0358008594701839,0.5107583711658554,0.739278884943009,0.7549136358261072,0.3300902460031018,1.6391855647930893,0.6003303707843697,-0.349750824881539,0,0.7484394495629502,0,0.26131091131091133,1,High,0.6462734991031888,Night,1.824282766772218,3.571706893224737,-1.3135243956063625
0.0438570556229351,-0.3226895616407341,730973,2010-01-11,-0.0168564137013849,-1.182668426364362,1.412783515790431,-0.135286984044711,-0.4794758203104481,-0.6836806591849417,-0.928545848584576,0.530930957015494,-0.1598803522148468,0.7872410665303631,1.5379470303865548,-0.9019267788874382,0.9538505081700628,2015-01-12,-1.084248584764553,0.3141390602858972,0.8688012087468271,-1.5295033314445576,-0.1123041057289486,-0.4727777183844272,-1.4116221139798684,0.7708808124090012,1.1400563019893055,-1.1607218779702453,0.0097594654770023,1.3621065745757797,-1.1987115360533993,0.4804419386130485,0.153034406534931,0.1618372688961933,0.5907275399319357,1.1408013857742114,1.4987595398720228,1.4796638559062922,0,-3.551306086920771,0,0.19464424464424465,1,Medium,1.22954776198243,Night,0.90559921536306,1.884925643776471,-0.42515727675001147
0.4002064968715171,0.4435339565021215,687755,1990-03-28,-1.2208859638003056,1.3045417237184185,1.412783515790431,1.1582024825767545,-0.4794758203104481,-0.935795507705381,1.0769527444706637,1.0444038361407302,-0.8989266644560496,1.4877892903616097,-0.2475951875544917,0.4549424623376292,0.9538505081700628,2015-01-20,0.7660049728541383,-0.6263970483545135,-0.1959061549135001,-0.6643996371885862,0.3517624468700125,-0.4727777183844272,-0.7361219612778455,-1.388046033396641,-0.8238649762007128,0.071466952146788,-1.2101737191482849,1.3621065745757797,-1.1987115360533993,0.4334514681561978,0.6695854854119787,0.68440805374353,0.2580441647544811,0.6424172067553336,-0.477784632120814,-0.5160612504077055,0,0.3742446596619285,0,-0.2426462426462426,1,Medium,0.595322864008916,Evening,1.6120377039099898,3.7190645395727224,-1.178586235753792
-1.24247751278658,-1.5267550901509357,757644,1998-01-29,-0.0168564137013849,-1.182668426364362,1.412783515790431,-1.0995752476745455,-0.4794758203104481,-0.5670140525611099,-0.928545848584576,1.0444038361407302,1.0718635015204911,1.312652234403798,-0.8427759268681739,-0.9019267788874382,0.9538505081700628,2015-02-05,-1.084248584764553,0.3141390602858972,-0.1959061549135001,-1.5295033314445576,1.279895552067935,0.0166402095497623,0.9301117487204776,-1.5319744897836836,1.1400563019893055,1.3036557822638213,0.0097594654770023,-1.3386995878348875,0.0358008594701839,-0.7746583690731565,-0.6955852230487901,-0.696671877638717,-0.7251729440502255,0.3932251172458947,0.9597020384194308,-0.8486821014600384,0,0.7045075589133311,0,0.09814074814074815,0,Low,0.9361208877646939,Evening,-2.1174300447377323,2.733376237382398,1.3427716756645758
-1.0773399668421153,-1.1983735823754262,998865,2014-12-05,-1.2208859638003056,1.3045417237184185,-0.2223825904484937,1.9839099062118533,-0.4794758203104481,-0.8242778040649477,-0.928545848584576,-1.0094876803602142,0.3328171892792883,1.662926346319421,1.5379470303865548,-0.9019267788874382,0.29169412618612,2015-01-20,0.7660049728541383,0.3141390602858972,-1.2606135185738274,1.065807751323357,0.3517624468700125,0.0166402095497623,-0.3827834198644796,-1.244117577009598,-0.8238649762007128,-1.1607218779702453,-1.2101737191482849,-0.4384308670313317,-1.1987115360533993,-0.7306995418715866,-0.761179010842701,-0.763030072539966,-0.6298178365152863,0.3932251172458947,0.690173287693135,0.9807325793277928,0,-0.3683126795581809,0,-0.40535020535020533,0,Low,0.8619393640804212,Evening,-2.1540269198979534,2.947900941995452,1.4233273780263667
-1.555369705102408,-0.103768556457061,944953,1995-12-07,1.1871731363975355,0.0609366486770281,-0.2223825904484937,1.165783043014078,2.568962637612473,1.5013100434366586,1.0769527444706637,-1.0094876803602142,-1.6379729766972524,-0.6138553811321298,1.5379470303865548,0.5662200985227538,0.9538505081700628,2015-02-24,1.6911317516634838,-1.566933156994924,1.9335085724071543,1.065807751323357,0.8158289994689738,0.0166402095497623,-0.1091192554364806,-1.6759029461707264,-0.8238649762007128,0.071466952146788,0.0097594654770023,-0.4384308670313317,1.2703132549937672,-1.8357335084213977,-1.425316112256048,-1.3353695035632396,-1.8567202201315045,-0.603543240791861,-0.7473133828471099,-1.680234229090871,0,-1.5746771620541296,0,0.015157065157065153,0,Low,1.0114328812143523,Evening,-4.617405835950792,2.515293385484272,2.781672327529394
-1.7378901506199744,-1.0889130797835898,386429,2002-05-27,-1.2208859638003056,0.0609366486770281,-1.0399656435679565,0.514141677420858,1.6979802210630677,-0.9497073133271918,1.0769527444706637,-0.4960148012349781,-0.652577893708982,1.4877892903616097,-0.2475951875544917,-0.9019267788874382,-1.8158143584079347,2015-02-21,1.6911317516634838,-1.566933156994924,1.9335085724071543,1.065807751323357,0.3517624468700125,-0.4727777183844272,-1.2869143934810334,-1.1001891206225551,-0.8238649762007128,0.071466952146788,-1.2101737191482849,0.461837853772224,-1.1987115360533993,-1.8402809733043184,-1.3515231009878983,-1.4473489574590974,-1.8535417165470065,1.1408013857742114,1.4987595398720228,0.4818013027492934,0,-3.5793196210357245,0,-0.4724830724830725,0,Low,1.0072063726362657,Evening,-4.652413774994002,2.528101072925524,2.812132801689684
-1.4945295565965526,-1.0889130797835898,108270,2002-08-09,1.1871731363975355,-1.182668426364362,-1.0399656435679565,0.780895452809895,-0.4794758203104481,-0.9021671711471424,1.0769527444706637,0.530930957015494,-1.6379729766972524,-0.088444213258695,0.3475855517591904,-0.9019267788874382,-0.673060602403388,2015-02-11,-1.084248584764553,-0.6263970483545135,-0.1959061549135001,-1.5295033314445576,-1.040437210926871,-1.4516135742528065,1.442799044104577,-0.0926899259132555,1.1400563019893055,1.3036557822638213,1.2296926501022896,-1.3386995878348875,0.0358008594701839,0.1973622496512142,0.6367885915150233,-0.4416075659870407,0.224140126519836,-1.1019274198107387,-1.5558996350259977,0.1491804516969604,0,0.25273805373432906,0,0.7456876456876457,1,Medium,1.1356730643417283,Evening,0.4193211520478186,2.1246161724072468,-0.2219589023966044
-0.6862247264473302,-0.8699920745999167,205134,2012-12-02,-0.0168564137013849,1.3045417237184185,-1.0399656435679565,-0.1456539126427804,-0.4794758203104481,-0.8990415498238868,1.0769527444706637,0.0174580778902579,1.0718635015204911,-0.7889924370899414,-1.437956666181856,1.086712267775756,-0.4843816333434473,2015-01-24,-0.1591218059552074,-1.566933156994924,1.9335085724071543,1.065807751323357,-1.040437210926871,-1.4516135742528065,1.5917554880337412,-1.1001891206225551,-0.8238649762007128,1.3036557822638213,0.0097594654770023,0.461837853772224,-1.1987115360533993,-1.8357335084213977,-1.5237067939469142,-1.3353695035632396,-1.8312921914555205,-1.1019274198107387,-1.5558996350259977,-0.349750824881539,0,12.603479567371286,0,0.003968253968253969,0,Low,0.9975811743020797,Evening,-4.6903684889656745,2.555039183240844,2.854634980544277
0.6261841913218373,0.6624549616857945,749325,2000-03-22,-1.2208859638003056,1.3045417237184185,-1.0399656435679565,-1.2633153531207193,-0.4794758203104481,-0.9850379972132752,-0.928545848584576,-0.4960148012349781,0.8255147307734235,-0.4387183251743182,1.5379470303865548,0.6954457405441888,-1.231977548486609,2015-01-06,-1.084248584764553,-0.6263970483545135,-0.1959061549135001,-0.6643996371885862,0.3517624468700125,-0.9621956463186168,1.522473421089944,-0.0926899259132555,1.1400563019893055,-1.1607218779702453,-1.2101737191482849,0.461837853772224,-1.1987115360533993,0.6267187256803417,1.317324139876848,-0.097374429936811,0.5605317558792049,0.6424172067553336,-0.5676275490295793,0.8144221538016264,0,-0.49609087724854967,0,-0.16898656898656894,1,High,0.8943898411219052,Evening,1.780481465819242,2.840953288786982,-1.1537627401389003
-0.4863213813566623,-0.9794525771917532,774303,2002-04-13,1.1871731363975355,-1.182668426364362,-1.0399656435679565,0.8803032345447345,-0.4794758203104481,1.4003831727620772,-0.928545848584576,1.0444038361407302,0.3328171892792883,0.7872410665303631,0.3475855517591904,1.1620938922882595,-2.378291285039456,2015-01-15,-1.084248584764553,1.254675168926308,-0.1959061549135001,1.065807751323357,-1.5045037635258325,0.9954760654181416,-1.570970867950602,-1.1001891206225551,1.1400563019893055,0.071466952146788,1.2296926501022896,0.461837853772224,0.0358008594701839,-0.7685950825625952,-0.6914856113116707,-0.6925244904573888,-0.7188159368812296,0.3932251172458947,0.690173287693135,-1.347613378038538,0,-0.8731016532711424,0,0.5946386946386947,0,Low,0.935234804937089,Evening,-2.102826038650289,2.735938366373036,1.3342309560876937
0.1568459028480952,-0.103768556457061,698470,2008-06-17,-0.0168564137013849,-1.182668426364362,1.412783515790431,-0.4033519915093937,-0.4794758203104481,-0.9399397466920189,1.0769527444706637,0.530930957015494,0.8255147307734235,-1.3144036049633765,-0.8427759268681739,-0.9019267788874382,-1.342336945483933,2015-02-22,0.7660049728541383,-0.6263970483545135,0.8688012087468271,1.065807751323357,-1.040437210926871,-0.4727777183844272,-0.8677578884710602,1.2026661815701296,-0.8238649762007128,-1.1607218779702453,1.2296926501022896,0.461837853772224,1.2703132549937672,0.2924800567856458,-0.146237250274787,-0.1409219953407557,0.4826584180590045,-1.6003115988296166,1.2292307891457268,-0.6823716759338719,0,-0.7251254191570127,0,0.6566433566433567,1,Medium,1.650221123252903,Night,0.19549917244346177,0.6684165278667591,0.09698088434218405
-1.4945295565965526,-0.103768556457061,719989,1994-04-07,-1.2208859638003056,0.0609366486770281,1.412783515790431,-2.82855766741962,1.6979802210630677,-0.6704804905608364,1.0769527444706637,-1.5229605594854505,-1.3916242059501849,-0.6138553811321298,0.9427662910728726,-0.9019267788874382,0.9538505081700628,2015-01-21,-0.1591218059552074,-1.566933156994924,1.9335085724071543,1.065807751323357,-1.5045037635258325,1.484893993352331,1.5086170077011845,1.4905230943442151,-0.8238649762007128,1.3036557822638213,-1.2101737191482849,-1.3386995878348875,0.0358008594701839,-1.899398016782292,-1.4335153357302868,-1.4432015702777692,-1.916052287042133,0.8916092962647725,-1.016842133573406,1.6459742814324587,0,0.6715078536909913,0,-0.48180708180708176,0,Low,1.0087687145513455,Night,-4.792769193050189,2.523310898513185,2.8933711762678973
-1.0947228664152169,-1.3078340849672627,309323,1992-02-29,1.1871731363975355,1.3045417237184185,-1.0399656435679565,-0.8011879984605708,-0.4794758203104481,1.5728086312061258,1.0769527444706637,0.0174580778902579,1.0718635015204911,-0.2635812692165066,-0.2475951875544917,-0.9019267788874382,-1.413536556449948,2015-02-03,-0.1591218059552074,-1.566933156994924,1.9335085724071543,1.065807751323357,0.3517624468700125,0.0166402095497623,1.2557374633563243,-1.1001891206225551,-0.8238649762007128,0.071466952146788,-1.2101737191482849,1.3621065745757797,0.0358008594701839,-1.7701742230259527,-1.41096747117613,-1.306337793293943,-1.7761981293242222,-0.354351151282422,0.7800162046019002,0.6481117282754599,0,2.209439527135648,0,-0.4792429792429792,0,Low,1.0034035687693719,Evening,-4.493503393794295,2.538454053729868,2.7233291707683427
0.2959090994329077,0.4435339565021215,444035,1996-05-11,1.1871731363975355,0.0609366486770281,-0.2223825904484937,1.098336543123086,1.2624890127883643,1.4824865471640178,1.0769527444706637,-0.4960148012349781,0.5791659600263559,0.9623781224881748,1.5379470303865548,-0.9019267788874382,-0.6410207774686811,2015-02-16,-1.084248584764553,0.3141390602858972,0.8688012087468271,-1.5295033314445576,-1.5045037635258325,-0.4727777183844272,-1.1137092261215402,1.3465946379571725,2.1220169410843157,0.071466952146788,-1.2101737191482849,-1.3386995878348875,0.0358008594701839,-0.3813026567004872,-0.6484396880719168,-0.6489769250534442,-0.1996603514132271,-1.1019274198107387,-1.645742551934763,-1.680234229090871,1,-0.3471634554312565,0,-0.3925296925296925,0,Low,0.5236283344293479,Night,-1.497076964538588,3.9262272749959313,1.1157743078381008
0.947767833424216,0.8813759668694676,431478,2013-04-03,-0.0168564137013849,0.0609366486770281,-0.2223825904484937,1.2283124226214006,-0.4794758203104481,-0.5215809140409333,1.0769527444706637,-1.0094876803602142,1.5645610430146262,-0.4387183251743182,1.5379470303865548,1.391828366993033,-0.9436191240742464,2015-02-07,0.7660049728541383,-0.6263970483545135,-1.2606135185738274,-1.5295033314445576,0.3517624468700125,-0.4727777183844272,-1.1552784662878186,1.2026661815701296,-0.8238649762007128,1.3036557822638213,0.0097594654770023,1.3621065745757797,0.0358008594701839,-0.4737677759865482,-0.7734778460540592,-0.0165003799009136,-0.4581786429523957,-1.6003115988296166,0.3308016200580737,-1.5139238035647045,1,-0.38570593405668274,0,0.08928293928293929,0,Low,0.9670974542237738,Night,-1.2481568689073685,2.6345386214731272,0.7743890929208204
1.1302882789417823,1.209757474644977,797634,2009-11-12,1.1871731363975355,1.3045417237184185,-1.0399656435679565,-0.1645848257349052,-0.4794758203104481,1.5730039825388291,1.0769527444706637,1.0444038361407302,1.3182122722675589,-0.6138553811321298,1.5379470303865548,0.0564967327715379,-0.7264603106278996,2015-01-14,0.7660049728541383,0.3141390602858972,-1.2606135185738274,-0.6643996371885862,-1.040437210926871,-0.9621956463186168,1.1622066729821985,-0.6684037514614268,-0.8238649762007128,0.071466952146788,1.2296926501022896,-1.3386995878348875,-1.1987115360533993,-0.1046652096561244,-0.4988038596670577,0.5392495023970475,-0.1551613012302555,0.1440330277364557,1.1393878722369617,0.4818013027492934,0,0.6359386117607232,0,0.6165501165501166,1,Medium,1.482467614670191,Evening,-0.11471565850026572,1.0960352051304403,0.010050448844141316
-0.1212804903215296,-0.4321500642325706,284836,2008-11-05,-0.0168564137013849,0.0609366486770281,-1.0399656435679565,0.9355388857312816,1.6979802210630677,-0.9560422779734328,-0.928545848584576,-0.4960148012349781,-0.652577893708982,1.662926346319421,-1.437956666181856,-0.9019267788874382,0.9538505081700628,2015-02-02,-0.1591218059552074,-1.566933156994924,1.9335085724071543,1.065807751323357,-1.040437210926871,0.9954760654181416,-0.1021910487421009,-1.1001891206225551,-0.8238649762007128,0.071466952146788,-1.2101737191482849,-0.4384308670313317,0.0358008594701839,-1.8539233679530815,-1.3925192183590926,-1.4680858933657377,-1.8567202201315045,-1.1019274198107387,-1.645742551934763,-1.1813029525123715,0,-1.9816614943187898,0,-0.47714507714507715,0,Low,1.001509152824728,Evening,-4.717325331856335,2.5445107159825366,2.8634019639032537
-0.0865146911753265,0.2246129513184485,238196,1993-02-15,-1.2208859638003056,0.0609366486770281,-1.0399656435679565,-0.2155179966732424,-0.4794758203104481,1.561478253909325,1.0769527444706637,0.0174580778902579,-0.4062291229619144,0.0866928426991166,-0.8427759268681739,0.9826138339251554,-0.8724195131082311,2015-02-06,-1.084248584764553,0.3141390602858972,-0.1959061549135001,1.065807751323357,1.279895552067935,1.484893993352331,-1.0305707457889837,0.7708808124090012,1.1400563019893055,-1.1607218779702453,-1.2101737191482849,0.461837853772224,-1.1987115360533993,1.6347401080611708,1.2845272459798929,2.726996240547604,1.2566240408842613,-1.1019274198107387,-1.4660567181172324,-1.014992526986205,0,-7.585202713917239,1,-0.17271617271617262,1,High,0.7686991136930774,Night,5.268147527411758,3.222618860829814,-3.633407419350587
0.7478644883335482,0.8813759668694676,885789,2008-07-21,-0.0168564137013849,0.0609366486770281,-0.2223825904484937,0.5611001761298952,-0.4794758203104481,-0.3947839454497648,1.0769527444706637,-0.4960148012349781,0.0864684185322207,0.6121040105725515,-0.2475951875544917,-0.9019267788874382,-1.231977548486609,2015-01-15,-1.084248584764553,1.254675168926308,-0.1959061549135001,-1.5295033314445576,1.279895552067935,0.0166402095497623,-0.4208885566835681,1.2026661815701296,1.1400563019893055,1.3036557822638213,0.0097594654770023,1.3621065745757797,1.2703132549937672,0.1287713210004886,-0.2446279319656533,1.053525512881728,-0.0259021554606712,-1.3511195093201778,-1.2863708842997017,-0.5160612504077055,0,0.229497506828747,0,0.14942279942279946,1,Medium,-0.2011469177492958,Night,0.7829954254554036,6.080463715897709,-0.654224104454915
-1.5466782553158571,0.334073453910285,287436,2010-09-11,1.1871731363975355,-1.182668426364362,-0.2223825904484937,0.934555461674548,-0.4794758203104481,1.5716644305431484,1.0769527444706637,1.557876715265966,-1.3916242059501849,-0.088444213258695,-0.8427759268681739,0.918001012914438,-0.3384224308631159,2015-02-24,0.7660049728541383,1.254675168926308,-1.2606135185738274,1.065807751323357,0.3517624468700125,0.9954760654181416,-1.2176323265372362,-0.2366183823002983,-0.8238649762007128,0.071466952146788,1.2296926501022896,1.3621065745757797,-1.1987115360533993,0.3891136855477177,-0.3491680312621986,0.8420087666339966,0.4190883463690451,-1.1019274198107387,-1.645742551934763,-1.5139238035647045,0,0.416361880212673,0,0.6335664335664336,1,Medium,1.0770304024355608,Evening,0.9119290817408431,2.343599755062475,-0.5228153961931254
0.4349722960177202,0.2246129513184485,496067,1995-12-22,-1.2208859638003056,0.0609366486770281,-1.0399656435679565,1.331162188554808,1.6979802210630677,1.4318207836607129,-0.928545848584576,1.557876715265966,0.5791659600263559,-0.2635812692165066,0.3475855517591904,0.6128849136971609,-0.7549401550143058,2015-01-07,0.7660049728541383,-0.6263970483545135,-0.1959061549135001,1.065807751323357,-1.040437210926871,0.9954760654181416,-1.269593876745084,-0.524475295074384,-0.8238649762007128,1.3036557822638213,1.2296926501022896,0.461837853772224,0.0358008594701839,0.4057877234517615,-0.3409688077879598,0.8585983153593089,0.4360403654863676,-0.1051590617729831,1.6784453736895533,-1.014992526986205,0,0.30483694782178394,0,0.6344988344988345,1,Medium,1.0745502284471498,Evening,0.9536698730577167,2.350163565279766,-0.5478821496059552
-0.0430574422425726,-0.103768556457061,206004,1991-09-26,-1.2208859638003056,0.0609366486770281,-0.2223825904484937,0.101800165632857,-0.4794758203104481,-0.4665336992184221,-0.928545848584576,-0.4960148012349781,-0.652577893708982,-0.9641294930477532,-0.2475951875544917,-0.9019267788874382,-0.9364991629776448,2015-02-04,0.7660049728541383,-0.6263970483545135,-1.2606135185738274,1.065807751323357,1.279895552067935,-0.9621956463186168,1.293842600175413,-0.8123322078484696,-0.8238649762007128,-1.1607218779702453,-1.2101737191482849,0.461837853772224,0.0358008594701839,-0.3153644158981322,0.1325363478493339,-0.696671877638717,-0.2971344613378316,-0.1051590617729831,1.6784453736895533,0.3154908772231269,1,-3.0978468069362286,0,-0.3037185037185037,0,Low,0.9421969903884194,Evening,-0.8612699911272147,2.7310396441336735,0.5459055752290825
-0.5819273290087209,-0.4321500642325706,153027,2010-03-11,-0.0168564137013849,0.0609366486770281,-1.0399656435679565,1.6858504650167905,-0.4794758203104481,-0.5669163768947582,1.0769527444706637,0.0174580778902579,1.5645610430146262,-0.7889924370899414,-1.437956666181856,0.8390297872346721,-1.445576381384655,2015-02-04,-0.1591218059552074,-1.566933156994924,-0.1959061549135001,1.065807751323357,1.279895552067935,0.5060581374839519,-0.6425911709037192,-1.1001891206225551,-0.8238649762007128,1.3036557822638213,0.0097594654770023,-0.4384308670313317,0.0358008594701839,-1.749331675645898,-1.2777300897197488,-1.2856008573873028,-1.7867931412725488,1.1408013857742114,-0.2082558813945181,-0.017129973829206,0,-1.0376546878217858,0,0.03194028194028193,0,Low,1.0214153139530457,Evening,-4.350124088379601,2.486736298026342,2.6007924127337025
-0.6080016783683733,-0.3226895616407341,469426,1990-07-15,1.1871731363975355,0.0609366486770281,-0.2223825904484937,0.9875374327310804,-0.4794758203104481,1.5715667548767966,1.0769527444706637,1.557876715265966,0.8255147307734235,-1.139266549005565,-1.437956666181856,-0.3957930143034845,-0.6303408358237789,2015-01-25,-1.084248584764553,1.254675168926308,-0.1959061549135001,-1.5295033314445576,1.279895552067935,0.5060581374839519,0.7880835114856933,0.7708808124090012,1.1400563019893055,0.071466952146788,1.2296926501022896,-1.3386995878348875,1.2703132549937672,0.9260934971393098,0.4543558692132088,0.4666702267238063,1.057967566853138,0.6424172067553336,-0.5676275490295793,-1.5139238035647045,0,0.9377797019789478,0,0.7249417249417249,1,High,1.142396990934707,Night,1.9789936627901532,2.1369241140112925,-1.0529001656508434
-1.1381801153479707,-0.9794525771917532,654974,2009-05-10,1.1871731363975355,-1.182668426364362,-1.0399656435679565,-1.8564020113359156,-0.4794758203104481,-0.9187580807603148,-0.928545848584576,-0.4960148012349781,-1.1452754352031171,-0.4387183251743182,-1.437956666181856,-0.9019267788874382,0.9538505081700628,2015-02-25,-1.084248584764553,0.3141390602858972,0.8688012087468271,0.2007040570673854,1.279895552067935,1.484893993352331,-0.5352039671408335,0.4830238996349156,1.1400563019893055,-1.1607218779702453,-1.2101737191482849,-1.3386995878348875,1.2703132549937672,0.1606035751809358,-1.5237067939469142,0.8295666050900123,0.4063743320310532,-1.3511195093201778,-1.376213801208467,1.3133534303801258,0,-0.08651340642470409,0,-0.49206349206349204,1,Medium,2.53027867713753,Night,-0.28776585682584865,-1.7917662463952475,0.4483694320067845
0.7391730385469975,0.6624549616857945,943425,1999-10-28,1.1871731363975355,0.0609366486770281,1.412783515790431,-0.1434002325127647,-0.4794758203104481,-0.4873386161513408,-0.928545848584576,1.0444038361407302,0.3328171892792883,-0.9641294930477532,1.5379470303865548,0.7744169662239546,-1.627135389347994,2015-02-27,1.6911317516634838,-1.566933156994924,1.9335085724071543,1.065807751323357,1.279895552067935,0.9954760654181416,1.1899194997597171,-0.3805468386873412,-0.8238649762007128,0.071466952146788,1.2296926501022896,-0.4384308670313317,0.0358008594701839,-1.897124284340832,-1.462212617890123,-1.4722332805470657,-1.898040766729978,0.8916092962647725,-1.1965279673909366,0.1491804516969604,0,13.229668325958155,0,0.506993006993007,0,Low,1.0004836176946004,Evening,-4.832486665167167,2.5472707572856796,2.935362380826335
-0.2429607873332405,-0.3226895616407341,641845,1995-03-30,1.1871731363975355,0.0609366486770281,-1.0399656435679565,2.497175311822158,1.6979802210630677,-0.9075672401297308,1.0769527444706637,-1.0094876803602142,-0.4062291229619144,-1.139266549005565,0.9427662910728726,0.2754624039745251,-0.8474996492701257,2015-02-11,0.7660049728541383,0.3141390602858972,0.8688012087468271,1.065807751323357,1.279895552067935,-0.4727777183844272,0.6079501374318206,0.7708808124090012,-0.8238649762007128,-1.1607218779702453,1.2296926501022896,-0.4384308670313317,1.2703132549937672,-0.2069831695218476,-0.6422902704662377,0.2489323997040827,-0.1869463370752352,-0.354351151282422,0.0612728693317778,0.1491804516969604,0,-0.0828868864973393,0,0.6002331002331003,1,Low,0.9032002008052314,Night,-0.5803042078373901,2.803643469280272,0.37332103831554253
-0.5123957307163146,-0.2132290590488975,794534,1991-12-14,1.1871731363975355,0.0609366486770281,1.412783515790431,0.7288149538053685,-0.4794758203104481,-0.6136890674106156,-0.928545848584576,-1.5229605594854505,-0.652577893708982,-0.088444213258695,0.9427662910728726,-0.9019267788874382,-0.3241825086699128,2015-01-04,0.7660049728541383,0.3141390602858972,-1.2606135185738274,0.2007040570673854,0.8158289994689738,-1.4516135742528065,-1.2903784968282233,0.19516698686083,-0.8238649762007128,-1.1607218779702453,1.2296926501022896,1.3621065745757797,-1.1987115360533993,0.0889810032749295,-0.496754053798498,0.5433968895783756,0.1139520022572396,1.6391855647930893,0.6003303707843697,-0.5160612504077055,0,0.122089812675385,0,0.6167832167832168,1,Medium,1.2806185303016813,Night,0.16059483803711722,1.8048013320280516,-0.07161383476218772
-0.3472581847718499,-0.8699920745999167,357808,2011-01-31,-0.0168564137013849,1.3045417237184185,-1.0399656435679565,-0.580737105742749,-0.4794758203104481,-0.3691650135323679,-0.928545848584576,-1.5229605594854505,1.0718635015204911,-0.4387183251743182,-1.437956666181856,0.6954457405441888,-1.0361786183300663,2015-01-26,1.6911317516634838,-1.566933156994924,1.9335085724071543,1.065807751323357,0.3517624468700125,1.484893993352331,1.0340348491361735,-0.9562606642355124,-0.8238649762007128,1.3036557822638213,0.0097594654770023,-1.3386995878348875,0.0358008594701839,-1.8357335084213977,-1.425316112256048,-1.4349067959151132,-1.8312921914555205,1.3899934752836502,-0.6574704659383447,-0.5160612504077055,0,3.1610459385395613,0,0.015157065157065153,0,Low,0.9975811743020797,Evening,-4.691515099626682,2.555663789851964,2.855781591205284
-0.1560462894677327,-0.103768556457061,536052,2006-04-21,1.1871731363975355,0.0609366486770281,1.412783515790431,-0.1550783931864789,-0.4794758203104481,-0.3326761753166856,-0.928545848584576,1.0444038361407302,-0.4062291229619144,0.0866928426991166,-1.437956666181856,0.5087864798465604,-1.1928177624553002,2015-03-01,-1.084248584764553,-0.6263970483545135,0.8688012087468271,1.065807751323357,0.8158289994689738,-1.4516135742528065,-0.5421321738352133,1.634451550731258,1.1400563019893055,1.3036557822638213,1.2296926501022896,0.461837853772224,-1.1987115360533993,0.6062551337071971,0.8253707314225169,-0.3462176608164951,0.7226354386886016,-1.1019274198107387,-1.4660567181172324,-1.1813029525123715,1,-3.909371451570519,0,0.7671328671328671,1,High,1.1919639217004805,Night,1.2017885092946234,1.9823115057752967,-0.5955333755874264
-1.0338827179093617,-0.8699920745999167,873384,2004-03-10,-1.2208859638003056,0.0609366486770281,1.412783515790431,-0.0889841013734958,3.43994505416188,1.5663899445601548,-0.928545848584576,0.530930957015494,-0.652577893708982,-0.7889924370899414,-1.437956666181856,-0.9019267788874382,0.9538505081700628,2015-02-06,-1.084248584764553,-0.6263970483545135,-1.2606135185738274,0.2007040570673854,1.279895552067935,-1.4516135742528065,0.8088681315688325,-1.5319744897836836,0.1580956628942965,0.071466952146788,1.2296926501022896,-0.4384308670313317,-1.1987115360533993,0.8199859832044857,1.5264043384699388,0.0083839431870547,0.7496527191568344,-0.1051590617729831,0.2409587031493084,-0.349750824881539,1,-9.215075340683999,0,0.8468531468531468,1,High,0.9142251456568408,Evening,2.284441000813828,2.7859478840582295,-1.464455017609342
-0.3646410843449514,-0.6510710694162436,790225,1991-01-05,1.1871731363975355,0.0609366486770281,-1.0399656435679565,-1.194393717144627,-0.4794758203104481,1.400480848428429,-0.928545848584576,-1.5229605594854505,0.0864684185322207,-1.6646777168789997,-0.2475951875544917,0.7385209545513338,0.9538505081700628,2015-02-09,-1.084248584764553,0.3141390602858972,-1.2606135185738274,-0.6643996371885862,-1.040437210926871,-0.4727777183844272,-1.4012298039382989,0.7708808124090012,2.1220169410843157,0.071466952146788,1.2296926501022896,-0.4384308670313317,0.0358008594701839,-0.661729657813951,-0.8001253223453355,-0.8024302507625827,-0.5132727050836939,1.3899934752836502,-0.6574704659383447,-1.5139238035647045,1,0.5540302182986462,0,0.5822843822843823,0,Low,0.7756543396190704,Night,-2.115828278191612,3.197425792591999,1.454098620377661
1.6691581657079309,1.975980992787833,587498,1996-10-15,-1.2208859638003056,1.3045417237184185,-1.0399656435679565,0.3905580542913128,-0.4794758203104481,1.5472873749550806,1.0769527444706637,-0.4960148012349781,-0.652577893708982,0.7872410665303631,1.5379470303865548,-0.9019267788874382,-0.8047798826905165,2015-02-05,-0.1591218059552074,-1.566933156994924,-0.1959061549135001,1.065807751323357,-1.040437210926871,1.484893993352331,-0.8054040282216427,-1.244117577009598,-0.8238649762007128,1.3036557822638213,0.0097594654770023,1.3621065745757797,-1.1987115360533993,-1.899398016782292,-1.425316112256048,-1.4349067959151132,-1.920290291821464,-0.354351151282422,0.7800162046019002,-0.8486821014600384,0,-4.863279946815818,0,0.015157065157065153,0,Low,1.0109999514870074,Evening,-4.780513199992625,2.5168583280662093,2.8811151832103334
0.5740354926025326,0.2246129513184485,639027,1994-06-21,-1.2208859638003056,0.0609366486770281,-0.2223825904484937,-1.7993634160453564,-0.4794758203104481,-0.5714234112135594,1.0769527444706637,-0.4960148012349781,-0.8989266644560496,1.1375151784459865,0.9427662910728726,1.3308051471495776,0.9538505081700628,2015-01-03,-1.084248584764553,0.3141390602858972,0.8688012087468271,-1.5295033314445576,0.3517624468700125,-0.9621956463186168,-0.7776912014441238,0.7708808124090012,1.1400563019893055,-1.1607218779702453,0.0097594654770023,-0.4384308670313317,0.0358008594701839,0.2814903499852533,-0.5746466768037671,0.385796176687909,0.4434568738501962,1.3899934752836502,0.420644536966839,1.4796638559062922,1,-0.15643894052422944,0,0.1118936618936619,1,Medium,1.5753836623165436,Night,0.2546063737343381,0.9044909328392378,0.02688397625091521
-0.3124923856256467,0.0056919461347754,217899,1994-06-13,-1.2208859638003056,1.3045417237184185,-0.2223825904484937,0.5457341752434298,-0.4794758203104481,-0.3081037683959144,-0.928545848584576,1.0444038361407302,0.8255147307734235,1.4877892903616097,0.3475855517591904,-0.9019267788874382,-0.5627012054060643,2015-02-24,-1.084248584764553,0.3141390602858972,-1.2606135185738274,-0.6643996371885862,-1.040437210926871,0.0166402095497623,-0.074478221964582,1.634451550731258,1.1400563019893055,1.3036557822638213,0.0097594654770023,1.3621065745757797,0.0358008594701839,-0.4237456622744169,-0.7488801756313427,0.0332682662750231,-0.4073225856004281,0.1440330277364557,0.5104874538756043,1.6459742814324587,1,-0.7764675643005814,0,0.09208014208014209,1,Low,0.9612453485883584,Night,-1.1229344949567477,2.650026289250425,0.6991888326823308
0.6088012917487358,0.6624549616857945,589094,2003-05-27,-0.0168564137013849,0.0609366486770281,-0.2223825904484937,0.3979747107191799,-0.4794758203104481,-0.6941598628178203,-0.928545848584576,0.0174580778902579,-0.652577893708982,1.1375151784459865,0.9427662910728726,1.0615850596049212,-0.7513801744660049,2015-01-14,0.7660049728541383,1.254675168926308,-0.1959061549135001,-1.5295033314445576,-1.040437210926871,-0.9621956463186168,-1.3146272202585525,0.19516698686083,-0.8238649762007128,1.3036557822638213,-1.2101737191482849,-1.3386995878348875,0.0358008594701839,0.2174468862174487,0.87456607226795,-1.5344440882669867,0.4699444037210127,-1.6003115988296166,0.3308016200580737,-1.680234229090871,1,0.5463823051524968,0,-0.21933621933621927,1,Medium,2.161181752077675,Night,-0.18993361227802402,-0.8734672733865515,0.40738049849547275
0.5131953440966772,0.4435339565021215,458829,1996-07-06,-0.0168564137013849,1.3045417237184185,-0.2223825904484937,0.1542084726562944,-0.4794758203104481,1.415676391379434,-0.928545848584576,1.0444038361407302,0.5791659600263559,-0.9641294930477532,-0.8427759268681739,-0.9019267788874382,0.9538505081700628,2015-01-08,0.7660049728541383,0.3141390602858972,-0.1959061549135001,-0.6643996371885862,0.3517624468700125,0.9954760654181416,-0.0710141186173921,0.7708808124090012,-0.8238649762007128,1.3036557822638213,1.2296926501022896,1.3621065745757797,1.2703132549937672,1.006432043404248,1.1861365642890265,-0.1637326248380601,1.1421979118423342,1.6391855647930893,1.4089166229632577,-1.347613378038538,0,6.526395726982393,0,0.8081585081585082,1,High,1.1348970697333856,Night,2.1646018512933005,2.15076588102827,-1.1581698078890525
-0.4515555822104592,-0.6510710694162436,626208,2005-05-08,1.1871731363975355,-1.182668426364362,-0.2223825904484937,-1.7029468824830825,-0.4794758203104481,1.568287643220703,-0.928545848584576,-0.4960148012349781,0.3328171892792883,0.9623781224881748,-1.437956666181856,-0.9019267788874382,0.9538505081700628,2015-02-14,0.7660049728541383,0.3141390602858972,-0.1959061549135001,-1.5295033314445576,-1.040437210926871,-1.4516135742528065,-0.4520654868082768,-1.388046033396641,-0.8238649762007128,1.3036557822638213,-1.2101737191482849,0.461837853772224,-1.1987115360533993,1.1311083722776665,0.0156974133414302,0.0228997983217029,1.5712958957495606,0.6424172067553336,-0.5676275490295793,-0.5160612504077055,1,-0.6642068805077856,1,-0.317005217005217,1,High,1.3891635364894108,Evening,1.6098931074126936,1.423286860554361,-0.4787847351350272
-1.3728492595848418,0.2246129513184485,315041,2010-11-02,1.1871731363975355,-1.182668426364362,1.412783515790431,-1.0580665572799066,-0.4794758203104481,1.5396686729796456,-0.928545848584576,0.530930957015494,1.3182122722675589,0.0866928426991166,-1.437956666181856,0.6667289312060921,-1.4064165953533465,2015-01-23,-1.084248584764553,0.3141390602858972,0.8688012087468271,-1.5295033314445576,0.3517624468700125,-0.4727777183844272,-0.0814064286589617,1.634451550731258,1.1400563019893055,0.071466952146788,0.0097594654770023,1.3621065745757797,-1.1987115360533993,0.9791472541067218,1.1615388938663098,2.5403638173878407,0.4196180969664614,0.3932251172458947,0.9597020384194308,-0.1834403993553725,1,-0.9254126527130611,0,0.30932955932955936,1,High,0.42855420025160496,Night,4.121520808220612,4.209291893167578,-3.14237355411389
0.6261841913218373,0.771915464277631,283267,2012-07-29,1.1871731363975355,-1.182668426364362,1.412783515790431,-0.680554647501228,-0.4794758203104481,-0.9167068917669284,1.0769527444706637,-1.0094876803602142,0.5791659600263559,0.9623781224881748,-1.437956666181856,-0.9019267788874382,-1.552375797833678,2015-01-05,0.7660049728541383,-0.6263970483545135,-0.1959061549135001,-1.5295033314445576,0.3517624468700125,-0.9621956463186168,0.3654629031285303,0.7708808124090012,-0.8238649762007128,0.071466952146788,0.0097594654770023,0.461837853772224,-1.1987115360533993,-0.0519904080956224,-0.353267642999318,-0.3503650479978232,0.1081247456856599,-0.354351151282422,0.0612728693317778,0.3154908772231269,1,0.07639428322295282,0,0.1370684870684871,1,Medium,-2.0797456567843517,Night,-0.5955079453114813,11.454409025318835,0.5435175372158589
0.2611433002867046,0.5529944590939581,442494,2002-06-06,-0.0168564137013849,1.3045417237184185,-1.0399656435679565,2.148223675691123,-0.4794758203104481,-0.4921805384690623,1.0769527444706637,-1.5229605594854505,1.0718635015204911,1.4877892903616097,-0.2475951875544917,-0.9019267788874382,0.9538505081700628,2015-02-19,0.7660049728541383,1.254675168926308,-1.2606135185738274,-1.5295033314445576,-1.5045037635258325,1.484893993352331,0.1784013223802778,-1.244117577009598,-0.8238649762007128,0.071466952146788,0.0097594654770023,-1.3386995878348875,0.0358008594701839,0.6608247123022495,-0.0847430742179956,-0.0787111876208346,0.9657909629026966,0.6424172067553336,-0.477784632120814,1.1470430048539593,1,0.30761433837903857,0,0.16760461760461765,1,High,1.4614911994540576,Evening,0.8023367010638665,1.214142679570695,-0.14151198876161697
-1.2164031634269277,-0.9794525771917532,159243,1991-09-19,-1.2208859638003056,0.0609366486770281,1.412783515790431,1.7398568361324207,-0.4794758203104481,-0.7680166202463505,1.0769527444706637,0.0174580778902579,-1.1452754352031171,-1.6646777168789997,0.3475855517591904,-0.9019267788874382,-0.8652995520116296,2015-02-07,-0.1591218059552074,-1.566933156994924,-0.1959061549135001,1.065807751323357,0.3517624468700125,0.9954760654181416,-1.2765220834394635,0.6269523560219584,-0.8238649762007128,0.071466952146788,1.2296926501022896,-0.4384308670313317,0.0358008594701839,-1.8137540948206128,-1.4232663063874884,-1.2296111304393738,-1.8535417165470065,1.1408013857742114,1.4987595398720228,1.6459742814324587,0,-1.0424725843419818,0,0.5114219114219114,0,Low,1.0219371764767844,Night,-4.5064191533738684,2.484582475003066,2.6926650585532554
2.1906451529009776,2.5232835057470155,669800,2009-06-24,1.1871731363975355,0.0609366486770281,-0.2223825904484937,0.5710573447043249,-0.4794758203104481,1.5409942713087048,-0.928545848584576,0.530930957015494,-1.1452754352031171,0.9623781224881748,0.3475855517591904,2.063083785271042,-0.8083398632388172,2015-02-07,-1.084248584764553,1.254675168926308,-1.2606135185738274,0.2007040570673854,-0.1123041057289486,-0.4727777183844272,-0.247683389324075,0.19516698686083,1.1400563019893055,-1.1607218779702453,0.0097594654770023,1.3621065745757797,0.0358008594701839,0.5198533009316975,-0.3881143427648332,0.7632084101887633,0.6320480865304093,-1.1019274198107387,-1.645742551934763,1.1470430048539593,1,0.9103330784893097,0,0.1331057831057831,1,High,1.2158177500842735,Night,1.0071421539543395,1.937354662930192,-0.487288853022642
-1.2685518621462324,-1.7456760953346089,520179,1992-05-29,1.1871731363975355,1.3045417237184185,1.412783515790431,0.8811227545920128,1.6979802210630677,-0.7612769992680811,1.0769527444706637,-0.4960148012349781,-0.4062291229619144,-0.4387183251743182,0.3475855517591904,1.1620938922882595,0.9538505081700628,2015-01-20,0.7660049728541383,0.3141390602858972,-1.2606135185738274,-0.6643996371885862,-1.5045037635258325,0.9954760654181416,0.0710141186173921,-0.524475295074384,-0.8238649762007128,0.071466952146788,1.2296926501022896,-0.4384308670313317,0.0358008594701839,-0.0902649041935411,-0.5848957061465656,0.3650592407812686,-0.0682822032539775,0.1440330277364557,1.319073706054492,0.3154908772231269,1,-0.10244293576597138,0,0.6067599067599068,1,Medium,0.7564729651796236,Evening,-0.2881186686192745,3.191958858786999,0.19785376442573338
2.3557826988454424,2.4138230031551786,607974,2004-08-12,-1.2208859638003056,1.3045417237184185,-1.0399656435679565,0.0381644339617088,-0.4794758203104481,1.5529246562702377,-0.928545848584576,1.0444038361407302,0.5791659600263559,-0.7889924370899414,1.5379470303865548,-0.9019267788874382,-1.164337918068894,2015-02-18,0.7660049728541383,-0.6263970483545135,-1.2606135185738274,-0.6643996371885862,0.3517624468700125,-0.9621956463186168,0.8539014750823007,1.634451550731258,-0.8238649762007128,1.3036557822638213,-1.2101737191482849,0.461837853772224,-1.1987115360533993,0.4391357992598491,0.5056010159272016,0.5185125664904072,0.3507505193023386,1.3899934752836502,-0.6574704659383447,-1.1813029525123715,0,11.506113089148467,0,-0.26129426129426125,1,Medium,0.7987272300875656,Night,1.3748641017199474,3.130833271174806,-0.9357283024600984
-0.9382767702573028,-1.0889130797835898,465065,2006-12-24,-0.0168564137013849,0.0609366486770281,-0.2223825904484937,0.0749608840844978,1.6979802210630677,1.636465258334211,1.0769527444706637,-1.0094876803602142,1.5645610430146262,-1.3144036049633765,-0.2475951875544917,0.8031337755620513,-1.135858073682488,2015-01-11,-1.084248584764553,0.3141390602858972,-1.2606135185738274,-1.5295033314445576,-1.5045037635258325,1.484893993352331,-0.4347449700723275,0.4830238996349156,1.1400563019893055,1.3036557822638213,1.2296926501022896,1.3621065745757797,1.2703132549937672,0.099970710075322,-0.3881143427648332,0.7632084101887633,0.0450844245931168,0.1440330277364557,1.1393878722369617,-0.1834403993553725,1,1.3336205632536395,0,0.6291375291375292,1,Medium,0.4509718255209268,Night,0.4201784920170469,4.2029739383318585,-0.3202077819417249
-0.9122024208976504,-1.1983735823754262,369941,2007-07-24,1.1871731363975355,-1.182668426364362,-1.0399656435679565,0.3031562412490985,-0.4794758203104481,1.5551293355964624,1.0769527444706637,0.530930957015494,1.5645610430146262,-1.489540660921188,1.5379470303865548,-0.9019267788874382,0.9538505081700628,2015-01-22,0.7660049728541383,-0.6263970483545135,0.8688012087468271,0.2007040570673854,-1.040437210926871,-0.9621956463186168,1.2037759131484769,-1.244117577009598,-0.8238649762007128,0.071466952146788,1.2296926501022896,0.461837853772224,1.2703132549937672,-0.1084547637252252,-0.5008536655356174,0.5351021152157195,-0.1588695554121698,0.3932251172458947,0.690173287693135,-1.1813029525123715,0,-0.3577508598454028,0,0.6163170163170163,1,Medium,1.4648597702397526,Evening,-0.1246211057320677,1.1490712857859275,0.0161663420068425
-1.442380857877248,-1.1983735823754262,447226,1994-08-17,1.1871731363975355,1.3045417237184185,-1.0399656435679565,-0.5468499517877976,1.2624890127883643,-0.3845838151493198,1.0769527444706637,1.0444038361407302,1.3182122722675589,1.662926346319421,-0.2475951875544917,1.8979621315769868,0.9538505081700628,2015-02-23,-1.084248584764553,1.254675168926308,-0.1959061549135001,-1.5295033314445576,1.279895552067935,0.5060581374839519,0.1853295290746575,-1.1001891206225551,1.1400563019893055,0.071466952146788,-1.2101737191482849,1.3621065745757797,1.2703132549937672,0.8381758427361697,1.0344509300156075,1.053525512881728,0.6352265901149073,-1.6003115988296166,1.2292307891457268,-0.8486821014600384,0,-1.5327374039868698,0,-0.20115440115440114,1,High,0.7578670248646509,Evening,2.723203033012243,3.2489599976569825,-1.8850271902760731
0.4784295449504741,0.5529944590939581,831668,1996-04-10,1.1871731363975355,0.0609366486770281,1.412783515790431,1.636515358170646,-0.4794758203104481,-0.6514337356222488,-0.928545848584576,1.0444038361407302,0.0864684185322207,1.4877892903616097,-1.437956666181856,-0.9019267788874382,0.9538505081700628,2015-01-15,0.7660049728541383,-0.6263970483545135,-0.1959061549135001,0.2007040570673854,-1.040437210926871,0.0166402095497623,-1.2003118098012868,-0.524475295074384,-0.8238649762007128,1.3036557822638213,-1.2101737191482849,-1.3386995878348875,1.2703132549937672,2.010663871715976,1.8133771600682984,1.841529077334061,1.871664484484619,-1.3511195093201778,-1.376213801208467,-0.5160612504077055,0,1.228624365211702,1,-0.11257631257631256,1,High,0.9308684459619923,Evening,5.526570721886978,2.7486284758983217,-3.5159068501710022
0.3219834487925601,0.4435339565021215,922937,1992-12-11,-0.0168564137013849,0.0609366486770281,-0.2223825904484937,-1.3138387640354172,-0.4794758203104481,-0.8901391105192576,1.0769527444706637,-1.5229605594854505,1.5645610430146262,1.662926346319421,0.3475855517591904,-0.9019267788874382,-0.3277424892182136,2015-02-20,1.6911317516634838,-1.566933156994924,1.9335085724071543,1.065807751323357,-0.1123041057289486,0.0166402095497623,1.2834502901338436,1.3465946379571725,-0.8238649762007128,0.071466952146788,0.0097594654770023,-1.3386995878348875,1.2703132549937672,-1.7284891282658432,-1.2572320310341516,-1.3996540048738246,-1.733818081530916,-0.354351151282422,0.0612728693317778,-0.349750824881539,0,1.3156031707878721,0,0.034271284271284265,0,Low,1.0030835926367745,Night,-4.390704117438892,2.5401991750119772,2.662214989173049
2.0255076069565128,2.085441495379669,640474,2010-08-01,-0.0168564137013849,1.3045417237184185,1.412783515790431,-0.2637467514555614,-0.4794758203104481,1.6500979906235882,1.0769527444706637,-1.5229605594854505,-0.1598803522148468,1.312652234403798,0.3475855517591904,1.4707995926727988,-0.1639833839963782,2015-01-19,0.7660049728541383,-0.6263970483545135,0.8688012087468271,-1.5295033314445576,0.3517624468700125,0.5060581374839519,0.6044860340846308,1.634451550731258,-0.8238649762007128,1.3036557822638213,-1.2101737191482849,-1.3386995878348875,0.0358008594701839,0.1151289263517255,0.7638765553657255,0.7797979589140756,-0.2356833920375375,0.3932251172458947,0.9597020384194308,-0.1834403993553725,0,-0.43651480911579194,0,-0.23192363192363186,1,Medium,-2.047107989260042,Night,1.3079911222422638,11.361000251544592,-1.1928621958905383
-0.6427674775145763,-0.5416105668244071,153298,2009-03-23,1.1871731363975355,-1.182668426364362,-1.0399656435679565,-1.091175167189944,-0.4794758203104481,-0.8169660827551894,1.0769527444706637,1.0444038361407302,-0.8989266644560496,-1.139266549005565,-0.2475951875544917,-0.9019267788874382,-0.5128614777298535,2015-01-10,-0.1591218059552074,-1.566933156994924,1.9335085724071543,1.065807751323357,-1.040437210926871,0.9954760654181416,1.2522733600091347,-0.524475295074384,-0.8238649762007128,-1.1607218779702453,0.0097594654770023,1.3621065745757797,1.2703132549937672,-1.7785112419779747,-1.306427371879585,-1.314632567656599,-1.8127509205459489,0.3932251172458947,0.9597020384194308,1.6459742814324587,0,1.629905926528761,0,0.028676878676878646,0,Low,1.0192524494713582,Evening,-4.433810860082133,2.4929914686074897,2.6552996181041584
0.5653440428159818,0.2246129513184485,334749,1996-07-29,1.1871731363975355,-1.182668426364362,1.412783515790431,0.6793978949544964,-0.4794758203104481,1.6645679429102662,-0.928545848584576,-1.5229605594854505,0.5791659600263559,-0.6138553811321298,0.9427662910728726,-0.9019267788874382,-0.6979804662414935,2015-01-16,0.7660049728541383,1.254675168926308,-1.2606135185738274,-1.5295033314445576,1.279895552067935,0.9954760654181416,-0.37239110982291,1.3465946379571725,-0.8238649762007128,1.3036557822638213,1.2296926501022896,-0.4384308670313317,0.0358008594701839,1.2557847011510843,1.9978596882386728,2.028161500493824,0.7210461868963526,-0.8527353303012999,-0.3879417152120487,-0.017129973829206,1,1.8483761314259894,1,0.9004662004662005,1,High,0.5741793255293668,Night,4.747067375628849,3.7801572125543155,-3.491282674477765
-0.8774366217514473,-1.0889130797835898,221283,1994-08-23,1.1871731363975355,1.3045417237184185,-1.0399656435679565,-1.3995605609807114,-0.4794758203104481,1.5858692631640143,1.0769527444706637,-1.5229605594854505,1.5645610430146262,-1.6646777168789997,-0.2475951875544917,1.6861756627085238,0.9538505081700628,2015-02-12,-0.1591218059552074,-1.566933156994924,-0.1959061549135001,1.065807751323357,-0.5763706583279098,-0.9621956463186168,-1.0894605026912112,-0.9562606642355124,-0.8238649762007128,0.071466952146788,1.2296926501022896,1.3621065745757797,0.0358008594701839,-1.7300049498934835,-1.3617721303306969,-1.2068005009420697,-1.758186609012067,-1.6003115988296166,0.3308016200580737,-0.017129973829206,0,1.2361066996542966,0,0.5184149184149184,0,Low,1.016290517209697,Evening,-4.326759240284834,2.5010111916514597,2.5967542903913503
0.6957157896142435,0.4435339565021215,961496,1992-01-05,-1.2208859638003056,0.0609366486770281,-1.0399656435679565,-0.5432030875774103,-0.4794758203104481,1.516533493720907,1.0769527444706637,1.557876715265966,1.5645610430146262,-1.139266549005565,-0.2475951875544917,0.8282609837328859,0.9538505081700628,2015-01-23,-1.084248584764553,1.254675168926308,0.8688012087468271,-0.6643996371885862,1.279895552067935,-0.9621956463186168,1.546722144520273,0.0512385304737872,1.1400563019893055,0.071466952146788,-1.2101737191482849,-1.3386995878348875,1.2703132549937672,-0.5988230602668767,-0.146237250274787,-0.8376830418038712,-0.5853187863323147,0.1440330277364557,1.319073706054492,0.3154908772231269,0,1.102394622483,0,-0.3354201354201354,0,Low,0.9774502730768737,Night,-1.5692390784109729,2.6205432006155736,0.9704160181440962
-0.1299719401080804,0.0056919461347754,804751,1997-09-11,1.1871731363975355,0.0609366486770281,1.412783515790431,-1.7143791871426124,-0.4794758203104481,-0.7048344177834023,-0.928545848584576,-1.0094876803602142,-0.652577893708982,-0.9641294930477532,0.3475855517591904,-0.9019267788874382,0.9538505081700628,2015-02-13,-1.084248584764553,0.3141390602858972,-0.1959061549135001,1.065807751323357,0.8158289994689738,0.5060581374839519,1.3111631169113624,-0.6684037514614268,1.1400563019893055,-1.1607218779702453,1.2296926501022896,-1.3386995878348875,1.2703132549937672,0.4410305762943995,-0.203631814594459,-0.1989854158793486,0.7199866857015199,0.3932251172458947,0.690173287693135,-1.347613378038538,0,-0.25725395925007294,0,0.6501165501165501,1,Medium,1.6325059800727533,Evening,0.3173694552277123,0.7196071036325534,0.1236611210666872
0.5479611432428804,0.4435339565021215,369226,2002-02-10,1.1871731363975355,0.0609366486770281,-1.0399656435679565,0.1814165382259294,-0.4794758203104481,1.38425273414742,1.0769527444706637,1.557876715265966,-1.6379729766972524,-0.088444213258695,0.9427662910728726,0.8569777930709825,0.9538505081700628,2015-01-27,-0.1591218059552074,-1.566933156994924,-0.1959061549135001,1.065807751323357,-1.5045037635258325,0.0166402095497623,-0.6564475842924786,-1.6759029461707264,-0.8238649762007128,0.071466952146788,0.0097594654770023,1.3621065745757797,1.2703132549937672,-1.9266828060798185,-1.425316112256048,-1.5344440882669867,-1.9330043061594555,0.1440330277364557,1.319073706054492,0.9807325793277928,0,-10.620157372438891,0,0.015157065157065153,0,Low,1.0032815486499564,Evening,-4.89276450668249,2.5394771940249448,2.966081700602672
-1.4336894080906972,-1.8551365979264451,691115,1993-01-28,-0.0168564137013849,1.3045417237184185,-1.0399656435679565,-0.3409045639067988,-0.4794758203104481,-0.9769309169060816,1.0769527444706637,0.0174580778902579,0.3328171892792883,-0.6138553811321298,-0.8427759268681739,-0.9019267788874382,0.9538505081700628,2015-02-14,0.7660049728541383,0.3141390602858972,-1.2606135185738274,1.065807751323357,0.3517624468700125,0.0166402095497623,-0.4867065202801754,0.3390954432478728,-0.8238649762007128,1.3036557822638213,-1.2101737191482849,-0.4384308670313317,1.2703132549937672,1.2645006755100163,1.6862891962175963,0.0892579932229521,1.3090693500284778,-0.8527353303012999,0.1511157862405431,0.6481117282754599,1,-3.709262118056718,1,-0.12702852702852702,1,High,1.0352452475007483,Night,3.0846165394690264,2.439393002958969,-1.82011586395901
-0.5558529796490685,-0.7605315720080802,713172,1996-10-23,-1.2208859638003056,0.0609366486770281,-0.2223825904484937,-1.1081392321686017,1.6979802210630677,-0.6058889677690988,-0.928545848584576,-1.0094876803602142,-1.1452754352031171,1.1375151784459865,-0.2475951875544917,-0.9019267788874382,0.9538505081700628,2015-02-01,0.7660049728541383,1.254675168926308,-1.2606135185738274,-0.6643996371885862,0.8158289994689738,0.5060581374839519,0.5178834504048843,0.19516698686083,-0.8238649762007128,-1.1607218779702453,1.2296926501022896,1.3621065745757797,-1.1987115360533993,1.1144343343736225,1.538703173681297,0.0146050239590468,1.1565011779725751,0.1440330277364557,1.1393878722369617,-1.680234229090871,1,-1.0056816938737863,1,0.8482517482517482,1,High,1.0377463297344176,Night,2.709809375612919,2.4315537133753837,-1.5953750412392964
0.3393663483656616,0.2246129513184485,621756,1997-04-21,-0.0168564137013849,-1.182668426364362,-0.2223825904484937,-0.5211170223032638,-0.4794758203104481,-0.4329053626601832,-0.928545848584576,-1.0094876803602142,0.3328171892792883,0.7872410665303631,0.3475855517591904,-0.2809257769510978,-1.1963777430036011,2015-02-23,0.7660049728541383,-0.6263970483545135,-1.2606135185738274,-0.6643996371885862,1.279895552067935,-0.4727777183844272,-0.7915476148328833,-1.5319744897836836,-0.8238649762007128,-1.1607218779702453,0.0097594654770023,-1.3386995878348875,1.2703132549937672,-0.0932965474488218,0.5383979098241571,-0.4913762121629775,-0.1440365386845126,-0.8527353303012999,0.1511157862405431,-1.014992526986205,1,0.17903219908008858,0,0.2384670884670885,0,Medium,1.543873664105195,Evening,-0.09701484102333296,1.0398657135974405,0.0037182935745111584
-0.7644477745262872,-0.8699920745999167,615116,2008-11-09,-0.0168564137013849,0.0609366486770281,-1.0399656435679565,-0.2523144467960314,-0.4794758203104481,1.4305091389982754,-0.928545848584576,0.530930957015494,1.5645610430146262,0.7872410665303631,-1.437956666181856,0.1246991549495175,0.9538505081700628,2015-01-20,0.7660049728541383,1.254675168926308,-1.2606135185738274,1.065807751323357,0.3517624468700125,0.9954760654181416,-1.6575734516303484,1.634451550731258,-0.8238649762007128,0.071466952146788,-1.2101737191482849,-1.3386995878348875,0.0358008594701839,-0.3244593456639743,-0.6176926000435211,0.2987010458800195,-0.3702400437812851,-0.8527353303012999,-0.3879417152120487,-1.347613378038538,0,1.2859375898671985,0,-0.389033189033189,1,Low,1.1411019279643517,Night,-0.6892315979447867,2.124252950049219,0.36477225228081245
0.1307715534884429,0.4435339565021215,947598,2002-06-20,-0.0168564137013849,-1.182668426364362,-0.2223825904484937,-0.5823351698349417,-0.4794758203104481,-0.503427193766133,-0.928545848584576,-0.4960148012349781,-0.4062291229619144,-0.6138553811321298,-0.2475951875544917,0.9395386199180104,0.9538505081700628,2015-01-08,0.7660049728541383,1.254675168926308,-1.2606135185738274,-1.5295033314445576,0.8158289994689738,0.5060581374839519,-0.5144193470576943,-1.5319744897836836,-0.8238649762007128,-1.1607218779702453,1.2296926501022896,0.461837853772224,1.2703132549937672,0.526674498256079,-0.2815244375997281,-0.277785772324582,0.8799713661212513,-0.603543240791861,-0.1184129644857528,0.1491804516969604,0,-0.9044197052791201,0,0.6412587412587413,1,High,1.6708036903843084,Evening,0.32066115619694113,0.6088400870340658,0.2060133420591379
-0.9382767702573028,-1.4172945875590992,658002,2005-10-21,1.1871731363975355,0.0609366486770281,1.412783515790431,1.0351925234803043,-0.4794758203104481,1.5419989353054655,-0.928545848584576,-1.5229605594854505,1.5645610430146262,0.6121040105725515,-1.437956666181856,-0.5429666621612299,0.9538505081700628,2015-02-23,0.7660049728541383,-0.6263970483545135,0.8688012087468271,-1.5295033314445576,0.3517624468700125,0.9954760654181416,1.467047767534906,-0.3805468386873412,-0.8238649762007128,1.3036557822638213,1.2296926501022896,1.3621065745757797,0.0358008594701839,0.9685365027132394,-0.0642450155323985,1.418495584838598,1.008171010696003,-1.1019274198107387,-1.645742551934763,0.3154908772231269,0,0.9356091211400116,0,0.6659673659673659,1,High,1.040920984341582,Evening,2.362421580002202,2.4391637632865706,-1.3938850772889628
-0.4776299315701116,-0.5416105668244071,374545,2005-08-28,-0.0168564137013849,0.0609366486770281,-1.0399656435679565,-2.4239196440760336,-0.4794758203104481,1.50348681542964,-0.928545848584576,1.557876715265966,-0.1598803522148468,-0.2635812692165066,1.5379470303865548,-0.9019267788874382,-1.182137820810398,2015-02-04,0.7660049728541383,0.3141390602858972,0.8688012087468271,-0.6643996371885862,1.279895552067935,-0.9621956463186168,-0.2961808361847331,-1.244117577009598,-0.8238649762007128,-1.1607218779702453,-1.2101737191482849,-0.4384308670313317,0.0358008594701839,1.9811053499769893,1.788779489645582,1.8166447542460928,1.8430579522241373,0.3932251172458947,0.9597020384194308,-1.014992526986205,0,-0.8173151169156344,1,-0.11537351537351537,1,High,0.9303175229565765,Evening,5.448482196115812,2.7502219636917,-3.467376846138823
0.3654406977253139,0.4435339565021215,805806,2013-01-16,-0.0168564137013849,0.0609366486770281,-0.2223825904484937,0.0450484023588455,2.1334714293377703,-0.6568756656047023,1.0769527444706637,0.0174580778902579,-1.6379729766972524,-1.489540660921188,-1.437956666181856,-0.9019267788874382,0.9538505081700628,2015-02-09,0.7660049728541383,1.254675168926308,-0.1959061549135001,-0.6643996371885862,-1.040437210926871,-0.4727777183844272,-0.9335758520676676,-1.6759029461707264,-0.8238649762007128,0.071466952146788,1.2296926501022896,-0.4384308670313317,-1.1987115360533993,-0.0781383311724183,-0.4844552185871397,-0.4830814378003213,0.1393800309332234,-1.6003115988296166,1.049544955328196,0.1491804516969604,0,-1.7345031694316304,0,0.6181818181818182,1,Medium,-1.7837828454323148,Evening,-0.8281566254542376,10.5987319124942,0.7500182942818193
0.7739388376932006,0.6624549616857945,235097,1992-04-28,-1.2208859638003056,-1.182668426364362,-0.2223825904484937,-0.5620930246671713,-0.4794758203104481,-0.7486768383087078,-0.928545848584576,0.530930957015494,0.0864684185322207,1.4877892903616097,0.9427662910728726,0.9467178222525346,0.9538505081700628,2015-02-18,-1.084248584764553,-0.6263970483545135,0.8688012087468271,-0.6643996371885862,1.279895552067935,0.0166402095497623,1.1795271897181476,0.19516698686083,1.1400563019893055,0.071466952146788,0.0097594654770023,-0.4384308670313317,0.0358008594701839,-0.0588116054200039,0.8089722844740392,-0.3545124351791512,-0.2007198526080598,1.1408013857742114,1.4987595398720228,1.6459742814324587,0,0.1046298521222174,0,0.26923631923631924,0,Medium,3.412987354484651,Night,0.25373999668682823,-4.314527879363079,-0.31255160210683214
1.1737455278745363,0.990836469461304,290971,2005-10-10,1.1871731363975355,-1.182668426364362,-1.0399656435679565,1.8115648402692588,-0.4794758203104481,-0.7930774054988804,1.0769527444706637,0.0174580778902579,1.0718635015204911,1.312652234403798,0.9427662910728726,-0.9019267788874382,0.9538505081700628,2015-02-10,-1.084248584764553,0.3141390602858972,0.8688012087468271,-0.6643996371885862,0.3517624468700125,-0.4727777183844272,0.7257296512362759,0.914809268796044,1.1400563019893055,0.071466952146788,1.2296926501022896,-0.4384308670313317,-1.1987115360533993,-0.0349374147846685,0.2473254764886778,0.2572271740667389,-0.178470327516574,-0.354351151282422,0.0612728693317778,-0.6823716759338719,0,-0.019285754902220745,0,0.7013986013986014,1,Medium,5.108432809049827,Night,0.32608232303884277,-9.333594332694402,-0.36101973782351127
-0.382023983918053,-0.6510710694162436,180286,2009-02-08,-1.2208859638003056,1.3045417237184185,-0.2223825904484937,0.6817335270892388,-0.4794758203104481,1.60981375508681,-0.928545848584576,-0.4960148012349781,0.0864684185322207,1.4877892903616097,-1.437956666181856,1.309267540146005,0.9538505081700628,2015-01-20,-1.084248584764553,-0.6263970483545135,0.8688012087468271,-1.5295033314445576,-1.5045037635258325,0.9954760654181416,-1.6783580717134876,0.7708808124090012,1.1400563019893055,-1.1607218779702453,1.2296926501022896,1.3621065745757797,1.2703132549937672,0.0014423042786996,-0.4414092953473857,-0.4395338723963766,0.2283781312991666,1.6391855647930893,0.8698591215106656,0.1491804516969604,0,0.0021156391841524007,0,0.6230769230769231,1,Medium,158.23283743392807,Night,-0.6525650364445956,-452.1326833677435,0.6540073407232952
0.1742288024211968,0.334073453910285,662088,2005-03-06,1.1871731363975355,1.3045417237184185,-1.0399656435679565,-0.1788854505599089,-0.4794758203104481,-0.6321218610178494,-0.928545848584576,-1.0094876803602142,1.5645610430146262,-1.139266549005565,0.3475855517591904,-0.9019267788874382,-0.8759794936565318,2015-01-27,0.7660049728541383,-0.6263970483545135,-0.1959061549135001,-0.6643996371885862,1.279895552067935,1.484893993352331,0.1541525989499488,-0.0926899259132555,-0.8238649762007128,-1.1607218779702453,-1.2101737191482849,-1.3386995878348875,1.2703132549937672,0.0923916019371203,0.3621146051280218,1.3272530668493805,-0.3034914685068276,0.8916092962647725,-0.8371562997558752,-1.1813029525123715,0,-0.5164876077710181,0,-0.2776112776112776,1,Medium,-3.284802702205259,Evening,1.3858762034705747,14.99986118383982,-1.2934846015334545
-0.0865146911753265,-0.5416105668244071,884365,1994-05-17,-0.0168564137013849,-1.182668426364362,-0.2223825904484937,0.6840281832216175,-0.4794758203104481,-0.6532477122830667,1.0769527444706637,-1.5229605594854505,-0.8989266644560496,0.7872410665303631,-0.8427759268681739,1.083122666608494,-0.3953821196359282,2015-01-21,1.6911317516634838,-1.566933156994924,-0.1959061549135001,1.065807751323357,1.279895552067935,0.9954760654181416,1.075604089302452,-1.6759029461707264,-0.8238649762007128,1.3036557822638213,-1.2101737191482849,1.3621065745757797,0.0358008594701839,-1.6545928239183765,-1.2367339723485544,-1.244126985574022,-1.6755455158151198,0.1440330277364557,0.5104874538756043,-0.349750824881539,0,-2.418892153293272,0,-0.4594294594294594,0,Low,1.0126639643650124,Evening,-4.156406473737697,2.512043401673873,2.5018136498193204
1.573552218055872,1.3192179772368136,178081,1990-07-20,-0.0168564137013849,0.0609366486770281,-0.2223825904484937,-1.147476194437953,-0.4794758203104481,1.418076422038362,-0.928545848584576,0.530930957015494,-0.1598803522148468,-0.4387183251743182,-1.437956666181856,-0.9019267788874382,-1.2177376262934057,2015-02-18,-1.084248584764553,0.3141390602858972,-0.1959061549135001,0.2007040570673854,1.279895552067935,0.9954760654181416,-0.4174244533363782,0.3390954432478728,1.1400563019893055,-1.1607218779702453,0.0097594654770023,1.3621065745757797,-1.1987115360533993,0.5622963065056271,1.2476307403458178,-0.1326272209780996,0.4974914347866618,-0.8527353303012999,0.1511157862405431,0.3154908772231269,0,-0.49002916074455666,0,0.3191197691197691,1,High,0.884748031034154,Night,1.6124949541543798,2.8676910515100307,-1.0501986476487528
-0.9035109711110996,-0.6510710694162436,507452,2005-04-17,1.1871731363975355,0.0609366486770281,-1.0399656435679565,-0.5401298874001172,2.1334714293377703,-0.5830747228426588,1.0769527444706637,-1.0094876803602142,-1.6379729766972524,1.662926346319421,-0.8427759268681739,1.513874806679944,0.9538505081700628,2015-02-26,0.7660049728541383,0.3141390602858972,-0.1959061549135001,0.2007040570673854,-1.5045037635258325,-0.9621956463186168,-0.3585346964341506,-1.1001891206225551,-0.8238649762007128,0.071466952146788,0.0097594654770023,0.461837853772224,0.0358008594701839,-0.4533041840134036,-0.1298388033263093,-0.1243324466154434,-0.5683667672149921,-0.1051590617729831,1.588602456780788,-0.1834403993553725,0,0.8392518796677588,0,0.1624764124764125,0,Low,1.2538336090712,Evening,-0.8225380171567448,1.8145427743839173,0.3692338331433412
1.4518719210441613,1.209757474644977,990624,1994-02-10,-0.0168564137013849,0.0609366486770281,-0.2223825904484937,1.2822368417323022,-0.4794758203104481,1.5614084855762165,1.0769527444706637,1.557876715265966,0.8255147307734235,0.4369669546147398,-0.8427759268681739,1.95539575025318,0.9538505081700628,2015-01-29,-1.084248584764553,1.254675168926308,-1.2606135185738274,0.2007040570673854,1.279895552067935,1.484893993352331,-1.221096429884426,-1.388046033396641,1.1400563019893055,0.071466952146788,1.2296926501022896,-0.4384308670313317,1.2703132549937672,1.2027309441836729,1.1410408351807126,1.1613575795962578,1.0897526026981177,-0.354351151282422,0.7800162046019002,0.9807325793277928,1,0.9379936428633119,1,0.803030303030303,1,High,0.9060644044319973,Evening,3.392151017475088,2.8203715997394867,-2.1894200732914153
-0.2516522371197913,0.0056919461347754,892148,1995-03-29,-0.0168564137013849,1.3045417237184185,-1.0399656435679565,0.4218637200973376,1.6979802210630677,-0.7047367421170506,1.0769527444706637,1.557876715265966,0.0864684185322207,-1.3144036049633765,-1.437956666181856,-0.9019267788874382,-0.598301010889072,2015-02-08,-1.084248584764553,-0.6263970483545135,-1.2606135185738274,0.2007040570673854,0.3517624468700125,-1.4516135742528065,1.3873733905495391,-0.3805468386873412,1.1400563019893055,1.3036557822638213,1.2296926501022896,0.461837853772224,1.2703132549937672,0.7142574246765716,1.145140446917832,-0.1844695607447004,0.7496527191568344,-0.603543240791861,-0.1184129644857528,1.1470430048539593,1,1.6930958922371366,0,0.8034965034965036,1,High,1.0495539055017655,Evening,1.710323605329966,2.394544532120051,-0.9960661806533944
1.4692548206172629,1.7570599876041595,398683,2007-04-30,-0.0168564137013849,0.0609366486770281,-1.0399656435679565,1.438068578722242,-0.4794758203104481,-0.7896168961767048,1.0769527444706637,0.530930957015494,-0.8989266644560496,0.2618298986569282,0.3475855517591904,-0.9019267788874382,0.9538505081700628,2015-01-19,-1.084248584764553,0.3141390602858972,-1.2606135185738274,0.2007040570673854,0.3517624468700125,-1.4516135742528065,1.1518143629406288,1.3465946379571725,2.1220169410843157,-1.1607218779702453,-1.2101737191482849,0.461837853772224,0.0358008594701839,0.2970275216685668,-0.2815244375997281,0.9788725436178228,0.2379136420526605,0.3932251172458947,0.9597020384194308,0.3154908772231269,1,0.20654600171188003,0,-0.35080475080475076,1,Medium,0.8009791137772675,Night,0.9352617480707552,3.1487270744805715,-0.6382342264021885
0.4697380951639233,0.2246129513184485,605100,2001-02-15,-1.2208859638003056,-1.182668426364362,-1.0399656435679565,-0.8775262908645308,-0.4794758203104481,1.3952482234453003,1.0769527444706637,1.0444038361407302,0.0864684185322207,-0.4387183251743182,0.9427662910728726,-0.9019267788874382,-0.6267808552754781,2015-02-08,-1.084248584764553,0.3141390602858972,-1.2606135185738274,-0.6643996371885862,-1.5045037635258325,0.9954760654181416,-1.3076990135641726,-1.6759029461707264,1.1400563019893055,0.071466952146788,1.2296926501022896,1.3621065745757797,0.0358008594701839,1.0791914815309844,-0.1359882209319885,2.677227594371667,0.8598408434194308,1.3899934752836502,-1.1066850504821713,0.4818013027492934,1,-1.2298123971649566,0,0.6578088578088578,1,High,0.7967446568934832,Evening,3.401080216859109,3.151504736239642,-2.321888735328125
0.443663745804271,0.0056919461347754,143109,2001-07-09,1.1871731363975355,0.0609366486770281,-1.0399656435679565,0.8094557264575387,-0.4794758203104481,-0.4301285830024697,-0.928545848584576,1.557876715265966,-1.3916242059501849,0.6121040105725515,-0.8427759268681739,0.4693008670066775,0.9538505081700628,2015-01-07,-1.084248584764553,1.254675168926308,0.8688012087468271,-0.6643996371885862,1.279895552067935,1.484893993352331,-1.0825322959968315,0.7708808124090012,1.1400563019893055,1.3036557822638213,-1.2101737191482849,1.3621065745757797,0.0358008594701839,-0.8891029019600026,-0.9231136744589185,-0.3192596441378627,-0.9227699168865162,-1.3511195093201778,-1.376213801208467,0.8144221538016264,0,-1.0983946057882834,0,-0.42376512376512376,0,Low,1.037867442249638,Night,-2.1651432354832973,2.4352025686935255,1.2760403335232948
-1.4510723076637988,-0.8699920745999167,230223,2008-09-06,-1.2208859638003056,1.3045417237184185,-1.0399656435679565,2.9225062163595177,-0.4794758203104481,1.5907670001482226,-0.928545848584576,0.530930957015494,-0.8989266644560496,-0.2635812692165066,0.3475855517591904,-0.9019267788874382,0.9538505081700628,2015-02-13,-1.084248584764553,1.254675168926308,0.8688012087468271,-0.6643996371885862,1.279895552067935,0.0166402095497623,0.5421321738352133,1.3465946379571725,1.1400563019893055,0.071466952146788,0.0097594654770023,-0.4384308670313317,1.2703132549937672,0.8976718416210533,-0.0990917152979136,1.347990002756021,0.9361249294473822,0.3932251172458947,0.9597020384194308,-1.680234229090871,0,0.30715812662363823,0,0.165972915972916,1,High,1.0428353026219337,Night,2.1850232169054897,2.4340974969897586,-1.2873513752844365
1.025990881503173,0.5529944590939581,769602,2004-12-19,-1.2208859638003056,-1.182668426364362,-0.2223825904484937,-0.4106457199301692,-0.4794758203104481,1.4656165642184118,-0.928545848584576,-1.0094876803602142,0.8255147307734235,1.1375151784459865,-1.437956666181856,0.8892842035763413,-1.2782572956145188,2015-02-15,-1.084248584764553,1.254675168926308,-1.2606135185738274,-0.6643996371885862,-1.040437210926871,0.5060581374839519,-0.947432265456427,1.2026661815701296,1.1400563019893055,1.3036557822638213,-1.2101737191482849,1.3621065745757797,-1.1987115360533993,-0.1274025340707295,0.5015014041900823,-0.5100394544789538,-0.1774108263217413,1.1408013857742114,1.4987595398720228,0.8144221538016264,0,0.3102500236515752,0,-0.2617604617604617,0,Medium,1.3925328891506765,Night,-0.18594887661061285,1.4595497453537698,0.05854634253988336
0.0003998066901812,-0.103768556457061,420815,2000-11-15,-1.2208859638003056,-1.182668426364362,1.412783515790431,-0.5406215994284836,-0.4794758203104481,1.603925307772463,-0.928545848584576,0.530930957015494,-0.652577893708982,-1.139266549005565,1.5379470303865548,-0.9019267788874382,-0.6517007191135835,2015-02-14,0.7660049728541383,1.254675168926308,0.8688012087468271,-1.5295033314445576,0.3517624468700125,0.5060581374839519,0.4174244533363782,-0.9562606642355124,-0.8238649762007128,0.071466952146788,-1.2101737191482849,-0.4384308670313317,-1.1987115360533993,1.4312410545504546,1.8502736657023733,1.8788555619660137,1.0426047995280645,0.6424172067553336,-0.477784632120814,-0.349750824881539,0,-2.6474038467337153,1,-0.10838050838050833,1,High,0.7284615458393172,Evening,4.771734027196452,3.333981147371489,-3.340492972645997
-1.1121057659883185,-0.8699920745999167,973546,2007-03-14,1.1871731363975355,1.3045417237184185,-1.0399656435679565,0.9715158158067924,1.6979802210630677,-0.8215847464069642,-0.928545848584576,-1.5229605594854505,1.3182122722675589,-0.9641294930477532,-0.8427759268681739,0.530324086850133,-0.612540933082275,2015-01-31,1.6911317516634838,-1.566933156994924,-0.1959061549135001,1.065807751323357,1.279895552067935,0.5060581374839519,-0.7188014445418962,-0.6684037514614268,-0.8238649762007128,0.071466952146788,1.2296926501022896,-0.4384308670313317,0.0358008594701839,-1.6951410524577557,-1.2244351371371962,-1.3830644561485124,-1.699914043296271,1.3899934752836502,-0.6574704659383447,-1.680234229090871,0,-1.7448396413499363,0,0.534032634032634,0,Low,1.00281628106869,Evening,-4.3074136365819795,2.541037025428507,2.6122725841242236
-0.0952061409618773,0.1151524487266119,608039,2004-12-28,-1.2208859638003056,-1.182668426364362,-1.0399656435679565,-0.4139647761216454,-0.4794758203104481,1.4475186586100983,-0.928545848584576,1.557876715265966,0.5791659600263559,-0.9641294930477532,-0.8427759268681739,0.3257168203161942,-0.1960232089310851,2015-01-28,0.7660049728541383,1.254675168926308,-0.1959061549135001,-0.6643996371885862,-1.040437210926871,-0.9621956463186168,0.2823244227959737,-0.8123322078484696,-0.8238649762007128,0.071466952146788,-1.2101737191482849,-1.3386995878348875,1.2703132549937672,0.4220828059488952,-0.2138808439372576,-0.2093538838326688,0.6987966618048668,-1.6003115988296166,1.2292307891457268,-0.6823716759338719,0,-1.0196128992331541,0,-0.34311244311244304,1,Medium,1.655587473283624,Evening,0.27556193403494034,0.6528607119039878,0.14652087191395485
1.7473812137868878,1.7570599876041595,250162,1999-07-05,-1.2208859638003056,0.0609366486770281,-1.0399656435679565,-1.549778585646796,-0.4794758203104481,-0.8327755870375482,1.0769527444706637,1.557876715265966,0.8255147307734235,1.662926346319421,0.9427662910728726,1.1477354876192114,0.9538505081700628,2015-03-01,-1.084248584764553,0.3141390602858972,-0.1959061549135001,-0.6643996371885862,-1.5045037635258325,0.0166402095497623,0.5698450006127321,-1.388046033396641,2.1220169410843157,1.3036557822638213,-1.2101737191482849,0.461837853772224,0.0358008594701839,-0.5351585519059822,-0.5336505594325728,-0.5328500839762582,-0.4740711608748855,0.1440330277364557,1.319073706054492,-1.347613378038538,0,0.3453131319373386,0,-0.3794760794760794,0,Low,0.8858534448153906,Evening,-1.5405718042837167,2.878725711329153,1.0054132523777346
2.008124707383411,2.085441495379669,786432,1997-11-15,-0.0168564137013849,-1.182668426364362,1.412783515790431,-0.4530149063744501,-0.4794758203104481,-0.4106632180652319,1.0769527444706637,0.0174580778902579,-0.8989266644560496,-0.9641294930477532,-0.8427759268681739,-0.9019267788874382,-0.4701417111502443,2015-01-10,-1.084248584764553,0.3141390602858972,0.8688012087468271,0.2007040570673854,-1.040437210926871,-0.9621956463186168,-0.8746860951654399,1.0587377251830867,1.1400563019893055,-1.1607218779702453,0.0097594654770023,-0.4384308670313317,1.2703132549937672,-0.4271562609366076,0.3662142168651412,-0.578471342970867,-0.543998239733841,1.3899934752836502,-0.6574704659383447,-0.1834403993553725,0,0.9429208572319869,0,0.2188866688866689,0,Low,1.2735374920609337,Night,-0.7562553658395668,1.770446100046511,0.3290991049029592
-1.3033176612924355,-0.4321500642325706,445195,2010-09-27,-0.0168564137013849,-1.182668426364362,-1.0399656435679565,0.0199710889121337,-0.4794758203104481,-0.6690711702320471,-0.928545848584576,0.530930957015494,-1.1452754352031171,-1.3144036049633765,0.9427662910728726,1.5569500206870888,-0.5449013026645604,2015-02-25,-1.084248584764553,1.254675168926308,-0.1959061549135001,-0.6643996371885862,0.8158289994689738,1.484893993352331,-0.3689270064757202,1.3465946379571725,1.1400563019893055,1.3036557822638213,1.2296926501022896,-1.3386995878348875,-1.1987115360533993,0.997716069045316,1.4239140450419532,-0.0434583965795461,1.0378370441513174,1.6391855647930893,0.6003303707843697,1.1470430048539593,0,49.95551909641112,0,0.8351981351981352,1,High,1.0402117758137495,Night,2.4182926926137247,2.423826120292512,-1.4205766235684087
-0.5210871805028654,-0.4321500642325706,938634,1993-08-30,-1.2208859638003056,-1.182668426364362,-1.0399656435679565,0.7009102961955478,-0.4794758203104481,-0.7854866108566887,1.0769527444706637,-0.4960148012349781,0.8255147307734235,1.1375151784459865,1.5379470303865548,-0.9019267788874382,0.9538505081700628,2015-01-30,-1.084248584764553,1.254675168926308,-1.2606135185738274,1.065807751323357,1.279895552067935,1.484893993352331,0.6356629642093395,-1.244117577009598,1.1400563019893055,-1.1607218779702453,-1.2101737191482849,-1.3386995878348875,-1.1987115360533993,1.3315757825331018,2.079851922981061,0.2883325779266993,1.2502670337152653,0.3932251172458947,0.690173287693135,-1.680234229090871,0,1.8997778888151982,1,-0.08227328227328223,1,High,0.9389372435112917,Evening,3.6184515346230257,2.717418613847808,-2.286875752089924
-0.973042569403506,-0.7605315720080802,482495,1998-01-29,-1.2208859638003056,1.3045417237184185,-1.0399656435679565,1.3768094551882013,-0.4794758203104481,-0.3752209048461752,1.0769527444706637,1.0444038361407302,1.5645610430146262,0.2618298986569282,-1.437956666181856,1.212348308629929,-0.0821038313854605,2015-02-06,0.7660049728541383,0.3141390602858972,0.8688012087468271,-1.5295033314445576,1.279895552067935,-0.9621956463186168,-0.0917987387005313,1.4905230943442151,-0.8238649762007128,-1.1607218779702453,1.2296926501022896,1.3621065745757797,1.2703132549937672,0.0241796286933048,-0.4291104601360275,-0.4270917108523924,0.2538061599751504,1.1408013857742114,1.4987595398720228,-1.5139238035647045,0,0.017562060632376298,0,0.6244755244755245,1,Medium,10.496259762072478,Night,-0.6023960110132696,-24.91233865974968,0.6265756397065744
-0.2690351366928928,-0.3226895616407341,796005,2007-08-18,1.1871731363975355,0.0609366486770281,-0.2223825904484937,0.0746740520679507,-0.4794758203104481,-0.836054698693642,1.0769527444706637,-1.0094876803602142,0.8255147307734235,-1.489540660921188,0.9427662910728726,0.9287698164162242,0.9538505081700628,2015-02-08,0.7660049728541383,0.3141390602858972,0.8688012087468271,-0.6643996371885862,0.3517624468700125,1.484893993352331,1.6783580717134876,1.4905230943442151,-0.8238649762007128,1.3036557822638213,1.2296926501022896,1.3621065745757797,0.0358008594701839,-0.0277372620533769,0.4154095577105743,0.4272700485011897,-0.2552841641419417,-1.6003115988296166,0.3308016200580737,-1.680234229090871,0,-0.37143947389735094,0,0.7205128205128205,1,Medium,9.203985874183822,Night,0.5873954420698224,-21.17788766703359,-0.6151327041231993
2.016816157169962,2.304362500563342,910604,1992-04-14,-0.0168564137013849,0.0609366486770281,-1.0399656435679565,0.4339516407946905,-0.4794758203104481,-0.7619886362657866,1.0769527444706637,-0.4960148012349781,1.5645610430146262,0.6121040105725515,1.5379470303865548,1.52464361018173,-1.3708167898703387,2015-01-13,0.7660049728541383,-0.6263970483545135,-0.1959061549135001,-1.5295033314445576,0.8158289994689738,-1.4516135742528065,0.8608296817766805,0.6269523560219584,-0.8238649762007128,0.071466952146788,-1.2101737191482849,0.461837853772224,0.0358008594701839,1.1102658248976116,1.5346035619441776,0.0125313303683828,1.1522631731932444,-1.1019274198107387,-1.5558996350259977,-0.017129973829206,0,2.5584953760493305,1,-0.14427794427794421,1,High,1.0378254554255513,Night,2.6993980655058047,2.4313057050540463,-1.5891322406081931
-0.4254812328508068,-0.4321500642325706,327488,1993-08-09,1.1871731363975355,0.0609366486770281,-0.2223825904484937,-1.3810394079122257,-0.4794758203104481,-0.5815537731808962,-0.928545848584576,-1.5229605594854505,-1.1452754352031171,-1.3144036049633765,-0.8427759268681739,2.0989797969436634,0.9538505081700628,2015-01-18,0.7660049728541383,-0.6263970483545135,-0.1959061549135001,-1.5295033314445576,-1.040437210926871,0.5060581374839519,-0.8781501985126298,-1.6759029461707264,-0.8238649762007128,-1.1607218779702453,-1.2101737191482849,1.3621065745757797,-1.1987115360533993,-0.1668138963893785,0.1284367361122144,0.1369529458082248,-0.3013724661171623,1.6391855647930893,0.6003303707843697,-1.347613378038538,0,0.1207887452178525,0,-0.3041847041847041,1,Low,1.8066496814112727,Evening,-0.03598278419672307,0.21570744813836953,-0.13083111219265542
-1.0947228664152169,-0.8699920745999167,715202,1991-04-02,1.1871731363975355,0.0609366486770281,-0.2223825904484937,0.4950878363216406,-0.4794758203104481,-0.8436036323359687,-0.928545848584576,1.0444038361407302,-1.3916242059501849,-1.139266549005565,0.9427662910728726,1.7041236685448342,0.9538505081700628,2015-03-01,-1.084248584764553,1.254675168926308,-0.1959061549135001,0.2007040570673854,-1.040437210926871,-0.4727777183844272,1.449727250798957,-1.5319744897836836,1.1400563019893055,-1.1607218779702453,1.2296926501022896,-0.4384308670313317,-1.1987115360533993,-0.0178844214737146,-0.3327695843137209,0.8751878640846211,-0.1625778095940841,1.6391855647930893,0.6003303707843697,-1.347613378038538,0,-0.036123661374775504,0,0.6354312354312355,1,Medium,9.090979029546675,Evening,0.3798404701768162,-21.239809772146405,-0.3977248916505308
2.051581956316165,1.975980992787833,648852,2007-03-15,-1.2208859638003056,-1.182668426364362,-0.2223825904484937,-1.0688842219039787,1.6979802210630677,1.4474628439436117,1.0769527444706637,-1.0094876803602142,-1.1452754352031171,-0.7889924370899414,1.5379470303865548,0.9467178222525346,-0.9008993574946372,2015-02-02,-1.084248584764553,0.3141390602858972,-1.2606135185738274,1.065807751323357,0.3517624468700125,-1.4516135742528065,0.3377500763510114,1.0587377251830867,1.1400563019893055,1.3036557822638213,-1.2101737191482849,1.3621065745757797,-1.1987115360533993,0.5850336309202323,1.01805248306713,1.0369359641564158,0.2898292005994608,1.1408013857742114,1.4987595398720228,0.3154908772231269,1,-0.5473316625534869,0,-0.20301920301920295,1,High,0.4954052038655779,Night,2.3448176478230067,4.007998029338395,-1.7597840169027745
0.521886793883228,0.4435339565021215,516959,2010-05-01,-1.2208859638003056,-1.182668426364362,-1.0399656435679565,1.0314227312628246,2.1334714293377703,-0.9480049659993476,1.0769527444706637,1.557876715265966,-0.1598803522148468,-1.489540660921188,1.5379470303865548,-0.9019267788874382,0.9538505081700628,2015-01-20,-1.084248584764553,0.3141390602858972,-1.2606135185738274,0.2007040570673854,-1.040437210926871,-0.9621956463186168,-0.2788603194487838,-1.6759029461707264,1.1400563019893055,-1.1607218779702453,1.2296926501022896,-0.4384308670313317,0.0358008594701839,0.3027118527722181,1.2435311286086983,-0.1347009145687636,0.1362015273487254,1.1408013857742114,1.4987595398720228,1.6459742814324587,1,0.2934893231529515,0,0.8146853146853147,1,Medium,0.449936387244227,Evening,1.24503174138866,4.112913376444928,-0.9423198886164419
-1.199020263853826,-0.9794525771917532,984456,2003-06-24,-0.0168564137013849,1.3045417237184185,-1.0399656435679565,-3.162266230671281,-0.4794758203104481,1.494361117459064,-0.928545848584576,-1.0094876803602142,-1.6379729766972524,-0.7889924370899414,1.5379470303865548,-0.1445209325951386,-1.210617665196804,2015-01-24,-1.084248584764553,-0.6263970483545135,-1.2606135185738274,-0.6643996371885862,0.3517624468700125,-1.4516135742528065,-1.318091323605742,-1.388046033396641,1.1400563019893055,-1.1607218779702453,-1.2101737191482849,0.461837853772224,1.2703132549937672,0.4849894034959695,0.9196618013762636,0.9373986718045422,0.2008311002335175,-0.354351151282422,0.7800162046019002,1.6459742814324587,1,-0.153367718429177,0,-0.21420801420801416,1,Medium,0.4140929362434004,Evening,2.0578915734143233,4.2431593668253385,-1.5729021699183539
1.4084146721114077,1.209757474644977,801331,1990-07-08,-0.0168564137013849,1.3045417237184185,-0.2223825904484937,1.2497838478600882,-0.4794758203104481,-0.5364834299928831,-0.928545848584576,-0.4960148012349781,0.5791659600263559,-1.489540660921188,-1.437956666181856,-0.1409313314278766,0.9538505081700628,2015-01-04,-1.084248584764553,0.3141390602858972,-0.1959061549135001,1.065807751323357,-1.040437210926871,-1.4516135742528065,1.61946831481126,-0.9562606642355124,1.1400563019893055,1.3036557822638213,0.0097594654770023,1.3621065745757797,0.0358008594701839,0.6642353109644402,1.095945106072399,1.115736320601649,0.3602860300558326,1.3899934752836502,-1.1066850504821713,1.1470430048539593,0,0.5314797279721866,0,0.3018703518703519,1,High,0.5424064058357695,Evening,2.5719674567298805,3.8720669350272394,-1.9077321457654404
-0.1386633898946312,-0.2132290590488975,786103,1994-09-24,1.1871731363975355,-1.182668426364362,-1.0399656435679565,0.8228139032281725,-0.4794758203104481,-0.4106492643986102,-0.928545848584576,0.0174580778902579,-1.6379729766972524,-1.3144036049633765,0.3475855517591904,0.7600585615549064,0.9538505081700628,2015-01-17,0.7660049728541383,0.3141390602858972,0.8688012087468271,-1.5295033314445576,0.3517624468700125,-0.9621956463186168,-0.1957218391162271,-0.8123322078484696,-0.8238649762007128,-1.1607218779702453,1.2296926501022896,-1.3386995878348875,1.2703132549937672,-0.2941429131111674,-0.4988038596670577,-0.4975972929349696,-0.1551613012302555,-0.8527353303012999,-0.3879417152120487,-0.349750824881539,0,-0.3574836964633824,0,0.6165501165501166,0,Low,0.5275049026135019,Evening,-1.1515624538322828,3.9149893384866354,0.8574195407211154
0.1742288024211968,0.0056919461347754,684193,2012-06-20,-1.2208859638003056,1.3045417237184185,-0.2223825904484937,-0.5232477744261869,-0.4794758203104481,1.3979133737700409,-0.928545848584576,0.0174580778902579,1.5645610430146262,-0.088444213258695,-0.2475951875544917,-0.9019267788874382,-0.7229003300795989,2015-02-04,-1.084248584764553,0.3141390602858972,0.8688012087468271,-0.6643996371885862,0.8158289994689738,0.9954760654181416,1.2280246365788057,1.3465946379571725,1.1400563019893055,1.3036557822638213,1.2296926501022896,-0.4384308670313317,-1.1987115360533993,0.3425021704977771,1.009853259592891,-0.2529014492366135,0.2824126922356322,-0.8527353303012999,-0.0285700475769874,0.3154908772231269,0,-0.6545710116863664,0,0.788111888111888,1,Medium,0.8245549722216808,Night,1.0393645025919098,3.0346127922884603,-0.6968623320941327
0.4262808462311694,0.771915464277631,247505,2006-04-19,-1.2208859638003056,-1.182668426364362,-1.0399656435679565,0.4171105038231249,-0.4794758203104481,-0.3290063609951848,-0.928545848584576,0.530930957015494,-0.4062291229619144,-0.9641294930477532,-1.437956666181856,0.9969722385942038,0.9538505081700628,2015-02-14,-1.084248584764553,-0.6263970483545135,-1.2606135185738274,-1.5295033314445576,-1.040437210926871,-0.9621956463186168,-0.7084091345003266,-0.0926899259132555,1.1400563019893055,1.3036557822638213,-1.2101737191482849,-1.3386995878348875,0.0358008594701839,0.447472818211871,-0.3204707491023627,0.9000721871725895,0.4784204132796739,1.1408013857742114,1.4987595398720228,-0.6823716759338719,0,1.0727894438548518,0,-0.3552336552336552,1,Medium,1.069158448624921,Evening,1.0580218513499007,2.3644329752695072,-0.6105490331380297
2.103730655035469,2.4138230031551786,259792,1999-04-07,-1.2208859638003056,-1.182668426364362,-0.2223825904484937,-0.0967695418226385,-0.4794758203104481,-0.8267196957237409,-0.928545848584576,-0.4960148012349781,-1.6379729766972524,-0.4387183251743182,0.9427662910728726,0.8892842035763413,-1.256897412324714,2015-01-07,0.7660049728541383,0.3141390602858972,-0.1959061549135001,0.2007040570673854,0.8158289994689738,1.484893993352331,-0.0502294985342529,-1.244117577009598,-0.8238649762007128,1.3036557822638213,1.2296926501022896,-1.3386995878348875,1.2703132549937672,0.6721933745095521,-0.0785936566123165,1.3894638745693015,0.6050308060621765,-0.8527353303012999,-0.3879417152120487,0.3154908772231269,0,-6.946403881352028,0,0.6643356643356644,1,High,0.9000831143575404,Evening,1.9159010240191616,2.8502187710467606,-1.2437076495096095
-0.3038009358390959,-0.2132290590488975,185124,2001-12-07,-1.2208859638003056,-1.182668426364362,-0.2223825904484937,-1.3121177719361328,-0.4794758203104481,-0.6479871799666949,1.0769527444706637,0.0174580778902579,-1.3916242059501849,-0.9641294930477532,-0.2475951875544917,1.6323316451995926,-0.7727400577558096,2015-02-02,-1.084248584764553,1.254675168926308,0.8688012087468271,1.065807751323357,0.3517624468700125,0.5060581374839519,0.5455962771824031,-1.1001891206225551,1.1400563019893055,-1.1607218779702453,1.2296926501022896,-0.4384308670313317,1.2703132549937672,0.1947095618028436,2.0368059997413077,-0.3337754992725109,-0.1689348167630801,-1.3511195093201778,-1.2863708842997017,-0.017129973829206,0,-0.14839347073929565,0,0.9048951048951049,0,Medium,-0.8676202009736738,Evening,1.5340956837057167,7.878851920005668,-1.339386121902873
0.443663745804271,0.771915464277631,760700,2006-11-25,-1.2208859638003056,0.0609366486770281,-1.0399656435679565,0.1882185546183374,-0.4794758203104481,-0.9723262069209284,-0.928545848584576,0.0174580778902579,1.5645610430146262,0.0866928426991166,0.3475855517591904,-0.9019267788874382,-0.918699260236141,2015-01-12,-1.084248584764553,-0.6263970483545135,-0.1959061549135001,-0.6643996371885862,1.279895552067935,0.5060581374839519,-0.6114142407790105,-1.388046033396641,1.1400563019893055,0.071466952146788,0.0097594654770023,-1.3386995878348875,0.0358008594701839,0.1931937401752032,-0.4455089070845052,0.6470815691115773,0.2199021217405053,-0.354351151282422,0.0612728693317778,0.9807325793277928,0,1.0264275705409684,0,0.1265789765789766,1,Medium,1.1382407281951978,Evening,0.4214747837675774,2.1816058935422005,-0.22828104359237422
0.0438570556229351,0.0056919461347754,362407,1996-12-06,-0.0168564137013849,-1.182668426364362,-1.0399656435679565,0.0351731857891435,-0.4794758203104481,1.576129603862085,1.0769527444706637,1.557876715265966,-0.4062291229619144,-0.6138553811321298,-1.437956666181856,1.5318228125162543,0.9538505081700628,2015-01-01,0.7660049728541383,1.254675168926308,-0.1959061549135001,-0.6643996371885862,0.8158289994689738,0.5060581374839519,-1.12063743281592,1.4905230943442151,-0.8238649762007128,-1.1607218779702453,0.0097594654770023,-0.4384308670313317,0.0358008594701839,-0.5669908060864294,0.1981301356432447,-0.6634927801880923,-0.674316886698258,0.1440330277364557,1.1393878722369617,-1.680234229090871,0,-16.11951473405337,0,0.1997724497724498,0,Low,1.1892927870302277,Night,-1.1396795312431056,2.0100529480584313,0.5726887251566762
0.0525485054094859,-0.2132290590488975,389525,2012-07-10,1.1871731363975355,1.3045417237184185,-1.0399656435679565,0.8660435857220946,-0.4794758203104481,1.3983040764354475,-0.928545848584576,0.530930957015494,-0.652577893708982,-1.3144036049633765,0.3475855517591904,0.4872488728429879,-0.2245030533174913,2015-02-22,0.7660049728541383,-0.6263970483545135,0.8688012087468271,-1.5295033314445576,-1.040437210926871,0.0166402095497623,-1.2280246365788057,-0.524475295074384,-0.8238649762007128,-1.1607218779702453,0.0097594654770023,1.3621065745757797,1.2703132549937672,0.39934548153429,-0.2261796791486158,-0.221796045376653,0.673368633128883,-0.603543240791861,-0.1184129644857528,-0.8486821014600384,0,0.46111422912634675,0,0.15152070152070157,1,Medium,1.6861764514408624,Evening,0.22539290860361416,0.5644043932418139,0.17395257293067584
-0.2603436869063421,-0.6510710694162436,179538,2014-04-07,-0.0168564137013849,0.0609366486770281,1.412783515790431,-0.5407855034379392,-0.4794758203104481,-0.3330529243154708,-0.928545848584576,-1.0094876803602142,0.3328171892792883,-0.7889924370899414,0.3475855517591904,-0.9019267788874382,0.9538505081700628,2015-01-16,-1.084248584764553,0.3141390602858972,0.8688012087468271,-1.5295033314445576,1.279895552067935,0.5060581374839519,-1.7164632085325762,0.3390954432478728,1.1400563019893055,1.3036557822638213,-1.2101737191482849,-0.4384308670313317,1.2703132549937672,-0.3244593456639743,0.2883215938598721,-0.6178715211934837,-0.3702400437812851,-1.1019274198107387,-1.5558996350259977,-1.680234229090871,0,0.5999790001401353,0,-0.2860028860028859,0,Low,1.1411019279643517,Night,-0.6997899711148967,2.1567944867709925,0.37533062545092244
-1.164254464707623,-1.1983735823754262,265437,2003-10-11,-1.2208859638003056,0.0609366486770281,-0.2223825904484937,0.2598036307480839,-0.4794758203104481,1.5680085698882693,1.0769527444706637,-0.4960148012349781,0.8255147307734235,0.2618298986569282,-1.437956666181856,1.5102852055126816,-1.160777937520593,2015-01-28,-1.084248584764553,1.254675168926308,-0.1959061549135001,1.065807751323357,1.279895552067935,-1.4516135742528065,1.2765220834394635,0.3390954432478728,2.1220169410843157,0.071466952146788,0.0097594654770023,-1.3386995878348875,1.2703132549937672,-0.7989115151154021,-0.8021751282138952,-0.8045039443532467,-0.7039829201535723,-0.603543240791861,-0.9269992166646406,0.1491804516969604,0,-3.075047249215724,0,0.08601953601953602,0,Low,0.8811786887695207,Night,-2.310661992720714,2.892266341477481,1.511750477605312
-0.9991169187631582,-0.7605315720080802,266247,2015-01-17,-0.0168564137013849,-1.182668426364362,1.412783515790431,0.9265651412135858,-0.4794758203104481,1.6624888465836365,-0.928545848584576,0.530930957015494,-0.652577893708982,-1.139266549005565,-0.8427759268681739,0.8605673942382447,-0.6517007191135835,2015-01-23,-0.1591218059552074,-1.566933156994924,1.9335085724071543,1.065807751323357,1.279895552067935,0.5060581374839519,1.099852812732781,-0.9562606642355124,-0.8238649762007128,1.3036557822638213,0.0097594654770023,0.461837853772224,-1.1987115360533993,-1.995652690137454,-1.5216569880783546,-1.5302967010856587,-2.0055801380054925,-1.3511195093201778,-1.376213801208467,-0.5160612504077055,0,-2.1538156871603507,0,0.004201354201354192,0,Low,1.0049750404427311,Evening,-5.057533827169506,2.534276824038948,3.0618811370320516
2.208028052474079,2.4138230031551786,921851,1992-12-07,-0.0168564137013849,-1.182668426364362,-0.2223825904484937,0.2941005447266749,-0.4794758203104481,1.6253860470366004,-0.928545848584576,-0.4960148012349781,-1.1452754352031171,0.6121040105725515,-0.2475951875544917,1.000561839761466,0.9538505081700628,2015-02-25,0.7660049728541383,-0.6263970483545135,-0.1959061549135001,-0.6643996371885862,1.279895552067935,-0.9621956463186168,-0.9439681621092372,0.914809268796044,-0.8238649762007128,0.071466952146788,1.2296926501022896,-0.4384308670313317,0.0358008594701839,0.1355925183248701,-0.2405283202285338,-0.2363119005113013,0.3120787256909466,-0.354351151282422,0.7800162046019002,-0.349750824881539,0,0.46103980327911526,0,0.6459207459207459,1,Medium,2.301575543922634,Night,-0.16476149504888854,-1.2151133555966485,0.30035401337375867
0.3046005492194585,0.1151524487266119,488724,2004-11-29,-0.0168564137013849,-1.182668426364362,-1.0399656435679565,0.8504317288214461,-0.4794758203104481,-0.9857914952108456,-0.928545848584576,0.0174580778902579,-0.8989266644560496,-0.2635812692165066,0.3475855517591904,-0.9019267788874382,0.9538505081700628,2015-02-11,-1.084248584764553,0.3141390602858972,0.8688012087468271,1.065807751323357,-1.5045037635258325,1.484893993352331,-0.6010219307374409,1.2026661815701296,1.1400563019893055,-1.1607218779702453,-1.2101737191482849,-1.3386995878348875,1.2703132549937672,0.6433927635843856,-0.2241298732800561,-0.219722351785989,1.0134685166701662,0.3932251172458947,0.690173287693135,-0.349750824881539,0,0.756547510202268,0,-0.3442779442779442,1,High,1.5751917006843084,Night,0.5696162916041212,0.885330762969716,0.07377647198026438
-0.3733325341315022,-0.103768556457061,192524,2004-01-02,-1.2208859638003056,-1.182668426364362,1.412783515790431,-0.502186109211139,-0.4794758203104481,-0.8559805346293952,1.0769527444706637,1.557876715265966,1.3182122722675589,1.4877892903616097,-0.8427759268681739,1.2590131238043358,0.9538505081700628,2015-01-03,-1.084248584764553,-0.6263970483545135,0.8688012087468271,1.065807751323357,1.279895552067935,1.484893993352331,-1.5813631779921715,-1.6759029461707264,1.1400563019893055,1.3036557822638213,1.2296926501022896,0.461837853772224,1.2703132549937672,0.2924800567856458,-0.4906046361928188,1.6009806208170332,0.1266660165952315,-0.354351151282422,0.0612728693317778,-0.349750824881539,0,-0.582414833536363,0,0.6174825174825175,1,Medium,0.4330742578247137,Evening,1.237042001219446,4.229477337146154,-0.9445619444338003
2.103730655035469,2.4138230031551786,338070,2006-01-25,-0.0168564137013849,1.3045417237184185,-0.2223825904484937,-0.8977274600299374,-0.4794758203104481,-0.8703946722495863,-0.928545848584576,-0.4960148012349781,-0.652577893708982,-0.2635812692165066,1.5379470303865548,-0.9019267788874382,0.3949335620868423,2015-01-30,-1.084248584764553,0.3141390602858972,-0.1959061549135001,1.065807751323357,-1.5045037635258325,-0.4727777183844272,-0.2511474926712649,-1.5319744897836836,1.1400563019893055,-1.1607218779702453,1.2296926501022896,-0.4384308670313317,0.0358008594701839,1.0655490868822215,-0.1421376385376676,1.2608948719481314,1.2041787317400447,1.6391855647930893,1.4089166229632577,-0.017129973829206,0,-1.1869418295264322,0,0.6571095571095571,1,High,1.1301005429631639,Evening,2.3229359651505086,2.1800345133914574,-1.257386878268287
2.364474148631993,2.4138230031551786,865607,1993-04-18,-0.0168564137013849,0.0609366486770281,-0.2223825904484937,1.2554795121886708,-0.4794758203104481,-0.5890887531566011,-0.928545848584576,1.0444038361407302,0.5791659600263559,1.312652234403798,-0.8427759268681739,0.6344225207007334,-1.474056225771061,2015-01-18,0.7660049728541383,-0.6263970483545135,0.8688012087468271,-0.6643996371885862,1.279895552067935,-0.4727777183844272,0.8192604416104021,-0.2366183823002983,-0.8238649762007128,-1.1607218779702453,0.0097594654770023,0.461837853772224,1.2703132549937672,-0.1277814894776396,0.3170188760197081,-0.6033556660588354,-0.1064242462679532,-0.8527353303012999,0.1511157862405431,0.6481117282754599,0,-0.10177895095709528,0,0.21329226329226333,0,Medium,0.8328677304572109,Evening,-0.39276103630708054,3.07371679285835,0.2649795468294409
-1.164254464707623,-1.0889130797835898,963285,2006-12-09,-0.0168564137013849,-1.182668426364362,-0.2223825904484937,0.694067303800775,-0.4794758203104481,1.4362859569796491,-0.928545848584576,0.530930957015494,-1.3916242059501849,0.0866928426991166,-0.2475951875544917,1.3379843494841015,-0.9080193185912389,2015-01-04,0.7660049728541383,-0.6263970483545135,-0.1959061549135001,-1.5295033314445576,-1.5045037635258325,0.9954760654181416,-1.1864553964125275,0.0512385304737872,-0.8238649762007128,0.071466952146788,-1.2101737191482849,1.3621065745757797,-1.1987115360533993,0.6289924581218023,0.8458687901081141,0.8627457025406369,0.4402783702656982,0.3932251172458947,0.9597020384194308,0.6481117282754599,0,0.9062399978177766,0,-0.22259962259962252,1,High,0.699972892532755,Night,2.1488928629144493,3.416399384074872,-1.519900404792647
0.2524518505001538,0.2246129513184485,728491,1997-08-30,1.1871731363975355,1.3045417237184185,1.412783515790431,1.469947908561363,-0.4794758203104481,1.4710445405342438,-0.928545848584576,-1.5229605594854505,-0.652577893708982,0.4369669546147398,-0.2475951875544917,1.5066956043454196,0.9538505081700628,2015-01-20,1.6911317516634838,-1.566933156994924,-0.1959061549135001,1.065807751323357,-1.040437210926871,1.484893993352331,-0.4693860035442261,-0.8123322078484696,-0.8238649762007128,0.071466952146788,-1.2101737191482849,-0.4384308670313317,-1.1987115360533993,-1.8577129220221824,-1.3843199948848537,-1.3934329241018324,-1.8832077500023208,0.1440330277364557,0.5104874538756043,0.9807325793277928,0,-1.2637942116235343,0,-0.47621267621267616,0,Low,1.013724317359381,Evening,-4.6609606689890075,2.508979252238094,2.803247746966825
-0.7122990758069826,-0.6510710694162436,553436,1991-06-03,-1.2208859638003056,0.0609366486770281,-1.0399656435679565,-0.0815674449456287,-0.4794758203104481,1.6521910406168396,1.0769527444706637,1.557876715265966,1.0718635015204911,0.6121040105725515,-1.437956666181856,-0.9019267788874382,-0.7798600188524111,2015-02-12,-0.1591218059552074,-1.566933156994924,1.9335085724071543,1.065807751323357,-1.040437210926871,-0.4727777183844272,1.016714332400224,-1.5319744897836836,-0.8238649762007128,0.071466952146788,-1.2101737191482849,-0.4384308670313317,0.0358008594701839,-1.8076908083100516,-1.4294157239931675,-1.3436642779258956,-1.814340172338198,1.6391855647930893,1.4089166229632577,-0.349750824881539,0,22.162187030647694,0,-0.4813408813408813,0,Low,1.0036789298681523,Evening,-4.587420174257261,2.5377253072781802,2.779729365947209
1.1389797287283332,0.990836469461304,440616,1995-09-06,-1.2208859638003056,1.3045417237184185,1.412783515790431,-0.977016024604098,-0.4794758203104481,-0.830849981043757,-0.928545848584576,0.530930957015494,0.8255147307734235,0.9623781224881748,1.5379470303865548,1.2482443203025495,-0.2850227226386043,2015-02-19,-1.084248584764553,-0.6263970483545135,0.8688012087468271,1.065807751323357,1.279895552067935,-0.9621956463186168,1.1414220528990593,1.3465946379571725,1.1400563019893055,0.071466952146788,-1.2101737191482849,-1.3386995878348875,1.2703132549937672,-0.6405081550269861,-0.8554700807964478,-0.1823958671540364,-0.627698834125621,-0.1051590617729831,1.588602456780788,-0.017129973829206,1,0.6555765662728986,0,-0.41607281607281604,0,Low,0.9800028449318019,Night,-1.665564782076105,2.6003843501263164,1.025056627049119
0.4610466453773725,0.1151524487266119,463237,2000-02-09,-0.0168564137013849,-1.182668426364362,1.412783515790431,0.2032157714835279,-0.4794758203104481,1.5232731146991765,1.0769527444706637,-1.5229605594854505,0.8255147307734235,1.1375151784459865,-1.437956666181856,0.7528793592203822,-0.7157803689829972,2015-02-21,-1.084248584764553,-0.6263970483545135,-1.2606135185738274,-1.5295033314445576,-1.040437210926871,-0.9621956463186168,1.688750381755057,-1.244117577009598,1.1400563019893055,1.3036557822638213,1.2296926501022896,-0.4384308670313317,-1.1987115360533993,-0.1027704326215739,0.0546437248440648,-0.7360720558613336,0.0302514078654596,0.6424172067553336,-0.2980987983032834,0.4818013027492934,1,-0.5057182626774687,0,0.6794871794871795,1,Medium,-0.2943619235191639,Evening,-0.6511769231518092,6.3362899506278945,0.5484064905302353
-1.0338827179093617,-1.3078340849672627,753452,1996-07-23,-1.2208859638003056,1.3045417237184185,1.412783515790431,-0.3370937956869551,-0.4794758203104481,1.4121321600575285,1.0769527444706637,-1.0094876803602142,1.3182122722675589,1.312652234403798,0.9427662910728726,0.9072322094126516,-1.2355375290349095,2015-02-02,-1.084248584764553,0.3141390602858972,-0.1959061549135001,-0.6643996371885862,-1.040437210926871,0.0166402095497623,-1.6991426917966268,0.3390954432478728,2.1220169410843157,1.3036557822638213,-1.2101737191482849,-1.3386995878348875,0.0358008594701839,0.2390473444113236,0.6777847088862176,-0.4208706300804004,0.2665201743131423,-0.603543240791861,-0.9269992166646406,1.1470430048539593,0,-0.7091440323551664,0,-0.24171384171384164,1,Medium,1.1149216488801474,Night,0.5234342531189595,2.189658558012438,-0.28438690870763594
-0.616693128154924,-0.9794525771917532,920554,2005-09-21,-0.0168564137013849,1.3045417237184185,-0.2223825904484937,-0.104063270243414,-0.4794758203104481,-0.5812049315153542,1.0769527444706637,-1.0094876803602142,-1.6379729766972524,0.4369669546147398,-1.437956666181856,-0.9019267788874382,-0.1746633256412805,2015-02-01,-1.084248584764553,-0.6263970483545135,-0.1959061549135001,-0.6643996371885862,0.3517624468700125,0.9954760654181416,1.3908374938967292,1.0587377251830867,1.1400563019893055,0.071466952146788,0.0097594654770023,0.461837853772224,-1.1987115360533993,-0.92169306695427,-0.8759681394820449,-0.879156913617152,-0.8374800707024872,0.3932251172458947,0.690173287693135,0.3154908772231269,0,8.857130108715873,0,0.07762792762792764,0,Low,0.9086332634606901,Night,-2.5926051238016843,2.8128755977784903,1.6709120568474143
-0.738373425166635,-0.5416105668244071,594783,2011-12-30,-1.2208859638003056,0.0609366486770281,-1.0399656435679565,0.1752701378713433,-0.4794758203104481,-0.5294507820155585,-0.928545848584576,-1.0094876803602142,-0.652577893708982,-1.3144036049633765,1.5379470303865548,1.1477354876192114,0.9538505081700628,2015-01-08,0.7660049728541383,-0.6263970483545135,-1.2606135185738274,-0.6643996371885862,-0.5763706583279098,1.484893993352331,0.62527065416777,-0.6684037514614268,-0.8238649762007128,1.3036557822638213,1.2296926501022896,-0.4384308670313317,1.2703132549937672,-0.2736793211380228,0.1735324652205281,0.1825742048028336,-0.4740711608748855,0.8916092962647725,-0.8371562997558752,-1.1813029525123715,1,-1.561462568577123,0,0.693006993006993,1,Low,1.732220363321359,Evening,-0.11796449085152377,0.4310333765604742,-0.15571483028649902
-0.3038009358390959,-0.5416105668244071,725330,1996-07-21,-0.0168564137013849,-1.182668426364362,-1.0399656435679565,0.8741978101925122,-0.4794758203104481,-0.6011586747843507,-0.928545848584576,0.0174580778902579,-0.8989266644560496,-0.4387183251743182,-0.8427759268681739,-0.9019267788874382,-1.0966982876511795,2015-01-16,0.7660049728541383,0.3141390602858972,-0.1959061549135001,-0.6643996371885862,0.8158289994689738,-1.4516135742528065,-0.5317398637936437,-1.6759029461707264,-0.8238649762007128,-1.1607218779702453,-1.2101737191482849,-1.3386995878348875,1.2703132549937672,-0.5328848194645217,0.0628429483183036,-0.7319246686800055,-0.5741940237865717,-0.354351151282422,0.7800162046019002,1.1470430048539593,0,-0.6095693716938052,0,-0.3116439116439116,0,Low,1.0775219716064213,Evening,-1.2432757441482736,2.333108453917033,0.7103909246837519
0.1829202522077476,0.0056919461347754,607259,1996-04-08,1.1871731363975355,0.0609366486770281,-1.0399656435679565,0.5503644635105519,-0.4794758203104481,-0.7292951953712,1.0769527444706637,1.0444038361407302,-0.652577893708982,-0.7889924370899414,-0.2475951875544917,2.109748600445449,-0.9008993574946372,2015-02-20,-0.1591218059552074,-1.566933156994924,1.9335085724071543,1.065807751323357,0.3517624468700125,0.5060581374839519,0.9093271286373386,-0.8123322078484696,-0.8238649762007128,1.3036557822638213,1.2296926501022896,-0.4384308670313317,1.2703132549937672,-1.7785112419779747,-1.306427371879585,-1.424538327961793,-1.7846741388828835,1.6391855647930893,0.8698591215106656,0.9807325793277928,0,-3.2315095330175567,0,0.5247086247086247,0,Low,1.0034657640756983,Evening,-4.515639838724262,2.5390013125267026,2.7371285967462873
-1.0425741676959122,-0.7605315720080802,979336,2001-03-04,-1.2208859638003056,1.3045417237184185,-1.0399656435679565,1.7934534472244117,2.568962637612473,1.4304951853316537,-0.928545848584576,-1.5229605594854505,1.5645610430146262,1.1375151784459865,-1.437956666181856,-0.9019267788874382,0.9538505081700628,2015-01-30,0.7660049728541383,0.3141390602858972,0.8688012087468271,0.2007040570673854,-1.040437210926871,0.0166402095497623,0.1195115654780502,-1.6759029461707264,-0.8238649762007128,1.3036557822638213,-1.2101737191482849,0.461837853772224,-1.1987115360533993,0.1696985049467779,-0.5459493946439311,0.443859597226502,0.2649309225208933,-0.1051590617729831,1.6784453736895533,-1.680234229090871,1,0.09462102882479503,0,-0.38087468087468085,1,Medium,1.5611767553711036,Evening,0.16284112510346416,0.9595851511442847,0.006857379843313749
-0.3038009358390959,0.0056919461347754,865201,2001-10-19,1.1871731363975355,-1.182668426364362,1.412783515790431,-0.4763712277218765,-0.4794758203104481,1.5030123907645032,1.0769527444706637,-0.4960148012349781,-1.3916242059501849,1.4877892903616097,-1.437956666181856,-0.9019267788874382,-0.3562223336046197,2015-01-19,-1.084248584764553,0.3141390602858972,0.8688012087468271,1.065807751323357,0.8158289994689738,0.9954760654181416,-1.671429865019108,-0.3805468386873412,1.1400563019893055,1.3036557822638213,-1.2101737191482849,1.3621065745757797,0.0358008594701839,-0.2486682642819571,-0.6627883291518347,0.207458527890802,-0.2293263848685416,-0.8527353303012999,0.1511157862405431,1.6459742814324587,0,0.5220063089818856,0,-0.3941613941613941,1,Low,0.9222218514798739,Evening,-0.6846561861295744,2.7533024425493386,0.43598792184761725
-0.694916176233881,-0.7605315720080802,140977,2006-08-18,-0.0168564137013849,-1.182668426364362,-0.2223825904484937,0.2225154685969284,-0.4794758203104481,-0.4373007676460111,-0.928545848584576,1.0444038361407302,0.3328171892792883,-1.139266549005565,1.5379470303865548,0.1498263631203521,0.9538505081700628,2015-02-25,0.7660049728541383,1.254675168926308,0.8688012087468271,-1.5295033314445576,-1.040437210926871,-0.9621956463186168,1.5190093177427542,1.634451550731258,-0.8238649762007128,1.3036557822638213,-1.2101737191482849,-0.4384308670313317,0.0358008594701839,0.1871304536646418,-0.3409688077879598,-0.337922886453839,0.4360403654863676,-0.603543240791861,-0.9269992166646406,-0.349750824881539,0,0.8409735011731394,0,-0.3575646575646575,1,Medium,2.3301286713018077,Night,-0.24285132875543125,-1.297757934326984,0.429981782420073
1.0086079819300715,0.990836469461304,787351,2013-04-28,-1.2208859638003056,0.0609366486770281,1.412783515790431,1.9426060958290348,2.568962637612473,-0.8075334041189366,1.0769527444706637,-1.0094876803602142,-0.4062291229619144,-1.3144036049633765,-0.8427759268681739,0.7600585615549064,-0.5306613804713574,2015-01-24,-1.084248584764553,-0.6263970483545135,-0.1959061549135001,-0.6643996371885862,1.279895552067935,0.5060581374839519,1.2072400164956665,0.19516698686083,1.1400563019893055,0.071466952146788,1.2296926501022896,-1.3386995878348875,0.0358008594701839,0.1287713210004886,-0.5643976474609685,0.4065331125945493,0.2220211241301707,-1.1019274198107387,-1.4660567181172324,-1.680234229090871,0,0.06628788769328244,0,0.6090909090909091,1,Medium,1.7241370071238233,Night,0.06415658926375142,0.49821723150822134,0.06461473173673718
0.8087046368394036,0.8813759668694676,272330,2009-11-29,-0.0168564137013849,0.0609366486770281,-1.0399656435679565,1.476135284918313,2.568962637612473,-0.6258427110380953,1.0769527444706637,0.530930957015494,-1.6379729766972524,-0.9641294930477532,0.9427662910728726,-0.9019267788874382,-1.164337918068894,2015-01-16,-1.084248584764553,1.254675168926308,0.8688012087468271,-0.6643996371885862,1.279895552067935,-0.9621956463186168,-0.9578245754979966,-1.6759029461707264,1.1400563019893055,-1.1607218779702453,-1.2101737191482849,1.3621065745757797,1.2703132549937672,-0.3168802375257726,-0.3860645368962735,-0.3835441454484477,-0.2452189027910314,1.1408013857742114,-0.2082558813945181,-1.014992526986205,0,-0.214668686599834,0,-0.36269286269286266,0,Low,0.7738560112228466,Evening,-1.0148275851357527,3.2025688810022275,0.69794734760998
1.8864444103717,1.866520490195996,728025,1990-02-15,-0.0168564137013849,-1.182668426364362,-1.0399656435679565,2.7840892803742374,1.2624890127883643,-0.4240308306887974,1.0769527444706637,1.0444038361407302,0.8255147307734235,-0.4387183251743182,0.3475855517591904,0.8749257989072929,-1.93329371650186,2015-01-12,0.7660049728541383,0.3141390602858972,-1.2606135185738274,-1.5295033314445576,-1.040437210926871,-0.4727777183844272,-1.595219591380931,-0.6684037514614268,-0.8238649762007128,-1.1607218779702453,1.2296926501022896,1.3621065745757797,-1.1987115360533993,1.5146112440706734,1.932265900444762,0.2136796086627941,1.5633496367883155,1.3899934752836502,-0.6574704659383447,-0.1834403993553725,1,0.5440237533773794,1,0.893006993006993,1,High,1.032178131999419,Evening,3.7092951458958714,2.4490064440036257,-2.194683901825198
-0.5906187787952717,-0.6510710694162436,804608,2002-04-12,1.1871731363975355,0.0609366486770281,-0.2223825904484937,-1.6442282710956029,-0.4794758203104481,-0.5948795248045966,-0.928545848584576,1.557876715265966,-0.1598803522148468,-0.7889924370899414,-0.8427759268681739,0.4585320635048913,0.9538505081700628,2015-01-04,0.7660049728541383,1.254675168926308,-0.1959061549135001,-0.6643996371885862,-1.5045037635258325,0.5060581374839519,0.3966398332532391,1.634451550731258,-0.8238649762007128,1.3036557822638213,-1.2101737191482849,-0.4384308670313317,1.2703132549937672,-0.8360491449925905,-0.8944163922990823,-0.2611962235992697,-0.870854358339716,-0.603543240791861,-0.7473133828471099,1.6459742814324587,0,0.5084754155886877,0,-0.42050172050172047,0,Low,1.0416318289270698,Night,-2.026466974238068,2.4238639680924448,1.1904178292454777
-1.3728492595848418,-1.6362155927427724,718829,1999-02-21,1.1871731363975355,0.0609366486770281,1.412783515790431,1.2787129055290063,1.2624890127883643,-0.6521174652867109,-0.928545848584576,-0.4960148012349781,-1.3916242059501849,0.2618298986569282,0.9427662910728726,0.7780065673912168,0.9538505081700628,2015-02-02,0.7660049728541383,1.254675168926308,-1.2606135185738274,-0.6643996371885862,-1.040437210926871,0.5060581374839519,-1.62293241815845,-0.6684037514614268,-0.8238649762007128,0.071466952146788,1.2296926501022896,-1.3386995878348875,-1.1987115360533993,0.1454453589045324,0.7966734492626809,-0.3607335159511433,0.0895834747760884,-0.603543240791861,-0.9269992166646406,-1.014992526986205,0,0.1137434716832624,0,0.7638694638694639,1,Medium,0.6159210546816707,Evening,0.525523408087626,3.613176789338311,-0.3800780491830936
-1.477146657023451,-1.6362155927427724,482404,2011-06-18,-0.0168564137013849,1.3045417237184185,1.412783515790431,1.2052019572881565,-0.4794758203104481,-0.9151161737720576,-0.928545848584576,0.530930957015494,-1.3916242059501849,1.312652234403798,0.3475855517591904,-0.9019267788874382,-0.0322641037092498,2015-02-01,-0.1591218059552074,-1.566933156994924,1.9335085724071543,1.065807751323357,0.8158289994689738,-0.4727777183844272,-0.6703039976812382,1.2026661815701296,-0.8238649762007128,1.3036557822638213,-1.2101737191482849,-0.4384308670313317,-1.1987115360533993,-1.8493759030701609,-1.3884196066219732,-1.3975803112831606,-1.869434234469496,-1.3511195093201778,-1.376213801208467,-1.1813029525123715,0,-1.534493333165616,0,-0.47667887667887665,0,Low,1.0108465467796899,Night,-4.65543415237463,2.5173014647522844,2.806058249304469
-0.9469682200438536,-0.9794525771917532,331170,1995-03-26,-1.2208859638003056,0.0609366486770281,1.412783515790431,0.4692319788300153,-0.4794758203104481,-0.8233847694011603,1.0769527444706637,-1.0094876803602142,-0.4062291229619144,0.0866928426991166,0.9427662910728726,0.8533881919037205,0.9538505081700628,2015-02-14,0.7660049728541383,0.3141390602858972,-0.1959061549135001,1.065807751323357,0.3517624468700125,-1.4516135742528065,-0.3793193165172898,1.4905230943442151,-0.8238649762007128,1.3036557822638213,-1.2101737191482849,1.3621065745757797,-1.1987115360533993,-0.6806774281594552,-0.8103743516881341,-0.0911533491648189,-0.7188159368812296,-1.6003115988296166,0.3308016200580737,-1.014992526986205,0,-1.4506171962948027,0,-0.41094461094461093,0,Low,1.0560317753692505,Night,-1.6203436377341824,2.3804903044983967,0.9396662095747272
-0.5558529796490685,-0.3226895616407341,753056,1991-05-03,-0.0168564137013849,0.0609366486770281,-1.0399656435679565,0.4391965690972705,-0.4794758203104481,-0.4592359315752856,-0.928545848584576,0.0174580778902579,-1.3916242059501849,-1.139266549005565,-0.8427759268681739,0.6487809253697817,0.9538505081700628,2015-02-08,-1.084248584764553,0.3141390602858972,-0.1959061549135001,0.2007040570673854,-1.040437210926871,0.9954760654181416,-1.6090760047696904,-0.2366183823002983,1.1400563019893055,-1.1607218779702453,1.2296926501022896,-1.3386995878348875,1.2703132549937672,1.0132532407286294,0.1058888715580576,0.1141423163109205,1.3599254073804454,0.1440330277364557,1.319073706054492,-0.8486821014600384,0,2.307055667023105,0,0.6853146853146853,1,High,1.3421364083337322,Evening,1.5799565952494234,1.55928939820008,-0.566703354520794
-0.0343659924560218,-0.5416105668244071,910365,2001-12-19,-0.0168564137013849,0.0609366486770281,-0.2223825904484937,-1.7537161494119635,0.8269978045136612,-0.4667848652176122,-0.928545848584576,-1.0094876803602142,1.5645610430146262,-1.489540660921188,-0.2475951875544917,-0.9019267788874382,0.9538505081700628,2015-01-22,0.7660049728541383,-0.6263970483545135,0.8688012087468271,1.065807751323357,-1.040437210926871,-1.4516135742528065,-0.6668398943340482,-0.2366183823002983,-0.8238649762007128,-1.1607218779702453,1.2296926501022896,0.461837853772224,0.0358008594701839,0.1227080344899272,-0.3758155075534749,-0.3731756774951276,0.3639942842377469,0.1440330277364557,0.5104874538756043,0.6481117282754599,0,-0.0699703338544303,0,0.6305361305361306,1,Medium,2.9663201715406378,Evening,-0.38499690081085564,-3.1374780382813525,0.5077049353007829
-0.7036076260204318,-1.0889130797835898,379268,2012-08-05,-0.0168564137013849,0.0609366486770281,-1.0399656435679565,-0.1916699632974476,-0.4794758203104481,-0.7538676022919713,-0.928545848584576,1.0444038361407302,0.8255147307734235,0.9623781224881748,-0.8427759268681739,1.4241347774983917,-0.6196608941788766,2015-01-14,0.7660049728541383,0.3141390602858972,-0.1959061549135001,-1.5295033314445576,-1.5045037635258325,-1.4516135742528065,1.0617476759136923,0.7708808124090012,-0.8238649762007128,1.3036557822638213,0.0097594654770023,-1.3386995878348875,1.2703132549937672,0.7767850668167359,1.8133771600682984,-1.5344440882669867,1.0092305118908356,-0.354351151282422,0.0612728693317778,1.4796638559062922,1,-4.052743091281071,0,0.3834554334554334,1,High,1.299238690038115,Night,1.2881635836921472,1.6583247804263959,-0.5113785168754114
0.5479611432428804,0.771915464277631,362843,2004-08-09,1.1871731363975355,0.0609366486770281,1.412783515790431,-0.5951196825724804,-0.4794758203104481,-0.4433985199596835,1.0769527444706637,0.530930957015494,-0.1598803522148468,-1.6646777168789997,0.9427662910728726,0.3544336296542909,0.9538505081700628,2015-02-03,-0.1591218059552074,-1.566933156994924,1.9335085724071543,1.065807751323357,1.279895552067935,-1.4516135742528065,-0.4451372801138971,-1.244117577009598,-0.8238649762007128,1.3036557822638213,1.2296926501022896,1.3621065745757797,1.2703132549937672,-1.8118593177860625,-1.33922426577654,-1.4411278766871052,-1.8185781771175284,-0.603543240791861,-0.9269992166646406,-1.680234229090871,0,3.0445344279128617,0,0.5209790209790209,0,Low,1.003708821636604,Evening,-4.598930319581173,2.5382394828756127,2.787071001795111
0.7478644883335482,0.334073453910285,135400,2014-01-20,-0.0168564137013849,1.3045417237184185,-1.0399656435679565,-1.0917488312230388,-0.4794758203104481,-0.5399439393150587,1.0769527444706637,1.0444038361407302,0.8255147307734235,-1.139266549005565,0.3475855517591904,0.2646936004727388,0.9538505081700628,2015-01-20,0.7660049728541383,0.3141390602858972,-0.1959061549135001,-1.5295033314445576,1.279895552067935,-0.4727777183844272,-1.0132502290530343,-0.2366183823002983,-0.8238649762007128,0.071466952146788,-1.2101737191482849,-0.4384308670313317,0.0358008594701839,-0.1804562910381416,-0.539799977038252,0.4563017587704862,-0.2293263848685416,-1.1019274198107387,-1.4660567181172324,1.3133534303801258,0,0.1652911834374647,0,-0.38017538017538016,1,Low,1.2708210634847523,Evening,-0.31282460313630744,1.7335296811562475,0.13236831209816585
-1.3815407093713925,-0.2132290590488975,798579,2011-12-19,-0.0168564137013849,0.0609366486770281,-0.2223825904484937,-0.582581025849125,-0.4794758203104481,-0.9583446329660092,1.0769527444706637,-1.0094876803602142,1.5645610430146262,1.312652234403798,1.5379470303865548,-0.9019267788874382,0.9538505081700628,2015-01-01,0.7660049728541383,1.254675168926308,-1.2606135185738274,-0.6643996371885862,0.3517624468700125,-1.4516135742528065,-0.2130423558521764,-1.5319744897836836,-0.8238649762007128,1.3036557822638213,-1.2101737191482849,-0.4384308670313317,1.2703132549937672,-0.0212950201359054,0.6162905328294263,-0.4519760339403609,-0.0735797092281408,1.6391855647930893,0.8698591215106656,-0.017129973829206,0,0.036552952712148645,0,-0.24870684870684867,0,Medium,3.455416532835559,Evening,0.09073478966092455,-4.261045546206186,-0.11202980979682994
-0.1560462894677327,-0.103768556457061,250833,2008-07-28,-0.0168564137013849,0.0609366486770281,1.412783515790431,0.3724876372488293,-0.4794758203104481,-0.903464862142958,-0.928545848584576,0.0174580778902579,-1.1452754352031171,1.312652234403798,0.9427662910728726,2.002060565427587,-3.0012878809920904,2015-02-02,-1.084248584764553,0.3141390602858972,-0.1959061549135001,-1.5295033314445576,-1.040437210926871,1.484893993352331,-0.649519377598099,-1.5319744897836836,1.1400563019893055,0.071466952146788,1.2296926501022896,1.3621065745757797,-1.1987115360533993,0.7972486587898805,0.9975544243815327,1.0161990282497757,0.5970845471009316,-1.3511195093201778,-1.376213801208467,-1.680234229090871,0,2.1403301445066734,0,0.7867132867132867,1,High,0.7489304517323054,Evening,2.61083799973224,3.2748060421815004,-1.8135893409423596
-0.5993102285818225,-0.5416105668244071,824116,1998-05-05,-1.2208859638003056,0.0609366486770281,1.412783515790431,1.7665731896736885,-0.4794758203104481,-0.4959201211236714,-0.928545848584576,0.0174580778902579,-1.1452754352031171,-1.6646777168789997,-0.2475951875544917,-0.9019267788874382,-1.5238959534472718,2015-01-23,0.7660049728541383,1.254675168926308,0.8688012087468271,-0.6643996371885862,-1.5045037635258325,0.0166402095497623,-1.4289426307158175,-0.6684037514614268,-0.8238649762007128,-1.1607218779702453,0.0097594654770023,0.461837853772224,0.0358008594701839,0.9639890378303184,1.682189584480477,0.087184299632288,0.8905663780695778,-1.3511195093201778,-1.376213801208467,0.6481117282754599,0,0.5456827363748482,0,0.36853701853701853,1,High,0.923833590722579,Evening,2.659940262182343,2.7593026460824754,-1.6959512243520247
-0.8165964732455919,-0.6510710694162436,322613,1995-04-16,-0.0168564137013849,0.0609366486770281,-0.2223825904484937,-0.2988222094790659,-0.4794758203104481,-0.8208312484093937,1.0769527444706637,-1.5229605594854505,1.0718635015204911,0.6121040105725515,-1.437956666181856,-0.9019267788874382,0.9538505081700628,2015-01-26,0.7660049728541383,0.3141390602858972,-1.2606135185738274,-1.5295033314445576,0.8158289994689738,0.0166402095497623,-1.61946831481126,1.0587377251830867,-0.8238649762007128,-1.1607218779702453,1.2296926501022896,1.3621065745757797,0.0358008594701839,0.0923916019371203,1.3050253046654898,0.3733540151439248,-0.3034914685068276,-1.1019274198107387,-1.5558996350259977,1.6459742814324587,1,-0.3091868950607164,0,0.8216783216783217,1,Medium,-3.284802702205259,Night,1.3748878513025868,14.880930101289875,-1.2824962493654666
0.4784295449504741,0.4435339565021215,871305,1992-02-14,-1.2208859638003056,1.3045417237184185,1.412783515790431,1.150294114120521,-0.4794758203104481,-0.4130353413909168,-0.928545848584576,1.557876715265966,0.5791659600263559,-1.139266549005565,0.3475855517591904,-0.9019267788874382,-1.121618151489285,2015-01-02,-1.084248584764553,1.254675168926308,0.8688012087468271,0.2007040570673854,-1.040437210926871,0.0166402095497623,-0.6079501374318206,-1.244117577009598,1.1400563019893055,0.071466952146788,-1.2101737191482849,0.461837853772224,1.2703132549937672,0.1628773076223963,-0.2241298732800561,-0.219722351785989,0.341744759146261,0.6424172067553336,-0.2980987983032834,1.1470430048539593,0,0.14159610488037855,0,-0.3442779442779442,1,Medium,2.098160056638936,Evening,-0.10210746591978409,-0.6268941973322909,0.2649847735421804
-0.7818306740993888,-0.9794525771917532,488037,2007-07-11,1.1871731363975355,0.0609366486770281,-0.2223825904484937,-0.3407406598973433,-0.4794758203104481,-0.813198592767337,-0.928545848584576,1.0444038361407302,-1.1452754352031171,1.312652234403798,-1.437956666181856,-0.9019267788874382,-0.2814627420903036,2015-02-25,1.6911317516634838,-1.566933156994924,-0.1959061549135001,1.065807751323357,1.279895552067935,-1.4516135742528065,-0.646055274250909,-1.244117577009598,-0.8238649762007128,0.071466952146788,-1.2101737191482849,1.3621065745757797,1.2703132549937672,-1.8220911137726343,-1.417116888781809,-1.426612021552457,-1.8164591747278631,0.1440330277364557,0.5104874538756043,1.3133534303801258,0,5.347458274512531,0,-0.4799422799422799,0,Low,0.9969096264766442,Evening,-4.66018808506213,2.5576057132614687,2.8380969712894952
1.738689764000337,1.866520490195996,485813,2010-04-07,-0.0168564137013849,0.0609366486770281,-0.2223825904484937,0.4292394005228417,1.2624890127883643,-0.8828552965427429,-0.928545848584576,1.0444038361407302,-0.4062291229619144,1.1375151784459865,-0.8427759268681739,-0.9019267788874382,-1.3138571010975264,2015-01-15,0.7660049728541383,-0.6263970483545135,-0.1959061549135001,-1.5295033314445576,0.8158289994689738,-0.4727777183844272,-1.37698108050797,1.634451550731258,-0.8238649762007128,0.071466952146788,1.2296926501022896,-1.3386995878348875,1.2703132549937672,0.0128109664860022,-0.4352598777417066,-0.4333127916243846,0.2410921456371585,-1.6003115988296166,0.3308016200580737,-0.017129973829206,1,0.029845667999558387,0,0.6237762237762238,1,Medium,18.81773152470898,Night,-0.6274805237289326,-48.97612902863043,0.6402914902149348
0.678332890041142,0.990836469461304,886473,1991-03-10,1.1871731363975355,1.3045417237184185,1.412783515790431,0.6808320550372328,2.568962637612473,-0.3838582244849926,-0.928545848584576,0.530930957015494,1.5645610430146262,0.0866928426991166,-1.437956666181856,0.0636759351060621,-1.0148187350402618,2015-02-09,1.6911317516634838,-1.566933156994924,-0.1959061549135001,1.065807751323357,1.279895552067935,1.484893993352331,-1.3665887704664,-0.6684037514614268,-0.8238649762007128,-1.1607218779702453,0.0097594654770023,0.461837853772224,0.0358008594701839,-1.8660499409742044,-1.3925192183590926,-1.4680858933657377,-1.8736722392488268,-1.6003115988296166,0.3308016200580737,1.3133534303801258,0,-2.7408333469827717,0,0.01888666888666888,0,Low,1.0040852617030733,Evening,-4.734277350973657,2.5370595845691173,2.8682274099994522
-1.277243311932783,-1.5267550901509357,907113,1996-01-20,-1.2208859638003056,1.3045417237184185,1.412783515790431,-0.4644472110339801,-0.4794758203104481,-0.4444450449563092,-0.928545848584576,1.0444038361407302,-0.652577893708982,1.312652234403798,0.3475855517591904,1.3631115576549364,-0.9720989684606526,2015-01-16,-1.084248584764553,-0.6263970483545135,0.8688012087468271,-1.5295033314445576,0.8158289994689738,0.9954760654181416,0.5940937240430612,-1.6759029461707264,1.1400563019893055,0.071466952146788,-1.2101737191482849,-0.4384308670313317,1.2703132549937672,0.7631426721679727,1.4649101624131473,1.4890011669211751,0.307840720911616,1.6391855647930893,0.6003303707843697,0.8144221538016264,0,-1.6431239054981528,0,-0.15220335220335213,1,High,0.4033850140394774,Evening,3.261752050245938,4.2740995820351975,-2.4986093780779655
0.0960057543422398,-0.103768556457061,833321,2010-03-01,-0.0168564137013849,0.0609366486770281,-1.0399656435679565,0.6117874910540492,-0.4794758203104481,-0.5000783137769308,-0.928545848584576,1.557876715265966,-0.1598803522148468,0.7872410665303631,0.9427662910728726,-0.9019267788874382,0.9538505081700628,2015-02-01,0.7660049728541383,0.3141390602858972,0.8688012087468271,1.065807751323357,0.3517624468700125,-1.4516135742528065,1.6991426917966268,-0.2366183823002983,-0.8238649762007128,-1.1607218779702453,-1.2101737191482849,-0.4384308670313317,0.0358008594701839,0.6797724826477538,-0.0744940448751971,1.3977586489319578,0.6124473144260052,-0.354351151282422,0.7800162046019002,0.4818013027492934,0,1.1111233581340754,0,-0.3272616272616272,1,High,0.9009579368122604,Evening,1.9357119184827658,2.84758374354802,-1.255939435835012
-0.5558529796490685,-0.9794525771917532,521592,2014-06-15,-1.2208859638003056,-1.182668426364362,-1.0399656435679565,0.4007201028775619,-0.4794758203104481,-0.8712597995801302,-0.928545848584576,-1.0094876803602142,-1.6379729766972524,0.6121040105725515,1.5379470303865548,2.7056223942109554,0.9538505081700628,2015-02-10,-1.084248584764553,1.254675168926308,-0.1959061549135001,0.2007040570673854,0.3517624468700125,-0.9621956463186168,-1.470511870882096,-1.1001891206225551,2.1220169410843157,-1.1607218779702453,-1.2101737191482849,-1.3386995878348875,-1.1987115360533993,0.2807324391714331,-0.4024629838447512,0.7341766999194668,0.3089002221064487,1.6391855647930893,0.8698591215106656,0.1491804516969604,0,0.7005681436677652,0,-0.36455766455766453,1,Medium,1.100332838931294,Evening,0.6406139381811642,2.281929577295443,-0.3598814990097311
0.4002064968715171,0.334073453910285,254837,2004-11-25,-0.0168564137013849,-1.182668426364362,-1.0399656435679565,-0.8228233277087147,-0.4794758203104481,-0.6035307981100356,1.0769527444706637,-0.4960148012349781,0.0864684185322207,-0.7889924370899414,-1.437956666181856,1.5928460323597096,-0.4950615749883497,2015-01-03,0.7660049728541383,0.3141390602858972,-1.2606135185738274,0.2007040570673854,0.3517624468700125,-0.9621956463186168,1.1033169160799707,0.6269523560219584,-0.8238649762007128,-1.1607218779702453,0.0097594654770023,-0.4384308670313317,-1.1987115360533993,0.835144199480889,1.2640291872942957,-0.1243324466154434,0.8725548577574227,0.6424172067553336,-0.2980987983032834,0.6481117282754599,1,-1.0149751305442654,0,0.320984570984571,1,High,1.0447941966256729,Night,2.0122515984362748,2.4094631684251473,-1.1771073989553857
0.7130986891873451,0.2246129513184485,634499,2000-08-26,-1.2208859638003056,0.0609366486770281,-0.2223825904484937,-1.0529855329867823,-0.4794758203104481,-0.3246667706758436,1.0769527444706637,-1.0094876803602142,1.5645610430146262,-0.7889924370899414,1.5379470303865548,0.0241903222661792,0.9538505081700628,2015-01-01,1.6911317516634838,-1.566933156994924,1.9335085724071543,1.065807751323357,1.279895552067935,0.0166402095497623,-1.3284836336473116,-1.244117577009598,-0.8238649762007128,1.3036557822638213,1.2296926501022896,-1.3386995878348875,-1.1987115360533993,-1.8440705273734197,-1.3556227127250178,-1.4494226510497614,-1.8572499707289205,0.1440330277364557,0.5104874538756043,0.6481117282754599,0,1.7512797857939357,0,0.5191142191142191,0,Low,1.007147476361303,Evening,-4.6622953345037,2.5282643985470488,2.81822480713028
1.3215001742458996,0.8813759668694676,574707,2005-08-23,-0.0168564137013849,0.0609366486770281,1.412783515790431,-0.4115471919821752,-0.4794758203104481,-0.9782983762350056,1.0769527444706637,-0.4960148012349781,1.5645610430146262,0.7872410665303631,-1.437956666181856,-0.9019267788874382,0.9538505081700628,2015-02-23,0.7660049728541383,1.254675168926308,-0.1959061549135001,0.2007040570673854,0.3517624468700125,-0.9621956463186168,-1.345804150383261,-0.9562606642355124,-0.8238649762007128,1.3036557822638213,-1.2101737191482849,1.3621065745757797,-1.1987115360533993,0.3307545528835645,-0.3778653134220346,0.7839453460954036,0.3597562794584162,0.3932251172458947,0.9597020384194308,0.6481117282754599,0,-0.8036875551940231,0,-0.3617604617604617,1,Medium,1.0876802409574688,Evening,0.7658363121317852,2.3154148296381942,-0.4350817592482207
-1.207711713640377,-1.0889130797835898,476839,1990-08-09,-1.2208859638003056,0.0609366486770281,-0.2223825904484937,1.9279366869827563,-0.4794758203104481,-0.6229543020474084,1.0769527444706637,-0.4960148012349781,1.0718635015204911,-1.489540660921188,0.3475855517591904,-0.9019267788874382,0.9538505081700628,2015-01-28,1.6911317516634838,-1.566933156994924,1.9335085724071543,1.065807751323357,0.8158289994689738,-0.4727777183844272,-0.6391270675565294,0.3390954432478728,-0.8238649762007128,-1.1607218779702453,-1.2101737191482849,-1.3386995878348875,-1.1987115360533993,-1.726594351231293,-1.376120771410615,-1.2358322112113658,-1.7422940910895772,-1.3511195093201778,-1.2863708842997017,-1.014992526986205,0,-0.8955654339292636,0,-0.4752802752802753,0,Low,1.0090934786972783,Night,-4.354247073711558,2.5218717948881215,2.627652722480265
-0.1473548396811819,-0.5416105668244071,149601,2003-03-28,-0.0168564137013849,1.3045417237184185,-1.0399656435679565,-0.0976710138746446,-0.4794758203104481,1.559622416248642,-0.928545848584576,1.557876715265966,0.8255147307734235,-0.6138553811321298,-0.8427759268681739,1.2338859156335014,0.9538505081700628,2015-02-22,-1.084248584764553,1.254675168926308,-0.1959061549135001,-0.6643996371885862,-1.040437210926871,-1.4516135742528065,-0.3135013529206824,-0.6684037514614268,1.1400563019893055,-1.1607218779702453,-1.2101737191482849,-1.3386995878348875,-1.1987115360533993,-0.2903533590420666,0.1571340182720504,-0.6842297160947327,-0.2717064326618479,1.6391855647930893,0.8698591215106656,0.9807325793277928,0,2.9727994040701486,0,-0.30092130092130087,0,Low,0.9357817293383269,Evening,-0.7988021304845302,2.751147375278596,0.5084487714424636
1.582243667842423,1.5381389824204867,630683,2007-10-23,1.1871731363975355,0.0609366486770281,-1.0399656435679565,-0.7283736422599073,-0.4794758203104481,1.597911277458521,1.0769527444706637,0.0174580778902579,-0.1598803522148468,0.7872410665303631,-0.8427759268681739,0.4190464506650084,0.9538505081700628,2015-01-03,0.7660049728541383,-0.6263970483545135,-0.1959061549135001,1.065807751323357,1.279895552067935,0.0166402095497623,-0.7257296512362759,0.6269523560219584,-0.8238649762007128,-1.1607218779702453,1.2296926501022896,1.3621065745757797,1.2703132549937672,0.526674498256079,0.960657918747458,-0.277785772324582,0.5589425040869559,0.8916092962647725,-0.8371562997558752,0.1491804516969604,0,-0.723083855294148,0,0.7825174825174825,1,High,1.0612654394170964,Night,1.241814650509832,2.3578363805069955,-0.7151401522537529
-0.0604403418156741,0.2246129513184485,500639,1996-06-27,1.1871731363975355,1.3045417237184185,-0.2223825904484937,0.2801687039229459,-0.4794758203104481,-0.3149968797070223,-0.928545848584576,1.557876715265966,1.5645610430146262,-1.489540660921188,-0.8427759268681739,-0.9019267788874382,-1.342336945483933,2015-01-10,0.7660049728541383,-0.6263970483545135,-1.2606135185738274,1.065807751323357,-1.5045037635258325,0.5060581374839519,1.297306703522603,-0.8123322078484696,-0.8238649762007128,0.071466952146788,1.2296926501022896,0.461837853772224,1.2703132549937672,0.8957770645865029,1.608396573212327,0.0498578150003354,0.8238178027951204,-0.354351151282422,0.0612728693317778,-1.347613378038538,1,3.1972659857357932,0,0.8561771561771562,1,High,0.9196673097542305,Evening,2.482072191007783,2.7708561854029368,-1.5862951264212801
-0.3298752851987483,-0.2132290590488975,352120,1994-12-11,-0.0168564137013849,0.0609366486770281,-1.0399656435679565,1.0741197257260164,-0.4794758203104481,-0.428440189341247,-0.928545848584576,0.530930957015494,-0.1598803522148468,-1.139266549005565,-0.8427759268681739,-0.9019267788874382,0.9538505081700628,2015-01-25,0.7660049728541383,0.3141390602858972,0.8688012087468271,-1.5295033314445576,-0.1123041057289486,0.9954760654181416,-0.9612886788451864,-0.2366183823002983,-0.8238649762007128,1.3036557822638213,0.0097594654770023,-0.4384308670313317,0.0358008594701839,0.209867778079247,0.6490874267263816,0.6636711178368896,-0.0439136757728264,0.6424172067553336,-0.477784632120814,-0.6823716759338719,0,0.1953856517733552,0,0.25105450105450106,1,Medium,-0.2092434909791321,Evening,1.2688448687904448,6.045896299597864,-1.0589770907111977
0.7739388376932006,1.1002969720531406,569245,1995-12-05,-1.2208859638003056,-1.182668426364362,1.412783515790431,-0.0710775883404686,-0.4794758203104481,-0.8630969046064498,-0.928545848584576,0.0174580778902579,-0.4062291229619144,-0.2635812692165066,-1.437956666181856,0.3508440284870288,0.9538505081700628,2015-01-10,0.7660049728541383,-0.6263970483545135,0.8688012087468271,1.065807751323357,0.3517624468700125,0.9954760654181416,-1.3631246671192103,1.0587377251830867,-0.8238649762007128,-1.1607218779702453,0.0097594654770023,-0.4384308670313317,-1.1987115360533993,0.1723511927951485,-0.4557579364273037,0.6263446332049369,0.1987120978438522,-0.354351151282422,0.7800162046019002,-0.5160612504077055,0,-2.4248658639826353,0,0.12541347541347544,1,Medium,1.1529420927068454,Night,0.3692987946214854,2.142698555976137,-0.19694760182633692
-0.2168864379735882,-0.7605315720080802,907012,1996-12-15,1.1871731363975355,1.3045417237184185,1.412783515790431,-0.0398538745391707,-0.4794758203104481,-0.8506641876465366,-0.928545848584576,1.557876715265966,1.3182122722675589,-0.9641294930477532,0.3475855517591904,-0.9019267788874382,0.9538505081700628,2015-01-28,0.7660049728541383,-0.6263970483545135,-0.1959061549135001,-0.6643996371885862,-1.040437210926871,-1.4516135742528065,-1.4393349407573872,-0.2366183823002983,-0.8238649762007128,-1.1607218779702453,-1.2101737191482849,-0.4384308670313317,-1.1987115360533993,0.0128109664860022,-0.3143213314966835,-0.3109648697752065,0.1785815751420317,-0.8527353303012999,-0.0285700475769874,0.1491804516969604,0,-0.3214565231275983,0,-0.3545343545343545,1,Medium,13.938654564632387,Evening,-0.44670462612985834,-34.866203140470944,0.45951559261586056
-1.1121057659883185,-1.6362155927427724,700074,2011-06-06,1.1871731363975355,0.0609366486770281,-0.2223825904484937,1.5008028383413852,-0.4794758203104481,1.382787599152144,-0.928545848584576,0.530930957015494,1.3182122722675589,-0.7889924370899414,-1.437956666181856,-0.9019267788874382,0.9538505081700628,2015-02-18,-1.084248584764553,1.254675168926308,0.8688012087468271,-1.5295033314445576,1.279895552067935,0.9954760654181416,0.1160474621308603,-0.8123322078484696,1.1400563019893055,0.071466952146788,0.0097594654770023,-0.4384308670313317,-1.1987115360533993,0.8313546454117883,1.538703173681297,0.0146050239590468,0.7607774817025773,-0.8527353303012999,-0.3879417152120487,-1.347613378038538,0,0.5539395783599279,0,0.3522200022200022,1,High,0.9151047279239295,Evening,2.314085679342921,2.7835087090756505,-1.4827310339311328
-0.8600537221783459,-1.1983735823754262,866805,1995-12-13,1.1871731363975355,0.0609366486770281,-1.0399656435679565,-0.7131715453828984,-0.4794758203104481,-0.683708566518185,-0.928545848584576,-1.5229605594854505,1.5645610430146262,1.662926346319421,0.3475855517591904,-0.9019267788874382,0.9538505081700628,2015-01-24,-1.084248584764553,0.3141390602858972,-1.2606135185738274,-0.6643996371885862,0.3517624468700125,0.9954760654181416,1.6160042114640705,0.0512385304737872,1.1400563019893055,0.071466952146788,1.2296926501022896,0.461837853772224,0.0358008594701839,0.2932379675994659,0.9565583070103386,-0.279859465915246,0.2342053878707462,-1.3511195093201778,-1.2863708842997017,-1.680234229090871,0,-0.411175096192493,0,0.7820512820512822,1,Medium,0.7986843965111982,Night,0.9109042289658388,3.106354644550651,-0.6176662613663728
-0.929585320470752,-1.4172945875590992,951863,1997-10-28,1.1871731363975355,0.0609366486770281,-0.2223825904484937,0.0579558431034758,-0.4794758203104481,-0.3165038757021632,1.0769527444706637,1.0444038361407302,-1.1452754352031171,0.9623781224881748,0.9427662910728726,-0.9019267788874382,-1.612895467154791,2015-01-20,-1.084248584764553,1.254675168926308,0.8688012087468271,0.2007040570673854,-1.5045037635258325,0.9954760654181416,0.6287347575149598,-0.2366183823002983,1.1400563019893055,1.3036557822638213,1.2296926501022896,1.3621065745757797,0.0358008594701839,1.2186470712738962,0.0587433365811842,1.6673388157182822,1.2624512974558408,1.1408013857742114,1.4987595398720228,0.1491804516969604,1,21.026802117191426,1,0.6799533799533799,1,High,1.0359441148059716,Evening,2.988533449755307,2.4523351082247125,-1.769886378481411
-0.4863213813566623,-0.3226895616407341,211578,1996-01-04,-1.2208859638003056,1.3045417237184185,-0.2223825904484937,-0.0823050129881793,1.6979802210630677,1.61464172373791,-0.928545848584576,0.530930957015494,-1.6379729766972524,-1.3144036049633765,0.3475855517591904,1.0759434642739696,0.9538505081700628,2015-01-10,0.7660049728541383,1.254675168926308,0.8688012087468271,1.065807751323357,-0.1123041057289486,0.5060581374839519,-1.0652117792608822,-1.6759029461707264,-0.8238649762007128,0.071466952146788,1.2296926501022896,-1.3386995878348875,0.0358008594701839,0.3140805149795207,-0.3860645368962735,0.7673557973700913,0.3428042603410937,0.3932251172458947,0.690173287693135,0.6481117282754599,0,-3.816102077849226,0,0.6293706293706294,1,Medium,1.0914499707613987,Evening,0.7240955208149115,2.305438194483127,-0.41001500583539074
-1.1034143162017676,-1.4172945875590992,357394,2008-05-09,-1.2208859638003056,0.0609366486770281,1.412783515790431,-1.928273919482209,-0.4794758203104481,1.6603818429237631,1.0769527444706637,0.0174580778902579,0.0864684185322207,-0.9641294930477532,-0.2475951875544917,0.8821050012418171,0.9538505081700628,2015-01-07,-1.084248584764553,0.3141390602858972,-1.2606135185738274,1.065807751323357,-1.040437210926871,-0.4727777183844272,1.3804451838551597,0.0512385304737872,1.1400563019893055,1.3036557822638213,1.2296926501022896,-1.3386995878348875,-1.1987115360533993,0.6183817067283198,1.0508493769640854,-0.2321645133299732,0.6521786092322298,-1.3511195093201778,-1.2863708842997017,0.6481117282754599,1,-0.3206920039588438,0,0.7927738927738928,1,High,1.0546520821753151,Night,1.4708634728663421,2.3785650162312044,-0.8524817661380223
0.7913217372663021,0.771915464277631,863749,2009-12-05,-0.0168564137013849,0.0609366486770281,-1.0399656435679565,0.0386561459900753,-0.4794758203104481,1.4585560089078438,-0.928545848584576,0.0174580778902579,1.5645610430146262,-0.7889924370899414,0.3475855517591904,0.9718450304233692,-0.6303408358237789,2015-01-16,1.6911317516634838,-1.566933156994924,-0.1959061549135001,1.065807751323357,0.8158289994689738,-1.4516135742528065,-1.7026067951438166,-0.2366183823002983,-0.8238649762007128,1.3036557822638213,0.0097594654770023,1.3621065745757797,1.2703132549937672,-1.8266385786555557,-1.367921547936376,-1.4556437318217534,-1.8281136878710225,1.6391855647930893,0.8698591215106656,0.3154908772231269,0,-47.252287562163026,0,0.02168387168387169,0,Low,1.000808101854859,Evening,-4.651678967629152,2.5465801327994617,2.825040388973597
-0.6775332766607794,-1.1983735823754262,596914,1992-01-05,-0.0168564137013849,0.0609366486770281,-1.0399656435679565,1.0346188594472103,-0.4794758203104481,-0.3962909414449058,-0.928545848584576,0.0174580778902579,0.8255147307734235,-0.2635812692165066,-0.2475951875544917,-0.9019267788874382,0.9538505081700628,2015-01-01,-1.084248584764553,0.3141390602858972,0.8688012087468271,1.065807751323357,1.279895552067935,0.0166402095497623,-0.2546115960184548,-1.244117577009598,2.1220169410843157,0.071466952146788,-1.2101737191482849,-0.4384308670313317,-1.1987115360533993,0.5698754146438288,0.7925738375255615,0.808829669183372,0.3851843081344,0.6424172067553336,-0.477784632120814,0.9807325793277928,0,0.5508065686544129,0,-0.22866022866022861,1,High,0.6759084921511256,Evening,1.9865878148433334,3.4859976019273318,-1.4167124001995046
-0.6253845779414747,-0.7605315720080802,684653,1997-11-15,1.1871731363975355,0.0609366486770281,1.412783515790431,-0.612862291596053,-0.4794758203104481,-0.5142273317313101,1.0769527444706637,1.557876715265966,1.0718635015204911,-0.4387183251743182,1.5379470303865548,0.6451913242025197,-0.181783286737882,2015-01-07,1.6911317516634838,-1.566933156994924,-0.1959061549135001,1.065807751323357,0.3517624468700125,0.9954760654181416,-0.5802373106543017,1.3465946379571725,-0.8238649762007128,1.3036557822638213,0.0097594654770023,-0.4384308670313317,1.2703132549937672,-1.7872272163369065,-1.2941285366682265,-1.418317247189801,-1.801626158000206,-0.8527353303012999,0.1511157862405431,-0.017129973829206,0,2.9162018238784406,0,0.030075480075480065,0,Low,1.0080571454982423,Night,-4.514071941858234,2.525741789481055,2.7268447255213273
1.4431804712576104,1.7570599876041595,528259,2012-12-22,-0.0168564137013849,1.3045417237184185,1.412783515790431,0.5438492791346909,2.568962637612473,-0.6280752976975634,1.0769527444706637,0.0174580778902579,1.0718635015204911,-1.489540660921188,1.5379470303865548,-0.9019267788874382,-0.9400591435259456,2015-02-17,1.6911317516634838,-1.566933156994924,-0.1959061549135001,1.065807751323357,-1.5045037635258325,0.5060581374839519,-0.4797783135857957,-0.8123322078484696,-0.8238649762007128,-1.1607218779702453,-1.2101737191482849,0.461837853772224,-1.1987115360533993,-1.6583823779874771,-1.33922426577654,-1.1611792419474607,-1.6755455158151198,1.3899934752836502,0.420644536966839,1.6459742814324587,0,-3.049336263329855,0,-0.47108447108447105,0,Low,1.0103499340112418,Evening,-4.175949023539121,2.518087262054781,2.5175666455516437
0.4610466453773725,0.4435339565021215,797636,1992-05-19,-0.0168564137013849,-1.182668426364362,-0.2223825904484937,-1.1537455227996307,-0.4794758203104481,-0.4497334846059243,-0.928545848584576,0.0174580778902579,-0.4062291229619144,-1.139266549005565,-0.2475951875544917,0.9682554292561072,0.9538505081700628,2015-02-26,0.7660049728541383,0.3141390602858972,0.8688012087468271,1.065807751323357,0.8158289994689738,0.0166402095497623,-1.515545214395564,-1.6759029461707264,-0.8238649762007128,0.071466952146788,-1.2101737191482849,-0.4384308670313317,1.2703132549937672,1.2338052875502996,2.8485291236909536,-0.0600479453048583,1.0039330059166722,1.6391855647930893,0.8698591215106656,0.1491804516969604,0,-1.069392108190812,1,0.005139305139305161,1,High,0.8136877045017847,Evening,3.7924141843027677,3.073751708489457,-2.5586088967524683
-1.6944329016872206,-1.6362155927427724,326180,2002-05-25,-1.2208859638003056,-1.182668426364362,1.412783515790431,0.1969054671194863,-0.4794758203104481,-0.3888257298023092,-0.928545848584576,1.557876715265966,0.8255147307734235,1.662926346319421,-0.2475951875544917,0.9538970245870588,-0.2316230144140928,2015-01-31,1.6911317516634838,-1.566933156994924,1.9335085724071543,1.065807751323357,-1.5045037635258325,-1.4516135742528065,0.4520654868082768,-0.8123322078484696,-0.8238649762007128,0.071466952146788,-1.2101737191482849,1.3621065745757797,1.2703132549937672,-1.7743427325019636,-1.4130172770446898,-1.310485180475271,-1.7804361341035528,-1.3511195093201778,-1.2863708842997017,-0.6823716759338719,1,-9.01109424417869,0,-0.47947607947607945,0,Low,1.0034347394811007,Evening,-4.5039385916235135,2.538371560067293,2.7295958591215497
-0.1647377392542835,-0.5416105668244071,620075,2010-04-21,1.1871731363975355,0.0609366486770281,-1.0399656435679565,0.0039084959854817,-0.4794758203104481,-0.3689836158662861,-0.928545848584576,1.557876715265966,-1.3916242059501849,-0.9641294930477532,-1.437956666181856,-0.9019267788874382,0.9538505081700628,2015-02-27,-1.084248584764553,1.254675168926308,-1.2606135185738274,-0.6643996371885862,0.3517624468700125,-1.4516135742528065,-0.2823244227959737,1.2026661815701296,1.1400563019893055,1.3036557822638213,0.0097594654770023,-0.4384308670313317,-1.1987115360533993,-0.0527483189094426,0.3908118872878577,-0.5660291814268827,-0.0301401602400018,-0.1051590617729831,0.2409587031493084,-0.8486821014600384,1,-13.492357865394592,0,0.22168387168387169,0,Medium,0.5714064878206774,Night,-0.20535745437902683,3.8932301892270136,0.15260913546958424
0.2611433002867046,0.4435339565021215,965187,1990-03-26,1.1871731363975355,0.0609366486770281,-1.0399656435679565,0.0025972639098369,-0.4794758203104481,-0.7384348470083978,1.0769527444706637,-1.5229605594854505,-1.1452754352031171,-0.4387183251743182,0.3475855517591904,-0.9019267788874382,-0.7834199994007118,2015-03-01,0.7660049728541383,0.3141390602858972,-1.2606135185738274,1.065807751323357,0.3517624468700125,0.5060581374839519,0.5594526905711625,-1.1001891206225551,-0.8238649762007128,0.071466952146788,1.2296926501022896,0.461837853772224,1.2703132549937672,-0.0440323445505106,0.5916928624067096,-0.4644181954843451,-0.0958292343196266,0.3932251172458947,0.690173287693135,0.9807325793277928,0,-16.946832992524854,0,0.7405594405594406,0,Medium,2.1763867376272374,Evening,0.0314454326027379,-0.7141601721170526,-0.0754777771532485
0.4262808462311694,0.5529944590939581,516182,2007-05-12,1.1871731363975355,-1.182668426364362,1.412783515790431,-2.1999448151549155,-0.4794758203104481,1.47059802320235,-0.928545848584576,-0.4960148012349781,0.3328171892792883,1.662926346319421,0.3475855517591904,0.7421105557185959,0.9538505081700628,2015-02-13,-0.1591218059552074,-1.566933156994924,1.9335085724071543,1.065807751323357,0.3517624468700125,-1.4516135742528065,1.0825322959968315,-0.3805468386873412,-0.8238649762007128,0.071466952146788,-1.2101737191482849,1.3621065745757797,-1.1987115360533993,-1.7948063244751082,-1.4007184418333314,-1.4100224728271449,-1.7867931412725488,0.1440330277364557,0.5104874538756043,-1.1813029525123715,0,0.8158418920115565,0,-0.478077478077478,0,Low,0.9955359040374462,Evening,-4.597534055933025,2.561578123954795,2.8027277314579164
0.2524518505001538,0.0056919461347754,728839,2001-01-02,1.1871731363975355,1.3045417237184185,1.412783515790431,1.0972301910592608,-0.4794758203104481,1.4512582412647073,1.0769527444706637,0.0174580778902579,-0.1598803522148468,-0.4387183251743182,0.9427662910728726,-0.9019267788874382,0.9538505081700628,2015-01-08,-1.084248584764553,0.3141390602858972,-0.1959061549135001,-0.6643996371885862,0.3517624468700125,0.5060581374839519,1.4081580106326783,1.2026661815701296,1.1400563019893055,-1.1607218779702453,0.0097594654770023,-1.3386995878348875,1.2703132549937672,-0.1474871706369641,-0.41066220731899,-0.4084284685364162,0.0042936285920595,-1.1019274198107387,-1.4660567181172324,-1.014992526986205,0,-0.1344175884159662,0,0.13054168054168055,1,Low,-0.029112075888309753,Night,-0.8147970472633467,5.524565752466124,0.6673098766263825
0.6088012917487358,0.5529944590939581,771509,2006-08-10,-0.0168564137013849,1.3045417237184185,-1.0399656435679565,0.5702788006594105,-0.4794758203104481,-0.4828315818325394,-0.928545848584576,0.0174580778902579,-0.652577893708982,-0.4387183251743182,-1.437956666181856,-0.9019267788874382,0.9538505081700628,2015-02-05,1.6911317516634838,-1.566933156994924,-0.1959061549135001,1.065807751323357,1.279895552067935,1.484893993352331,-0.6945527211115672,-0.6684037514614268,-0.8238649762007128,0.071466952146788,1.2296926501022896,-0.4384308670313317,-1.1987115360533993,-1.7876061717438168,-1.3474234892507788,-1.35610643946988,-1.8042749109872875,-0.1051590617729831,1.588602456780788,-0.8486821014600384,0,-3.1346124651036567,0,0.5200466200466201,0,Low,1.0093251795793414,Evening,-4.507804839707947,2.5217004912279166,2.72019866796413
0.8087046368394036,0.990836469461304,264221,2014-07-28,-1.2208859638003056,1.3045417237184185,-0.2223825904484937,-0.0521466752483429,-0.4794758203104481,-0.5286135620182579,1.0769527444706637,1.0444038361407302,-1.1452754352031171,0.7872410665303631,1.5379470303865548,-0.9019267788874382,-1.5879756033166856,2015-02-20,-1.084248584764553,-0.6263970483545135,-1.2606135185738274,0.2007040570673854,-1.040437210926871,1.484893993352331,1.425478527368628,0.914809268796044,1.1400563019893055,-1.1607218779702453,-1.2101737191482849,0.461837853772224,-1.1987115360533993,0.0832966721712783,-0.1154901622463913,-1.5344440882669867,0.5382822307877191,-0.603543240791861,-0.7473133828471099,-0.5160612504077055,1,-1.5973840932077168,0,-0.3319236319236319,1,Medium,6.462152143710482,Night,-1.111652019725659,-13.345535244248584,1.1949486918969372
0.600109841962185,0.8813759668694676,602704,2011-09-27,1.1871731363975355,1.3045417237184185,-0.2223825904484937,-0.2760395521647336,-0.4794758203104481,-0.6051912844380151,-0.928545848584576,-1.5229605594854505,1.5645610430146262,0.0866928426991166,0.3475855517591904,1.2374755168007634,0.9538505081700628,2015-01-24,-1.084248584764553,1.254675168926308,-0.1959061549135001,1.065807751323357,0.8158289994689738,0.5060581374839519,0.0155884650623543,-1.6759029461707264,1.1400563019893055,0.071466952146788,0.0097594654770023,1.3621065745757797,-1.1987115360533993,-0.4911997247044122,0.1079386774266173,-0.7091140391827011,-0.5334032277855144,1.1408013857742114,1.4987595398720228,1.4796638559062922,0,1.7794605892994078,0,0.18951603951603954,0,Low,1.0859214427042732,Evening,-1.134578589541598,2.3098158290707116,0.6433788648371859
-0.4950128311432131,-0.2132290590488975,672416,2013-04-20,-0.0168564137013849,1.3045417237184185,1.412783515790431,0.4871384918630424,-0.4794758203104481,1.5071566297511407,-0.928545848584576,1.0444038361407302,-1.3916242059501849,0.9623781224881748,0.3475855517591904,-0.9019267788874382,0.9538505081700628,2015-01-31,-1.084248584764553,1.254675168926308,-1.2606135185738274,-1.5295033314445576,0.3517624468700125,-0.9621956463186168,1.7233914152269558,-0.0926899259132555,1.1400563019893055,-1.1607218779702453,-1.2101737191482849,-0.4384308670313317,-1.1987115360533993,0.1287713210004886,-0.2446279319656533,-0.2404592876926293,0.304662217327118,0.6424172067553336,-0.2980987983032834,1.6459742814324587,1,0.2643417812586055,0,-0.3466089466089466,1,Medium,2.365898315414863,Evening,-0.1804250023311646,-1.401116334079899,0.3091963233316532
0.7044072394007943,0.334073453910285,545506,1991-03-20,-0.0168564137013849,-1.182668426364362,-1.0399656435679565,0.5438492791346909,-0.4794758203104481,-0.6735782045508484,1.0769527444706637,-1.5229605594854505,1.3182122722675589,1.662926346319421,-0.8427759268681739,1.3631115576549364,-1.872774047180747,2015-01-23,0.7660049728541383,1.254675168926308,0.8688012087468271,-0.6643996371885862,0.8158289994689738,-0.4727777183844272,-0.2095782525049866,0.19516698686083,-0.8238649762007128,0.071466952146788,-1.2101737191482849,1.3621065745757797,-1.1987115360533993,-0.0023472497904011,-0.4434591012159454,0.6512289562929054,-0.0550384383185693,-0.603543240791861,-0.7473133828471099,-0.017129973829206,0,-0.004315985263693826,0,-0.3692196692196692,1,Medium,23.458047196739557,Night,0.15273141675839075,-65.0959745988004,-0.15507866654879185
0.7391730385469975,0.4435339565021215,777533,2002-12-21,1.1871731363975355,1.3045417237184185,-0.2223825904484937,0.5372111667517374,-0.4794758203104481,1.5094450310770955,-0.928545848584576,-1.5229605594854505,-0.8989266644560496,-1.6646777168789997,-0.8427759268681739,-0.9019267788874382,0.9538505081700628,2015-01-11,-1.084248584764553,1.254675168926308,-0.1959061549135001,-0.6643996371885862,-1.040437210926871,0.9954760654181416,-0.1887936324218474,1.0587377251830867,1.1400563019893055,1.3036557822638213,0.0097594654770023,1.3621065745757797,-1.1987115360533993,0.5994339363828155,0.0382452778955871,0.0457104278190073,0.8164012944312918,1.1408013857742114,1.4987595398720228,0.8144221538016264,0,1.1158234557629307,0,0.1815906315906316,1,High,1.3619514727615336,Night,0.9003570001458863,1.5020095518271455,-0.30092306376307076
1.938593109091005,2.304362500563342,953334,2005-12-03,-0.0168564137013849,-1.182668426364362,-0.2223825904484937,-0.3187775226302893,2.568962637612473,-0.7619607289325433,1.0769527444706637,0.530930957015494,-0.1598803522148468,0.4369669546147398,0.3475855517591904,-0.9019267788874382,-0.9827789101055548,2015-02-20,0.7660049728541383,1.254675168926308,-1.2606135185738274,-1.5295033314445576,-1.040437210926871,1.484893993352331,1.4358708374101974,1.634451550731258,-0.8238649762007128,1.3036557822638213,0.0097594654770023,0.461837853772224,1.2703132549937672,1.4437465829784872,1.1369412234435934,2.503037332755888,1.0849848473213706,-0.354351151282422,0.0612728693317778,-0.1834403993553725,1,-4.529024192452579,1,0.30653235653235655,1,High,0.7515059142700138,Night,4.724963403520852,3.272707403445923,-3.281216820542365
1.5300949691231185,1.5381389824204867,369781,2011-05-25,-1.2208859638003056,0.0609366486770281,1.412783515790431,-0.3679077494646144,2.1334714293377703,1.413304268053749,1.0769527444706637,-1.5229605594854505,1.3182122722675589,0.6121040105725515,1.5379470303865548,-0.9019267788874382,0.9538505081700628,2015-02-24,-0.1591218059552074,-1.566933156994924,1.9335085724071543,1.065807751323357,-1.5045037635258325,0.0166402095497623,1.3319477369945016,1.634451550731258,-0.8238649762007128,0.071466952146788,-1.2101737191482849,1.3621065745757797,0.0358008594701839,-1.7834376622678056,-1.4068678594390105,-1.416243553599137,-1.767722119765561,-1.1019274198107387,-1.5558996350259977,-0.6823716759338719,0,4.847526349715251,0,-0.4787767787767787,0,Low,0.9911886175524383,Night,-4.590833532803709,2.5741500272659175,2.807395870535903
-1.6596671025410177,-1.9645971005182816,990998,2006-10-18,-0.0168564137013849,-1.182668426364362,-0.2223825904484937,1.2288860866544948,-0.4794758203104481,-0.5219437093730969,1.0769527444706637,-1.5229605594854505,1.5645610430146262,1.662926346319421,-0.8427759268681739,-0.9019267788874382,-1.7161349030555133,2015-01-19,-1.084248584764553,1.254675168926308,0.8688012087468271,1.065807751323357,-1.040437210926871,-0.4727777183844272,1.5605785579090323,1.0587377251830867,1.1400563019893055,1.3036557822638213,1.2296926501022896,-1.3386995878348875,1.2703132549937672,1.5979814335908924,0.2452756706201181,0.2551534804760748,2.1052844979452203,-1.6003115988296166,1.049544955328196,1.4796638559062922,0,1.3003484623971557,1,0.7011655011655011,1,High,1.317464105793922,Night,2.6057136490414132,1.630627217338057,-1.0077322154505208
0.678332890041142,0.4435339565021215,982678,2006-07-19,1.1871731363975355,0.0609366486770281,-1.0399656435679565,0.8025717580604019,-0.4794758203104481,1.545808286293183,1.0769527444706637,0.530930957015494,0.3328171892792883,0.0866928426991166,-0.8427759268681739,1.818990905897221,0.9538505081700628,2015-01-08,0.7660049728541383,1.254675168926308,-1.2606135185738274,-1.5295033314445576,0.3517624468700125,0.0166402095497623,-0.0190525684095442,1.0587377251830867,-0.8238649762007128,0.071466952146788,0.0097594654770023,0.461837853772224,0.0358008594701839,-0.2259309398673519,-0.5643976474609685,0.4065331125945493,-0.2738254350515132,-1.3511195093201778,-1.2863708842997017,0.3154908772231269,1,-0.28150835871051116,0,0.11305916305916307,1,Low,1.211992687699035,Night,-0.43168996991793246,1.9107249361080096,0.20575903005058055
0.9390763836376652,0.8813759668694676,646069,2002-06-08,1.1871731363975355,1.3045417237184185,-0.2223825904484937,-0.1816718187206549,-0.4794758203104481,-0.5848886995034767,-0.928545848584576,0.530930957015494,0.0864684185322207,-0.6138553811321298,1.5379470303865548,1.4995164020108955,-0.890219415849735,2015-03-01,-1.084248584764553,1.254675168926308,0.8688012087468271,-0.6643996371885862,-1.040437210926871,0.0166402095497623,-0.2580756993656447,0.7708808124090012,1.1400563019893055,0.071466952146788,1.2296926501022896,1.3621065745757797,0.0358008594701839,0.13483460751105,-0.0806434624808762,-0.0745638004395066,0.2283781312991666,1.3899934752836502,0.420644536966839,-0.8486821014600384,0,-0.7421918856345204,0,0.6641025641025641,1,Medium,1.6937523812502615,Night,0.07317086837878381,0.5426672503610542,0.06166373913226619
0.5392696934563296,0.771915464277631,331683,2009-02-12,1.1871731363975355,-1.182668426364362,1.412783515790431,1.3199757399094612,-0.4794758203104481,-0.4612592132354285,1.0769527444706637,-1.5229605594854505,0.5791659600263559,0.9623781224881748,-1.437956666181856,-0.9019267788874382,-0.5199814388264551,2015-01-21,0.7660049728541383,-0.6263970483545135,-0.1959061549135001,-0.6643996371885862,1.279895552067935,-0.4727777183844272,0.6806963077228076,0.914809268796044,-0.8238649762007128,0.071466952146788,0.0097594654770023,1.3621065745757797,1.2703132549937672,1.164456448085754,0.0320958602899079,1.6134227823610174,1.2073572353245423,1.6391855647930893,0.8698591215106656,-1.5139238035647045,0,0.8821795209555174,1,0.18089133089133091,1,High,1.0368410089259261,Night,2.8528758779754675,2.4499614671753758,-1.6884194298897135
-1.5119124561696542,-0.3226895616407341,364055,2001-05-14,-0.0168564137013849,1.3045417237184185,-1.0399656435679565,0.9500443905681047,-0.4794758203104481,-0.8425710610059647,-0.928545848584576,-1.0094876803602142,0.8255147307734235,1.662926346319421,1.5379470303865548,-0.9019267788874382,-1.306737140000925,2015-02-28,-1.084248584764553,1.254675168926308,0.8688012087468271,1.065807751323357,1.279895552067935,0.5060581374839519,-0.5525244838767829,0.7708808124090012,1.1400563019893055,0.071466952146788,1.2296926501022896,0.461837853772224,-1.1987115360533993,0.1947095618028436,-0.3368691960508403,-0.3337754992725109,0.4445163750450289,-1.1019274198107387,-1.4660567181172324,0.4818013027492934,0,0.20494764117155695,0,0.634965034965035,1,Medium,2.2829597476850227,Night,-0.22612832027832225,-1.161356210903911,0.42083788208116585
-0.0517488920291234,-0.3226895616407341,521854,2001-02-16,-0.0168564137013849,0.0609366486770281,-0.2223825904484937,-0.6556822140663355,-0.4794758203104481,1.4321138106597682,1.0769527444706637,-0.4960148012349781,-1.3916242059501849,-1.139266549005565,0.3475855517591904,-0.9019267788874382,0.9538505081700628,2015-01-26,-1.084248584764553,0.3141390602858972,0.8688012087468271,-0.6643996371885862,0.3517624468700125,1.484893993352331,-0.1680090123387082,-0.0926899259132555,1.1400563019893055,-1.1607218779702453,0.0097594654770023,1.3621065745757797,1.2703132549937672,-0.1270235786638194,-0.3983633721076318,-0.3959863069924319,0.0265431536835453,-1.3511195093201778,-1.376213801208467,1.6459742814324587,0,0.1937276468179678,0,0.13194028194028196,1,Medium,-0.20896405948264493,Evening,-0.7678065254165184,6.044646026661222,0.640782946752699
0.7478644883335482,0.6624549616857945,737252,1993-11-18,1.1871731363975355,1.3045417237184185,1.412783515790431,-0.1681907139429295,-0.4794758203104481,1.6259441937014674,1.0769527444706637,-1.5229605594854505,-0.652577893708982,-0.4387183251743182,0.3475855517591904,1.0508162561031351,0.9538505081700628,2015-01-31,-1.084248584764553,1.254675168926308,-0.1959061549135001,-0.6643996371885862,1.279895552067935,0.0166402095497623,0.4832424169329856,1.4905230943442151,1.1400563019893055,-1.1607218779702453,-1.2101737191482849,-0.4384308670313317,0.0358008594701839,0.509242549538215,-0.1667353089603842,-0.161658931247396,0.7962707717294714,-0.8527353303012999,-0.0285700475769874,1.1470430048539593,0,-3.027786525108261,0,-0.33775113775113774,1,High,1.563634477945836,Night,0.4678765315216912,0.9187677132993913,0.04136601801652384
0.4871209947370248,0.771915464277631,344480,1990-02-18,1.1871731363975355,-1.182668426364362,1.412783515790431,0.9267290452230412,-0.4794758203104481,1.4779516055119732,1.0769527444706637,0.530930957015494,1.3182122722675589,-0.4387183251743182,-1.437956666181856,0.3544336296542909,0.9538505081700628,2015-02-20,0.7660049728541383,-0.6263970483545135,-0.1959061549135001,-0.6643996371885862,-1.040437210926871,-0.9621956463186168,-0.4901706236273653,-0.6684037514614268,-0.8238649762007128,0.071466952146788,-1.2101737191482849,-0.4384308670313317,0.0358008594701839,0.4289040032732768,0.6654858736748593,0.6802606665622019,0.2538061599751504,-0.603543240791861,-0.9269992166646406,-0.017129973829206,0,0.46281439291206977,0,-0.24311244311244307,1,Medium,0.5917537870581514,Evening,1.5995527002122116,3.729386899208207,-1.170648696938935
0.2524518505001538,0.4435339565021215,898519,2000-05-21,1.1871731363975355,0.0609366486770281,-0.2223825904484937,-1.2384019436834637,-0.4794758203104481,-0.8894693345214172,-0.928545848584576,-1.0094876803602142,-0.652577893708982,1.312652234403798,-0.2475951875544917,-0.9019267788874382,0.9538505081700628,2015-02-17,-1.084248584764553,1.254675168926308,-0.1959061549135001,0.2007040570673854,0.3517624468700125,0.5060581374839519,1.3354118403416917,0.7708808124090012,1.1400563019893055,-1.1607218779702453,1.2296926501022896,1.3621065745757797,1.2703132549937672,-0.3888817648386889,0.2186281943288418,-0.6531243122347722,-0.4332803648738282,1.6391855647930893,0.8698591215106656,-0.8486821014600384,0,0.3140192736627043,0,0.6981351981351982,0,Low,1.1141727852071999,Night,-0.8677764827797585,2.2314718578063886,0.4788947179410696
-0.6427674775145763,-0.9794525771917532,957816,2012-08-26,-1.2208859638003056,1.3045417237184185,1.412783515790431,-0.2581740151340694,-0.4794758203104481,-0.555948794930121,1.0769527444706637,1.557876715265966,0.0864684185322207,0.6121040105725515,0.3475855517591904,-0.9019267788874382,-0.4986215555366504,2015-02-02,-1.084248584764553,1.254675168926308,0.8688012087468271,0.2007040570673854,0.3517624468700125,-0.9621956463186168,-0.1610808056443285,0.6269523560219584,1.1400563019893055,0.071466952146788,1.2296926501022896,1.3621065745757797,-1.1987115360533993,-0.1444555273816834,0.3006204290712304,-0.6116504404214915,-0.1233762653852757,-0.8527353303012999,0.1511157862405431,-0.017129973829206,0,0.559529923399111,0,0.7074592074592074,0,Low,0.8540837564702012,Night,-0.43440627673553683,3.007218150994545,0.28995074935385345
0.2263775011405015,0.334073453910285,175960,2004-11-16,-0.0168564137013849,-1.182668426364362,-0.2223825904484937,-0.9559543593890496,-0.4794758203104481,-0.3500205829274286,-0.928545848584576,0.530930957015494,-1.6379729766972524,1.662926346319421,0.3475855517591904,-0.9019267788874382,-0.658820680210185,2015-02-06,-1.084248584764553,0.3141390602858972,-0.1959061549135001,0.2007040570673854,-1.040437210926871,0.0166402095497623,0.3897116265588594,0.19516698686083,1.1400563019893055,0.071466952146788,0.0097594654770023,0.461837853772224,1.2703132549937672,0.2307103254593017,0.6695854854119787,0.68440805374353,-0.0253724048632549,-1.6003115988296166,0.3308016200580737,-1.014992526986205,0,-0.24134056666399376,0,0.2533855033855034,1,Medium,-0.1099746829191993,Night,1.3286211342922538,5.758803264847209,-1.0979108088329521
0.0699314049825875,0.1151524487266119,489618,2003-01-23,-1.2208859638003056,1.3045417237184185,-0.2223825904484937,1.098336543123086,-0.4794758203104481,-0.680610852528173,-0.928545848584576,1.0444038361407302,1.0718635015204911,1.662926346319421,-1.437956666181856,1.7256612755484066,0.9538505081700628,2015-02-11,-1.084248584764553,1.254675168926308,-0.1959061549135001,0.2007040570673854,-1.040437210926871,0.5060581374839519,1.6575734516303484,0.7708808124090012,1.1400563019893055,1.3036557822638213,-1.2101737191482849,0.461837853772224,1.2703132549937672,1.1231503087325545,0.1653332417462893,0.1742794304401775,1.4828275459810336,1.6391855647930893,0.8698591215106656,0.1491804516969604,0,1.022591202280962,1,-0.29998889998889994,1,High,1.3202384526928648,Night,1.8224402181675003,1.6226132703563105,-0.6992899094349458
0.8260875364125052,0.5529944590939581,717044,2008-11-07,1.1871731363975355,1.3045417237184185,-0.2223825904484937,1.6263942855867608,-0.4794758203104481,-0.5678791798916538,-0.928545848584576,-1.0094876803602142,1.0718635015204911,0.6121040105725515,-0.2475951875544917,-0.9019267788874382,-0.7834199994007118,2015-01-25,0.7660049728541383,0.3141390602858972,-0.1959061549135001,-1.5295033314445576,1.279895552067935,1.484893993352331,0.597557827390251,-1.244117577009598,-0.8238649762007128,1.3036557822638213,1.2296926501022896,-1.3386995878348875,-1.1987115360533993,0.0560118828737521,-0.1339384150634288,-0.1284798337967715,0.1457370381022193,-0.8527353303012999,-0.0285700475769874,0.6481117282754599,0,0.03443928014925626,0,0.6580419580419581,1,Medium,2.60184855028257,Evening,-0.11668121075798096,-2.083113826170485,0.17269309363173307
-0.9817340191900568,-1.4172945875590992,101421,1999-10-19,-1.2208859638003056,0.0609366486770281,-0.2223825904484937,-0.9586177995427034,-0.4794758203104481,-0.7858494061888524,-0.928545848584576,-1.5229605594854505,-1.3916242059501849,0.0866928426991166,-0.2475951875544917,0.9897930362596796,0.9538505081700628,2015-02-23,-1.084248584764553,-0.6263970483545135,-0.1959061549135001,0.2007040570673854,0.3517624468700125,-1.4516135742528065,1.2314887399259955,0.4830238996349156,1.1400563019893055,-1.1607218779702453,-1.2101737191482849,0.461837853772224,-1.1987115360533993,0.812406875066284,-0.0027508394756071,0.0042365560057266,1.135311154075922,1.1408013857742114,1.4987595398720228,-1.5139238035647045,0,-0.8474782368239664,0,-0.31910311910311906,1,High,1.3974644866450765,Night,1.1367968706060414,1.3992932681915358,-0.32438999553975745
1.6865410652810322,1.5381389824204867,793948,1990-12-20,-1.2208859638003056,-1.182668426364362,1.412783515790431,0.5737617608603431,-0.4794758203104481,-0.7324626776943205,-0.928545848584576,-1.5229605594854505,1.3182122722675589,-1.6646777168789997,0.9427662910728726,-0.1301625279260903,0.9538505081700628,2015-01-29,0.7660049728541383,-0.6263970483545135,0.8688012087468271,-0.6643996371885862,1.279895552067935,-0.4727777183844272,0.5837014140014916,0.6269523560219584,-0.8238649762007128,1.3036557822638213,1.2296926501022896,-0.4384308670313317,-1.1987115360533993,-0.2020567492320165,-0.4434591012159454,-0.4416075659870407,-0.0550384383185693,-0.603543240791861,-0.9269992166646406,-0.8486821014600384,0,-0.3521607936510856,0,0.6228438228438229,0,Low,0.2723923398753172,Night,-0.9401051055215554,4.652701589015672,0.7380483562895388
0.1220801037018921,0.4435339565021215,737483,1996-02-14,-1.2208859638003056,0.0609366486770281,-1.0399656435679565,1.0864535024375526,-0.4794758203104481,-0.3259365543384162,-0.928545848584576,-1.5229605594854505,1.3182122722675589,-0.6138553811321298,-0.2475951875544917,1.2913195343096946,-1.342336945483933,2015-01-02,0.7660049728541383,0.3141390602858972,-1.2606135185738274,-0.6643996371885862,0.3517624468700125,-0.4727777183844272,-0.87122199181825,0.914809268796044,-0.8238649762007128,-1.1607218779702453,0.0097594654770023,1.3621065745757797,1.2703132549937672,0.5850336309202323,1.2722284107685344,-0.1201850594341153,0.5197409598781476,0.3932251172458947,0.9597020384194308,-0.349750824881539,1,0.5384796414462455,0,0.32191697191697194,1,High,0.8883934940067039,Night,1.6717843112125665,2.8575817957698115,-1.0867506802923343
-0.4515555822104592,-0.6510710694162436,695117,2001-06-10,-0.0168564137013849,-1.182668426364362,-0.2223825904484937,-0.910225140750929,-0.4794758203104481,1.6256930277022772,-0.928545848584576,0.0174580778902579,-1.3916242059501849,1.4877892903616097,-1.437956666181856,-0.9019267788874382,0.9538505081700628,2015-02-06,0.7660049728541383,-0.6263970483545135,-0.1959061549135001,-0.6643996371885862,-1.040437210926871,-0.4727777183844272,-1.1795271897181476,0.914809268796044,-0.8238649762007128,0.071466952146788,0.0097594654770023,-1.3386995878348875,0.0358008594701839,0.4220828059488952,-0.0683446272695179,-0.0621216388955224,0.6235720769717481,-1.6003115988296166,1.2292307891457268,1.4796638559062922,0,-0.4637130428123777,0,0.1694694194694195,1,Medium,1.4773655567521313,Night,0.4931058108067078,1.1682651735433123,-0.0710230048578126
0.0699314049825875,0.0056919461347754,167466,2010-03-17,1.1871731363975355,-1.182668426364362,-0.2223825904484937,-0.0043276804896636,-0.4794758203104481,-0.6563593799397004,-0.928545848584576,0.0174580778902579,-1.1452754352031171,-0.2635812692165066,-0.8427759268681739,1.262602724971598,-1.1429780347790894,2015-02-14,-1.084248584764553,0.3141390602858972,0.8688012087468271,-1.5295033314445576,-1.040437210926871,0.9954760654181416,-0.8331168549991615,1.4905230943442151,0.1580956628942965,0.071466952146788,-1.2101737191482849,1.3621065745757797,1.2703132549937672,0.2477633187702556,0.9073629661649054,-0.3047437890032144,0.1897063376877746,0.3932251172458947,0.9597020384194308,0.4818013027492934,0,-57.264066381180655,0,-0.2156066156066156,1,Medium,0.7656725497414484,Night,0.7923255148494656,3.1978999994109936,-0.54456219607921
0.3306748985791108,0.5529944590939581,664732,2003-07-30,-1.2208859638003056,1.3045417237184185,1.412783515790431,0.575646656969083,2.1334714293377703,1.6313582163506777,-0.928545848584576,-1.0094876803602142,1.3182122722675589,0.9623781224881748,-0.2475951875544917,-0.9019267788874382,-1.2390975095832104,2015-02-04,-1.084248584764553,-0.6263970483545135,-0.1959061549135001,0.2007040570673854,0.3517624468700125,1.484893993352331,-0.3031090428791128,0.4830238996349156,1.1400563019893055,0.071466952146788,0.0097594654770023,0.461837853772224,1.2703132549937672,0.5357694280219211,-0.1523866678804662,1.2401579360414912,0.4715336555132616,-0.8527353303012999,-0.3879417152120487,-1.014992526986205,1,0.93072458740277,0,0.15991230991230992,1,High,0.8801039229697253,Night,1.5593049236742866,2.9103975175174983,-1.0235354956523657
-1.0773399668421153,-1.3078340849672627,143038,2014-09-17,1.1871731363975355,1.3045417237184185,-1.0399656435679565,-1.8893876932388611,-0.4794758203104481,-0.8273336570550947,1.0769527444706637,0.0174580778902579,0.3328171892792883,-0.2635812692165066,-1.437956666181856,-0.9019267788874382,-0.8617395714633288,2015-02-12,-1.084248584764553,0.3141390602858972,-1.2606135185738274,1.065807751323357,-0.5763706583279098,-1.4516135742528065,1.6090760047696904,0.6269523560219584,1.1400563019893055,1.3036557822638213,0.0097594654770023,1.3621065745757797,-1.1987115360533993,-0.4529252286064935,-0.7632288167112607,0.0042365560057266,-0.4369886190557425,0.6424172067553336,-0.477784632120814,-0.8486821014600384,1,0.23972076771117254,0,0.09044844044844044,1,Low,0.9648161689212787,Night,-1.1959808797612768,2.640576070396889,0.7430556511547832
0.4871209947370248,0.4435339565021215,979963,2009-06-03,-0.0168564137013849,-1.182668426364362,-1.0399656435679565,-1.123505233055067,-0.4794758203104481,1.4381278409737104,-0.928545848584576,0.0174580778902579,0.0864684185322207,-0.2635812692165066,-0.8427759268681739,1.0544058572703972,-1.612895467154791,2015-02-12,0.7660049728541383,-0.6263970483545135,0.8688012087468271,-0.6643996371885862,-1.040437210926871,0.9954760654181416,-1.172598983023768,0.914809268796044,-0.8238649762007128,-1.1607218779702453,0.0097594654770023,-1.3386995878348875,-1.1987115360533993,0.8578815238954942,1.567400455841133,0.029120879093695,0.7867352609759775,0.8916092962647725,-1.016842133573406,0.9807325793277928,0,-0.7635765835636564,0,0.35548340548340546,1,High,0.9170664270016254,Night,2.3832565959108054,2.7780687093249723,-1.5253750720153112
-0.616693128154924,-0.5416105668244071,467841,1994-10-11,-0.0168564137013849,1.3045417237184185,-1.0399656435679565,-0.7471406513425776,-0.4794758203104481,-0.8425431536727213,-0.928545848584576,0.0174580778902579,1.5645610430146262,0.6121040105725515,-1.437956666181856,1.6431004487013787,-1.2212976068417063,2015-01-28,-0.1591218059552074,-1.566933156994924,-0.1959061549135001,1.065807751323357,1.279895552067935,0.0166402095497623,1.096388709385591,-0.524475295074384,-0.8238649762007128,0.071466952146788,1.2296926501022896,-1.3386995878348875,1.2703132549937672,-1.8402809733043184,-1.4376149474674065,-1.360253826651208,-1.8535417165470065,1.1408013857742114,1.4987595398720228,1.3133534303801258,0,2.463101737402657,0,0.5097902097902097,0,Low,1.0072063726362657,Evening,-4.651410490665621,2.5275558926578827,2.811129517361303
0.7478644883335482,0.6624549616857945,219028,1991-07-18,1.1871731363975355,-1.182668426364362,-0.2223825904484937,0.2249330527363987,-0.4794758203104481,-0.6930017084882212,-0.928545848584576,-1.5229605594854505,0.8255147307734235,0.9623781224881748,1.5379470303865548,0.4800696705084638,0.9538505081700628,2015-01-10,-1.084248584764553,1.254675168926308,-1.2606135185738274,-1.5295033314445576,-1.040437210926871,-0.4727777183844272,-0.8019399248744529,1.634451550731258,1.1400563019893055,1.3036557822638213,-1.2101737191482849,-1.3386995878348875,1.2703132549937672,-0.0042420268249515,-0.3245703608394821,-0.3213333377285267,0.1600403042324602,0.6424172067553336,-0.477784632120814,-0.6823716759338719,1,-0.018858980102593677,0,-0.3556998556998556,1,Medium,-37.73621597743382,Night,-0.4858633943355486,114.56267889583673,0.4816213675105971
1.025990881503173,1.1002969720531406,130156,2001-09-24,-1.2208859638003056,0.0609366486770281,1.412783515790431,0.0848770766565627,-0.4794758203104481,-0.9678470799353704,-0.928545848584576,1.557876715265966,-1.3916242059501849,-1.139266549005565,0.3475855517591904,-0.9019267788874382,-0.6837405440482903,2015-01-19,0.7660049728541383,0.3141390602858972,-1.2606135185738274,-1.5295033314445576,1.279895552067935,-0.4727777183844272,0.3827834198644796,0.914809268796044,-0.8238649762007128,-1.1607218779702453,-1.2101737191482849,0.461837853772224,1.2703132549937672,-0.3987346054183512,0.0505441131069453,0.0581525893629915,-0.5853187863323147,0.1440330277364557,0.5104874538756043,0.3154908772231269,0,-4.697733750868651,0,-0.313042513042513,1,Low,1.4679444581005363,Night,-0.4766220838623779,1.195339638760335,0.07788747844402671
0.2089946015673999,0.0056919461347754,762951,2012-09-19,-0.0168564137013849,1.3045417237184185,-1.0399656435679565,0.5417595030141308,-0.4794758203104481,1.5775947388573606,-0.928545848584576,0.0174580778902579,-0.8989266644560496,-0.4387183251743182,-1.437956666181856,0.361612831988815,0.9538505081700628,2015-01-19,0.7660049728541383,1.254675168926308,-0.1959061549135001,0.2007040570673854,-1.5045037635258325,0.9954760654181416,-0.0952628420477211,-0.2366183823002983,-0.8238649762007128,1.3036557822638213,0.0097594654770023,-1.3386995878348875,1.2703132549937672,0.2549634715015473,-0.1687851148289439,-0.1637326248380601,0.4418676220579472,1.3899934752836502,0.420644536966839,-1.680234229090871,0,0.4706202650120049,0,0.15804750804750808,1,Medium,1.733055666366699,Evening,0.10934988239094323,0.4288828233477213,0.14561358911060407
-0.0778232413887757,-0.2132290590488975,376879,1991-07-11,-1.2208859638003056,-1.182668426364362,-0.2223825904484937,0.6151065472455254,3.004453845887177,1.6456049099714087,1.0769527444706637,0.530930957015494,-0.652577893708982,-1.6646777168789997,0.9427662910728726,-0.9019267788874382,0.9538505081700628,2015-01-28,0.7660049728541383,1.254675168926308,-1.2606135185738274,-1.5295033314445576,0.3517624468700125,-1.4516135742528065,-1.3527323570776408,0.0512385304737872,-0.8238649762007128,0.071466952146788,-1.2101737191482849,0.461837853772224,0.0358008594701839,-0.3244593456639743,-0.6176926000435211,-0.6178715211934837,-0.1360902797232676,1.1408013857742114,1.4987595398720228,-0.5160612504077055,1,-0.5274839288136121,0,-0.389033189033189,0,Low,0.41943837026220204,Night,-1.3716544009602725,4.227520787462894,1.047195055296298
0.3741321475118647,0.0056919461347754,599031,1991-10-29,-0.0168564137013849,-1.182668426364362,-1.0399656435679565,1.2369993351225486,-0.4794758203104481,-0.6200100783902348,-0.928545848584576,1.0444038361407302,-1.1452754352031171,-0.4387183251743182,0.9427662910728726,-0.9019267788874382,-0.8012199021422157,2015-02-16,1.6911317516634838,-1.566933156994924,1.9335085724071543,1.065807751323357,1.279895552067935,1.484893993352331,-1.4635836641877162,-0.9562606642355124,-0.8238649762007128,1.3036557822638213,0.0097594654770023,0.461837853772224,-1.1987115360533993,-1.7076465808857886,-1.3658717420678164,-1.2150952753047255,-1.7237528201800056,-1.1019274198107387,-1.5558996350259977,-0.8486821014600384,0,-1.3804738223588384,0,0.021916971916971912,0,Low,1.0094324252494256,Evening,-4.304719837552548,2.5208508637486746,2.597073256666759
1.7473812137868878,1.975980992787833,676255,1999-12-28,-0.0168564137013849,1.3045417237184185,-0.2223825904484937,-0.5078407975373578,1.2624890127883643,-0.9338001333784814,1.0769527444706637,0.530930957015494,1.3182122722675589,1.4877892903616097,-0.2475951875544917,0.7600585615549064,0.9538505081700628,2015-01-08,-1.084248584764553,-0.6263970483545135,0.8688012087468271,0.2007040570673854,-1.040437210926871,0.0166402095497623,-0.8850784052070095,1.3465946379571725,1.1400563019893055,-1.1607218779702453,1.2296926501022896,1.3621065745757797,-1.1987115360533993,0.328859775849014,0.5752944154582319,0.5890181485729844,0.1605700548298765,-1.1019274198107387,-1.5558996350259977,0.4818013027492934,0,-0.6475659793575401,0,0.7386946386946387,1,Medium,0.4882614973322241,Night,1.3248826188610927,4.028703683011958,-0.9960228430120788
-0.5210871805028654,-0.2132290590488975,985446,2012-10-11,1.1871731363975355,0.0609366486770281,1.412783515790431,2.624528727169183,-0.4794758203104481,-0.5626046939086603,-0.928545848584576,1.557876715265966,0.5791659600263559,-0.088444213258695,-0.8427759268681739,1.743609281384717,0.9538505081700628,2015-01-24,-1.084248584764553,0.3141390602858972,-1.2606135185738274,-0.6643996371885862,0.3517624468700125,-0.9621956463186168,0.9890015056227052,0.7708808124090012,1.1400563019893055,1.3036557822638213,0.0097594654770023,1.3621065745757797,0.0358008594701839,0.0620751693843134,-0.4086124014504303,0.7217345383754825,0.0080018827739738,0.1440330277364557,1.1393878722369617,1.6459742814324587,1,0.023651920853366617,0,0.13077478077478077,1,Medium,0.12890426154413887,Night,0.321124019699026,5.173064364054876,-0.2590488503147126
1.1650540780879857,0.8813759668694676,884180,1995-08-19,-1.2208859638003056,1.3045417237184185,-1.0399656435679565,-0.4628081709394234,1.2624890127883643,1.400745968094241,1.0769527444706637,0.530930957015494,1.3182122722675589,-0.6138553811321298,-0.2475951875544917,-0.9019267788874382,0.9538505081700628,2015-02-18,0.7660049728541383,-0.6263970483545135,0.8688012087468271,0.2007040570673854,-1.5045037635258325,-1.4516135742528065,-0.4763142102386059,-1.1001891206225551,-0.8238649762007128,1.3036557822638213,1.2296926501022896,-0.4384308670313317,-1.1987115360533993,0.2197206186589093,0.4769037337673657,0.4894808562211107,0.0588579401259413,1.3899934752836502,-0.6574704659383447,-0.5160612504077055,0,-0.4747562969106812,0,0.7275058275058275,1,Medium,0.2678750524649602,Evening,1.0252425301144177,4.6660976574452615,-0.8055219114555083
-0.7209905255935334,-0.5416105668244071,571462,1991-02-11,-0.0168564137013849,1.3045417237184185,-1.0399656435679565,0.1188871586186067,-0.4794758203104481,-0.4991852791131436,1.0769527444706637,0.530930957015494,1.3182122722675589,0.0866928426991166,1.5379470303865548,-0.9019267788874382,0.9538505081700628,2015-01-21,0.7660049728541383,-0.6263970483545135,-1.2606135185738274,-0.6643996371885862,0.8158289994689738,0.5060581374839519,0.3135013529206824,-0.0926899259132555,-0.8238649762007128,0.071466952146788,0.0097594654770023,-0.4384308670313317,0.0358008594701839,0.5509276442983245,-0.1441874444062273,-0.1388483017500917,0.8428888243021083,0.3932251172458947,0.9597020384194308,-0.8486821014600384,1,4.6339993040492855,0,0.1608447108447109,1,High,1.5299419135769043,Evening,0.5598530781457893,1.0161988924333951,-0.008925433847464803
1.6865410652810322,1.7570599876041595,815883,1991-07-02,1.1871731363975355,0.0609366486770281,1.412783515790431,0.2001835473085987,-0.4794758203104481,-0.6381358913317917,1.0769527444706637,0.530930957015494,0.3328171892792883,-0.2635812692165066,1.5379470303865548,1.4743891938400608,-0.8154598243354187,2015-01-08,0.7660049728541383,0.3141390602858972,-1.2606135185738274,-0.6643996371885862,0.8158289994689738,-0.4727777183844272,0.2130423558521764,0.914809268796044,-0.8238649762007128,-1.1607218779702453,0.0097594654770023,1.3621065745757797,1.2703132549937672,-0.6071600792188986,-0.8390716338479701,-0.1492167697034118,-0.593794795890976,-0.1051590617729831,1.588602456780788,-1.1813029525123715,1,-3.0330017345590528,0,0.08182373182373182,0,Low,0.9779888273348138,Night,-1.5820831994423579,2.6057144718607934,0.9749231202234593
-1.6944329016872206,-0.9794525771917532,258265,1994-04-10,-1.2208859638003056,-1.182668426364362,-0.2223825904484937,-0.7481240753993114,-0.4794758203104481,-0.8698365255847192,-0.928545848584576,-0.4960148012349781,0.8255147307734235,1.312652234403798,-0.8427759268681739,-0.9019267788874382,0.9538505081700628,2015-02-02,0.7660049728541383,0.3141390602858972,0.8688012087468271,1.065807751323357,-1.040437210926871,0.5060581374839519,-0.0606218085758225,0.0512385304737872,-0.8238649762007128,-1.1607218779702453,-1.2101737191482849,-1.3386995878348875,0.0358008594701839,1.2478266376059728,1.6698907492691186,1.6963705259875788,0.8794416155238349,-0.1051590617729831,-1.7355854688435284,0.9807325793277928,0,-1.6679429877763685,1,-0.12889332889332888,1,High,0.7047781192049032,Night,4.245702890780532,3.40247544037905,-2.997876253174559
-0.773139224312838,-0.8699920745999167,569714,2005-12-04,1.1871731363975355,1.3045417237184185,-0.2223825904484937,-0.8389268966377297,-0.4794758203104481,-0.298475738426958,-0.928545848584576,-1.5229605594854505,0.0864684185322207,0.6121040105725515,-0.8427759268681739,-0.9019267788874382,0.9538505081700628,2015-03-01,-1.084248584764553,1.254675168926308,-1.2606135185738274,-1.5295033314445576,1.279895552067935,0.9954760654181416,-0.2650039060600244,0.914809268796044,1.1400563019893055,1.3036557822638213,-1.2101737191482849,1.3621065745757797,0.0358008594701839,-0.7049305742017008,-1.5237067939469142,-0.6489769250534442,-0.4258638565099996,-1.3511195093201778,-1.2863708842997017,-0.017129973829206,1,0.8402775227549191,0,-0.49206349206349204,0,Low,0.6041225564869656,Night,-2.598547575510358,3.6862513229822844,1.893617001308657
0.6609499904680405,0.990836469461304,180008,2014-07-16,-1.2208859638003056,0.0609366486770281,-0.2223825904484937,0.5365555507139146,-0.4794758203104481,-0.3320901213185752,1.0769527444706637,0.0174580778902579,-0.4062291229619144,-0.7889924370899414,-0.8427759268681739,-0.9019267788874382,-1.6093354866064902,2015-02-04,0.7660049728541383,-0.6263970483545135,-0.1959061549135001,-0.6643996371885862,1.279895552067935,-0.4727777183844272,-0.0398371884926834,0.6269523560219584,-0.8238649762007128,0.071466952146788,1.2296926501022896,0.461837853772224,-1.1987115360533993,0.324312310966093,0.5711948037211125,0.5848707613916563,0.1563320500505459,-0.1051590617729831,0.2409587031493084,-1.1813029525123715,0,0.6044326744955022,0,0.7382284382284383,1,Medium,0.4820401900398423,Night,1.3123976151633148,4.046696730559192,-0.9880853041972217
0.4349722960177202,0.6624549616857945,633375,2003-09-17,-1.2208859638003056,0.0609366486770281,-1.0399656435679565,-0.7079266170803175,-0.4794758203104481,1.5789621981862847,1.0769527444706637,0.0174580778902579,1.0718635015204911,-0.7889924370899414,-1.437956666181856,1.2446547191352877,0.9538505081700628,2015-02-27,-1.084248584764553,0.3141390602858972,0.8688012087468271,1.065807751323357,-1.5045037635258325,-0.9621956463186168,0.7638347880553643,1.0587377251830867,1.1400563019893055,1.3036557822638213,-1.2101737191482849,-1.3386995878348875,-1.1987115360533993,1.0200744380530111,1.1984353995003847,1.2194210001348509,0.8047467812881326,-0.1051590617729831,-1.7355854688435284,-0.1834403993553725,0,-1.440934490067025,0,-0.18250638250638246,1,High,0.7889090858065653,Night,3.222603180923368,3.1591812337666507,-2.2025287428703573
-0.5471615298625178,-0.9794525771917532,556538,2000-07-15,-1.2208859638003056,0.0609366486770281,-0.2223825904484937,2.439604028500868,-0.4794758203104481,-0.5018643831045053,-0.928545848584576,-0.4960148012349781,-0.1598803522148468,1.4877892903616097,-0.2475951875544917,1.9266789409150835,0.9538505081700628,2015-02-09,0.7660049728541383,-0.6263970483545135,0.8688012087468271,-0.6643996371885862,0.3517624468700125,0.9954760654181416,0.5386680704880233,0.19516698686083,-0.8238649762007128,0.071466952146788,0.0097594654770023,-1.3386995878348875,1.2703132549937672,0.3402284380563166,-0.117539968114951,-0.1118902850714592,0.5345739766058049,-1.3511195093201778,-1.376213801208467,-0.5160612504077055,0,0.13946045941108187,0,0.1638750138750139,1,Medium,1.5712161171583259,Night,0.30514372341939466,0.8968763113581185,0.03508471463692192
2.060273406102716,1.7570599876041595,669501,2009-07-29,-0.0168564137013849,0.0609366486770281,-1.0399656435679565,0.0568904670420143,1.2624890127883643,-0.7227090647257691,1.0769527444706637,-1.0094876803602142,-1.3916242059501849,1.4877892903616097,-1.437956666181856,-0.0404224987445382,-0.8439396687218249,2015-02-19,-0.1591218059552074,-1.566933156994924,-0.1959061549135001,1.065807751323357,0.8158289994689738,-1.4516135742528065,1.7303196219213357,-1.1001891206225551,-0.8238649762007128,0.071466952146788,-1.2101737191482849,-1.3386995878348875,0.0358008594701839,-1.7569107837840998,-1.3925192183590926,-1.4017276984644886,-1.7380560863102466,0.8916092962647725,-0.8371562997558752,-0.5160612504077055,0,-30.881797835985186,0,-0.47714507714507715,0,Low,0.9892688300515662,Evening,-4.532303003133828,2.579701613005979,2.7753922193497282
1.5387864189096692,1.7570599876041595,963761,1991-04-13,1.1871731363975355,1.3045417237184185,-1.0399656435679565,0.8342052318853386,-0.4794758203104481,-0.7724538862320435,-0.928545848584576,0.530930957015494,1.0718635015204911,0.9623781224881748,1.5379470303865548,0.3867400401596496,0.9538505081700628,2015-01-12,0.7660049728541383,0.3141390602858972,-1.2606135185738274,-0.6643996371885862,0.3517624468700125,0.5060581374839519,0.7084091345003266,-0.524475295074384,-0.8238649762007128,1.3036557822638213,0.0097594654770023,0.461837853772224,1.2703132549937672,0.2970275216685668,0.960657918747458,-0.277785772324582,0.2379136420526605,-1.6003115988296166,1.2292307891457268,0.9807325793277928,0,0.35606006082845126,0,0.2864857364857365,1,Medium,0.8009791137772675,Evening,0.9207857884755365,3.099991150018168,-0.6237582668069697
-0.1125890405349788,-0.103768556457061,753005,2005-11-20,-1.2208859638003056,-1.182668426364362,1.412783515790431,-0.0121540969411693,-0.4794758203104481,1.4973751094493462,-0.928545848584576,1.0444038361407302,-0.1598803522148468,-0.088444213258695,-0.8427759268681739,-0.9019267788874382,0.9538505081700628,2015-02-07,-1.084248584764553,1.254675168926308,-1.2606135185738274,-1.5295033314445576,0.8158289994689738,-0.4727777183844272,0.5629167939183524,1.0587377251830867,1.1400563019893055,0.071466952146788,1.2296926501022896,-1.3386995878348875,0.0358008594701839,0.13483460751105,0.5752944154582319,-0.4727129698470012,0.1605700548298765,-0.354351151282422,0.0612728693317778,0.3154908772231269,0,-11.09467061472127,0,0.7386946386946387,1,Medium,1.1908579476435222,Night,0.26315150044110724,1.9516469373235963,-0.12831689293005724
-0.5123957307163146,-0.5416105668244071,454758,1990-05-20,-0.0168564137013849,-1.182668426364362,-0.2223825904484937,-0.4668238191710864,-0.4794758203104481,1.5013937654363887,-0.928545848584576,0.0174580778902579,1.3182122722675589,-0.088444213258695,-0.2475951875544917,-0.9019267788874382,0.9538505081700628,2015-01-13,0.7660049728541383,1.254675168926308,0.8688012087468271,-1.5295033314445576,-1.5045037635258325,0.0166402095497623,1.2141682231900464,0.914809268796044,-0.8238649762007128,1.3036557822638213,1.2296926501022896,-1.3386995878348875,0.0358008594701839,-0.019400243101355,0.4236087811848131,-0.5494396327015705,0.0037638779946431,-0.8527353303012999,0.1511157862405431,1.1470430048539593,0,0.04155804366162525,0,0.7214452214452214,1,Medium,-0.19402189946164453,Night,-0.12206697352211428,6.2923575360312975,0.10266673042075927
2.390548497991645,2.304362500563342,698589,2002-11-28,-1.2208859638003056,1.3045417237184185,-0.2223825904484937,-0.2784571363042038,-0.4794758203104481,-0.5849305605033417,-0.928545848584576,0.530930957015494,0.0864684185322207,0.7872410665303631,-0.2475951875544917,-0.9019267788874382,-0.6410207774686811,2015-01-18,-1.084248584764553,0.3141390602858972,0.8688012087468271,0.2007040570673854,0.3517624468700125,-1.4516135742528065,-1.1518143629406288,-0.3805468386873412,0.1580956628942965,-1.1607218779702453,-1.2101737191482849,1.3621065745757797,-1.1987115360533993,0.0431273990388091,-0.4188614307932289,0.7009976024688422,-0.0105393881355977,-1.1019274198107387,-1.4660567181172324,0.1491804516969604,0,-0.15488040454491506,0,-0.36642246642246634,1,Medium,-0.2443723479305093,Evening,0.27159678354001565,6.297400079599969,-0.22846938450120655
0.0960057543422398,-0.4321500642325706,330119,2004-06-15,-1.2208859638003056,1.3045417237184185,-0.2223825904484937,-0.53681083120864,-0.4794758203104481,1.464151429223136,1.0769527444706637,1.0444038361407302,-1.6379729766972524,0.2618298986569282,-1.437956666181856,0.533913688017395,-0.5911810497924704,2015-01-15,1.6911317516634838,-1.566933156994924,1.9335085724071543,1.065807751323357,1.279895552067935,-0.9621956463186168,0.8435091650407311,-0.8123322078484696,-0.8238649762007128,-1.1607218779702453,1.2296926501022896,-0.4384308670313317,0.0358008594701839,-1.899398016782292,-1.4786110648386006,-1.4432015702777692,-1.904397773898974,1.1408013857742114,1.4987595398720228,-0.6823716759338719,0,3.5383070621224513,0,0.5051282051282051,0,Low,1.0026328129782753,Evening,-4.826210409015344,2.540917125999952,2.9268123922330522
-1.4163065085175957,-0.6510710694162436,164464,2010-09-26,1.1871731363975355,0.0609366486770281,-1.0399656435679565,0.1557245847437595,-0.4794758203104481,-0.3474391546024186,1.0769527444706637,-0.4960148012349781,-0.4062291229619144,-0.088444213258695,-1.437956666181856,-0.9019267788874382,0.9538505081700628,2015-02-23,1.6911317516634838,-1.566933156994924,-0.1959061549135001,1.065807751323357,-1.5045037635258325,-1.4516135742528065,-0.3862475232116695,-0.524475295074384,-0.8238649762007128,1.3036557822638213,-1.2101737191482849,-1.3386995878348875,-1.1987115360533993,-1.6595192442082076,-1.240833584085674,-1.24827437275535,-1.680313271191867,0.3932251172458947,0.690173287693135,0.9807325793277928,0,-10.656689759353823,0,-0.4598956598956599,0,Low,1.0125307612954753,Evening,-4.169421228032891,2.512428677771007,2.509901983824683
-1.3815407093713925,-0.8699920745999167,927354,1990-09-15,-0.0168564137013849,-1.182668426364362,-1.0399656435679565,0.8321974077695071,-0.4794758203104481,-0.3533555092500092,1.0769527444706637,0.530930957015494,1.3182122722675589,-0.9641294930477532,-0.8427759268681739,-0.9019267788874382,0.9538505081700628,2015-02-17,-0.1591218059552074,-1.566933156994924,-0.1959061549135001,1.065807751323357,-1.040437210926871,1.484893993352331,-1.148350259593439,-0.8123322078484696,-0.8238649762007128,-1.1607218779702453,0.0097594654770023,1.3621065745757797,-1.1987115360533993,-1.7720690000605033,-1.318726207090943,-1.3270747292005831,-1.7973881532208753,-0.8527353303012999,-0.0285700475769874,-0.8486821014600384,0,-2.129382829282354,0,0.02727827727827728,0,Low,1.0142884771687697,Evening,-4.443189089512401,2.5073468339593616,2.671120089451898
-0.4167897830642561,-0.103768556457061,231508,2009-09-16,-1.2208859638003056,-1.182668426364362,-1.0399656435679565,0.4572260101373901,-0.4794758203104481,-0.5398602173153286,1.0769527444706637,-0.4960148012349781,-1.3916242059501849,0.4369669546147398,0.3475855517591904,0.0493175304370138,0.9538505081700628,2015-02-17,-1.084248584764553,-0.6263970483545135,-1.2606135185738274,-0.6643996371885862,1.279895552067935,0.0166402095497623,-1.442799044104577,1.634451550731258,1.1400563019893055,-1.1607218779702453,-1.2101737191482849,1.3621065745757797,-1.1987115360533993,0.0923916019371203,0.739278884943009,-0.3897652262204398,0.0376679162292882,-1.1019274198107387,-1.645742551934763,-1.1813029525123715,1,0.20206943135174354,0,-0.23472083472083466,1,Medium,0.4076940733298526,Night,0.3871815749518574,4.190612309147456,-0.2947899730147371
0.3654406977253139,0.6624549616857945,272910,1999-08-12,-0.0168564137013849,0.0609366486770281,-1.0399656435679565,1.3848407516515262,-0.4794758203104481,1.4660909888835487,1.0769527444706637,-1.5229605594854505,0.0864684185322207,0.4369669546147398,0.3475855517591904,-0.9019267788874382,0.9538505081700628,2015-01-18,-0.1591218059552074,-1.566933156994924,1.9335085724071543,1.065807751323357,0.3517624468700125,0.9954760654181416,-0.1402961855611893,0.19516698686083,-0.8238649762007128,0.071466952146788,-1.2101737191482849,1.3621065745757797,1.2703132549937672,-1.7243206187898323,-1.3884196066219732,-1.2607165342993345,-1.7295800767515852,-1.1019274198107387,-1.645742551934763,0.4818013027492934,0,-1.2451391046908087,0,-0.47667887667887665,0,Low,1.0030507441337615,Night,-4.378716217672893,2.539387808361177,2.6543955988830605
-0.2255778877601389,0.0056919461347754,305758,2009-03-08,-1.2208859638003056,-1.182668426364362,-1.0399656435679565,-0.9031772683443368,-0.4794758203104481,-0.5018085684380186,-0.928545848584576,0.0174580778902579,0.0864684185322207,-0.088444213258695,0.3475855517591904,-0.9019267788874382,0.9538505081700628,2015-01-17,-1.084248584764553,-0.6263970483545135,-0.1959061549135001,1.065807751323357,-1.040437210926871,1.484893993352331,0.0848705320061515,-1.244117577009598,1.1400563019893055,0.071466952146788,1.2296926501022896,-1.3386995878348875,-1.1987115360533993,0.4516413276878819,0.8868649074793084,0.9042195743539176,0.1711650667782031,1.1408013857742114,1.4987595398720228,0.8144221538016264,0,-0.5000588960511674,0,0.7741258741258741,1,Medium,0.3789836697867937,Evening,1.962249548611429,4.34469806817462,-1.5106082209235472
0.2872176496463569,0.4435339565021215,950542,2009-04-27,1.1871731363975355,0.0609366486770281,-1.0399656435679565,-1.4131645937655288,-0.4794758203104481,-0.714922918750874,-0.928545848584576,1.557876715265966,-0.8989266644560496,-1.489540660921188,-1.437956666181856,1.00774104209599,0.9538505081700628,2015-02-25,0.7660049728541383,0.3141390602858972,-1.2606135185738274,1.065807751323357,1.279895552067935,0.5060581374839519,-0.2372910792825054,1.634451550731258,-0.8238649762007128,0.071466952146788,-1.2101737191482849,-0.4384308670313317,0.0358008594701839,0.2439737647011547,-1.5237067939469142,0.92080912307923,0.4996104371763271,0.1440330277364557,0.5104874538756043,-1.1813029525123715,0,-0.17264368101293914,0,-0.49206349206349204,1,Medium,2.047795548807276,Night,-0.10328723369135712,-0.42335211929755895,0.3472609983925118
-0.6688418268742287,-0.5416105668244071,291544,2006-08-02,1.1871731363975355,1.3045417237184185,-1.0399656435679565,0.2604592467859067,-0.4794758203104481,1.443737214955624,-0.928545848584576,-1.5229605594854505,-0.1598803522148468,-0.7889924370899414,0.3475855517591904,1.743609281384717,0.9538505081700628,2015-01-06,1.6911317516634838,-1.566933156994924,-0.1959061549135001,1.065807751323357,-1.5045037635258325,-1.4516135742528065,-0.6356629642093395,-0.524475295074384,-0.8238649762007128,1.3036557822638213,0.0097594654770023,1.3621065745757797,-1.1987115360533993,-1.8213332029588143,-1.4273659181246077,-1.3395168907445676,-1.8350004456374347,-1.1019274198107387,-1.645742551934763,-1.1813029525123715,0,-6.992749279147828,0,0.01492396492396493,0,Low,1.0075045302863561,Evening,-4.6018832545066095,2.5266578205945613,2.780550051547795
-1.763964499979627,-0.6510710694162436,388616,1995-12-06,1.1871731363975355,0.0609366486770281,1.412783515790431,0.5540932797256678,-0.4794758203104481,-0.4859292958225515,1.0769527444706637,-1.5229605594854505,-0.8989266644560496,0.0866928426991166,-1.437956666181856,1.2949091354769566,0.9538505081700628,2015-02-26,0.7660049728541383,1.254675168926308,0.8688012087468271,0.2007040570673854,-1.040437210926871,-0.9621956463186168,1.1102451227743504,1.634451550731258,-0.8238649762007128,1.3036557822638213,-1.2101737191482849,1.3621065745757797,0.0358008594701839,0.6305082797494426,-0.1011415211664733,-0.0953007363461469,0.9318869246680516,1.3899934752836502,-1.1066850504821713,-0.8486821014600384,0,1.1379079388107152,0,-0.33029193029193027,1,High,1.4779908156758186,Night,0.7354446671554313,1.1664295685666815,-0.10493638740598876
-1.7291987008334238,-1.9645971005182816,577992,2002-11-13,-0.0168564137013849,0.0609366486770281,-1.0399656435679565,-1.397265904848333,1.6979802210630677,1.5502734596121193,-0.928545848584576,-0.4960148012349781,0.0864684185322207,-0.088444213258695,0.3475855517591904,-0.9019267788874382,0.9538505081700628,2015-02-11,0.7660049728541383,1.254675168926308,0.8688012087468271,1.065807751323357,-1.040437210926871,0.5060581374839519,1.0790681926496417,1.634451550731258,-0.8238649762007128,1.3036557822638213,-1.2101737191482849,-1.3386995878348875,0.0358008594701839,-0.4646728462207062,-0.6935354171802305,-0.6945981840480528,-0.292896456558501,1.6391855647930893,0.8698591215106656,-1.1813029525123715,0,0.33255887599291306,0,-0.3976578976578976,0,Low,0.6303296809150415,Night,-1.6810300577867845,3.617671420076399,1.2163572115660783
-1.2164031634269277,-1.1983735823754262,342830,1991-11-09,-1.2208859638003056,1.3045417237184185,-0.2223825904484937,0.8703870419726686,-0.4794758203104481,-0.3695417625311532,1.0769527444706637,0.0174580778902579,0.5791659600263559,-0.2635812692165066,-0.2475951875544917,1.136966684117425,-0.890219415849735,2015-02-13,-1.084248584764553,1.254675168926308,-0.1959061549135001,-0.6643996371885862,0.3517624468700125,0.9954760654181416,-1.0097861257058445,-0.3805468386873412,1.1400563019893055,0.071466952146788,1.2296926501022896,-0.4384308670313317,0.0358008594701839,0.2742901972539617,-0.4988038596670577,0.5392495023970475,0.3745892961860734,0.8916092962647725,-1.1965279673909366,-1.347613378038538,0,0.31513553039205794,0,0.6165501165501166,1,Medium,1.3656628427606716,Evening,0.4150349389160632,1.5131179675875241,-0.1407447416621015
-0.538470080075967,-0.9794525771917532,491170,1998-01-14,-0.0168564137013849,1.3045417237184185,-1.0399656435679565,0.6406755727206037,-0.4794758203104481,1.4239090546862228,1.0769527444706637,1.557876715265966,-1.3916242059501849,-1.489540660921188,1.5379470303865548,1.4815683961745851,-1.3138571010975264,2015-01-10,0.7660049728541383,1.254675168926308,-0.1959061549135001,0.2007040570673854,1.279895552067935,0.9954760654181416,0.898934818595769,1.4905230943442151,-0.8238649762007128,1.3036557822638213,1.2296926501022896,1.3621065745757797,0.0358008594701839,0.5516855551121447,0.7761753905770838,0.7922401204580597,0.3682322890170775,-0.354351151282422,0.0612728693317778,-1.5139238035647045,0,0.8610983741288326,0,0.7615384615384615,1,High,0.6674664908993925,Night,1.936647800052221,3.510413262941575,-1.3849622449400762
-0.929585320470752,-1.3078340849672627,175553,2002-04-25,1.1871731363975355,1.3045417237184185,-1.0399656435679565,1.3598044142071792,-0.4794758203104481,-0.9327257010486124,-0.928545848584576,-0.4960148012349781,-0.652577893708982,-0.9641294930477532,-1.437956666181856,1.133377082950163,-0.8012199021422157,2015-01-24,-1.084248584764553,1.254675168926308,0.8688012087468271,0.2007040570673854,0.8158289994689738,0.9954760654181416,0.8746860951654399,1.4905230943442151,1.1400563019893055,1.3036557822638213,1.2296926501022896,-0.4384308670313317,1.2703132549937672,0.8688712306958868,0.2001799415118044,0.209532221481466,1.1093533748025215,-1.1019274198107387,-1.4660567181172324,1.4796638559062922,0,0.6389673269557272,0,0.696037296037296,1,High,1.2767738864367104,Night,1.5190655377957918,1.7483186642749071,-0.650194307099905
-0.7209905255935334,-0.8699920745999167,439341,1991-07-20,-0.0168564137013849,-1.182668426364362,-0.2223825904484937,-0.4732570515422196,-0.4794758203104481,-0.3185132036956846,1.0769527444706637,-1.5229605594854505,-1.6379729766972524,-0.7889924370899414,-0.2475951875544917,0.9395386199180104,0.9538505081700628,2015-02-15,-1.084248584764553,1.254675168926308,-1.2606135185738274,-0.6643996371885862,0.8158289994689738,0.0166402095497623,-1.3423400470360711,0.4830238996349156,1.1400563019893055,0.071466952146788,0.0097594654770023,0.461837853772224,-1.1987115360533993,0.4372410222252987,-0.2056816204630187,-0.2010591094700127,0.7157486809221894,0.1440330277364557,1.1393878722369617,-0.5160612504077055,1,-0.9238994848569665,0,0.15385170385170388,1,Medium,1.6369622418253842,Night,0.30900795098915795,0.7067206153161892,0.12823307123614075
0.1829202522077476,0.4435339565021215,221186,2004-08-13,1.1871731363975355,-1.182668426364362,-0.2223825904484937,1.0700221254896258,-0.4794758203104481,1.6279535216949887,1.0769527444706637,0.0174580778902579,1.3182122722675589,0.7872410665303631,0.3475855517591904,-0.9019267788874382,0.2098145735752024,2015-01-09,-1.084248584764553,0.3141390602858972,-1.2606135185738274,1.065807751323357,0.3517624468700125,-0.9621956463186168,1.4566554574933366,0.6269523560219584,1.1400563019893055,0.071466952146788,1.2296926501022896,-1.3386995878348875,1.2703132549937672,0.4410305762943995,-0.203631814594459,-0.1989854158793486,0.7199866857015199,-0.1051590617729831,1.588602456780788,0.9807325793277928,0,0.41216920063535156,0,0.6501165501165501,1,Medium,1.6325059800727533,Night,0.3173694552277123,0.7196071036325534,0.1236611210666872
1.9212102095179036,1.5381389824204867,868031,1990-06-24,1.1871731363975355,0.0609366486770281,1.412783515790431,-1.410050417585872,-0.4794758203104481,-0.5080039964180427,-0.928545848584576,-0.4960148012349781,1.3182122722675589,-0.7889924370899414,-1.437956666181856,0.6380121218679955,-0.4381018862155373,2015-01-31,-1.084248584764553,-0.6263970483545135,-0.1959061549135001,-0.6643996371885862,1.279895552067935,0.0166402095497623,0.2961808361847331,0.7708808124090012,1.1400563019893055,-1.1607218779702453,0.0097594654770023,0.461837853772224,-1.1987115360533993,1.6794568460765609,1.7928791013827017,1.8207921414274209,1.4192574742910742,-1.1019274198107387,-1.645742551934763,-0.017129973829206,0,-1.1910624018780405,1,0.3811244311244311,1,High,0.8450688283761634,Night,5.032928717101196,2.996757988810969,-3.3534718710246354
0.7044072394007943,0.5529944590939581,844117,1991-08-21,1.1871731363975355,0.0609366486770281,1.412783515790431,-0.4593661867408555,-0.4794758203104481,1.5103938804073695,1.0769527444706637,0.530930957015494,1.3182122722675589,-1.6646777168789997,-0.8427759268681739,0.9862034350924176,0.9538505081700628,2015-02-04,1.6911317516634838,-1.566933156994924,-0.1959061549135001,1.065807751323357,1.279895552067935,0.5060581374839519,-1.546722144520273,-1.244117577009598,-0.8238649762007128,1.3036557822638213,0.0097594654770023,-1.3386995878348875,-1.1987115360533993,-1.7910167704060074,-1.4212165005189286,-1.4307594087337852,-1.7709006233500588,0.8916092962647725,-0.8371562997558752,0.8144221538016264,0,3.8988953061791,0,0.015623265623265624,0,Low,0.9887688610070761,Evening,-4.622876532602772,2.581147865356209,2.831859762196765
-0.103897590748428,-0.103768556457061,744557,2011-02-25,-0.0168564137013849,1.3045417237184185,-0.2223825904484937,0.1025377336754076,-0.4794758203104481,-0.9601446559602054,-0.928545848584576,1.0444038361407302,-0.4062291229619144,-0.2635812692165066,-0.8427759268681739,1.434903581000178,-0.8368197076252234,2015-01-30,-1.084248584764553,0.3141390602858972,0.8688012087468271,0.2007040570673854,0.3517624468700125,0.0166402095497623,1.5397939378258931,-0.2366183823002983,1.1400563019893055,-1.1607218779702453,-1.2101737191482849,0.461837853772224,0.0358008594701839,-0.8360491449925905,-0.8944163922990823,-0.2611962235992697,-0.870854358339716,1.1408013857742114,1.4987595398720228,0.8144221538016264,0,-8.1534959036958,0,-0.42050172050172047,0,Low,1.0416318289270698,Evening,-2.026466974238068,2.4238639680924448,1.1904178292454777
0.7044072394007943,0.990836469461304,159536,2013-02-04,-1.2208859638003056,-1.182668426364362,1.412783515790431,-0.6333093167756428,-0.4794758203104481,-0.6047447671061214,-0.928545848584576,-1.0094876803602142,-0.8989266644560496,1.312652234403798,1.5379470303865548,0.7528793592203822,0.9538505081700628,2015-02-27,0.7660049728541383,1.254675168926308,-0.1959061549135001,1.065807751323357,-0.1123041057289486,1.484893993352331,-1.1899194997597171,-0.3805468386873412,-0.8238649762007128,0.071466952146788,0.0097594654770023,0.461837853772224,1.2703132549937672,-0.7306995418715866,-0.761179010842701,-0.763030072539966,-0.6298178365152863,1.6391855647930893,0.8698591215106656,1.1470430048539593,0,1.1537816929229525,0,0.09068154068154068,0,Low,0.8619393640804212,Evening,-2.1540269198979534,2.947900941995452,1.4233273780263667
-0.9208938706842013,-1.4172945875590992,727109,2001-02-20,-0.0168564137013849,1.3045417237184185,1.412783515790431,-0.71423692144436,-0.4794758203104481,-0.3341413103119615,1.0769527444706637,0.0174580778902579,0.0864684185322207,-1.139266549005565,-0.2475951875544917,-0.9019267788874382,-0.1461834812548744,2015-02-05,-1.084248584764553,-0.6263970483545135,0.8688012087468271,1.065807751323357,1.279895552067935,0.0166402095497623,-1.498224697659615,0.19516698686083,0.1580956628942965,-1.1607218779702453,-1.2101737191482849,-0.4384308670313317,1.2703132549937672,0.4800629832061384,1.4567109389389086,-0.0268688478542338,0.30148371374262,1.1408013857742114,1.4987595398720228,-0.6823716759338719,0,-0.6721350310067483,0,-0.15313575313575306,1,Medium,0.6280073579549574,Night,1.7313258048272948,3.6064480264995584,-1.2512628216211565
-0.2516522371197913,-0.3226895616407341,155604,1992-03-03,1.1871731363975355,1.3045417237184185,-1.0399656435679565,-0.2907909130157399,-0.4794758203104481,-0.8879344311930328,1.0769527444706637,1.0444038361407302,0.0864684185322207,-1.139266549005565,-0.8427759268681739,0.7098041452132372,-0.9151392796878404,2015-01-30,-1.084248584764553,0.3141390602858972,-1.2606135185738274,1.065807751323357,-1.5045037635258325,0.0166402095497623,-0.6287347575149598,0.4830238996349156,1.1400563019893055,1.3036557822638213,1.2296926501022896,-0.4384308670313317,1.2703132549937672,-0.3820605675143074,-0.7283821169457456,0.0747421380883038,-0.3649425378071218,-1.6003115988296166,1.049544955328196,0.1491804516969604,1,1.3138714598178898,0,0.5904428904428904,1,Low,0.9551980079479502,Night,-1.0185825166645637,2.666030648810855,0.6365219491502563
0.4784295449504741,0.6624549616857945,608443,2006-12-21,-1.2208859638003056,1.3045417237184185,1.412783515790431,-0.3332830274671124,-0.4794758203104481,-0.615265831738865,1.0769527444706637,0.530930957015494,-0.1598803522148468,-0.9641294930477532,-0.8427759268681739,0.1785431724584488,0.9538505081700628,2015-01-03,0.7660049728541383,1.254675168926308,-0.1959061549135001,-0.6643996371885862,1.279895552067935,1.484893993352331,0.3793193165172898,1.634451550731258,-0.8238649762007128,-1.1607218779702453,0.0097594654770023,-0.4384308670313317,0.0358008594701839,1.327028317650181,0.1120382891637367,0.1203633970829126,1.795380398456668,0.8916092962647725,-1.016842133573406,0.9807325793277928,0,-3.9816978063154913,1,0.18998223998223998,1,High,1.3529319771441173,Night,2.0277820847033174,1.5280612551152863,-0.7007537670531365
-0.5558529796490685,-0.3226895616407341,117862,2000-07-14,1.1871731363975355,1.3045417237184185,1.412783515790431,-1.1356341297547838,-0.4794758203104481,-0.9049020898049908,-0.928545848584576,0.0174580778902579,-0.4062291229619144,1.1375151784459865,0.3475855517591904,-0.9019267788874382,-1.4313364591914517,2015-03-01,-1.084248584764553,-0.6263970483545135,-1.2606135185738274,-0.6643996371885862,-1.040437210926871,0.9954760654181416,0.673768101028428,-1.388046033396641,2.1220169410843157,1.3036557822638213,-1.2101737191482849,0.461837853772224,1.2703132549937672,0.7593531180988718,1.460810550676028,1.4848537797398471,0.304662217327118,0.8916092962647725,-1.1965279673909366,-1.1813029525123715,0,-0.6686605895892084,0,-0.15266955266955262,1,High,0.40121230670332575,Evening,3.250326547742993,4.28038311806427,-2.490973429644121
0.2350689509270523,-0.2132290590488975,991553,1991-12-12,1.1871731363975355,0.0609366486770281,-1.0399656435679565,-1.375138863571823,-0.4794758203104481,-0.4682918612127532,-0.928545848584576,-0.4960148012349781,-0.8989266644560496,0.9623781224881748,1.5379470303865548,-0.9019267788874382,0.9538505081700628,2015-02-13,0.7660049728541383,0.3141390602858972,-1.2606135185738274,-0.6643996371885862,0.3517624468700125,-0.4727777183844272,-0.6910886177643772,0.3390954432478728,-0.8238649762007128,1.3036557822638213,1.2296926501022896,-1.3386995878348875,-1.1987115360533993,0.698341297586348,-1.5237067939469142,0.1058475419482643,1.3429733882631227,1.3899934752836502,-1.1066850504821713,-1.347613378038538,1,-0.5078336624172765,0,0.5,1,High,1.923087564514976,Night,-0.07488586373552719,-0.10723375054661896,0.7732271613218752
-0.1560462894677327,-0.103768556457061,727443,2013-07-01,1.1871731363975355,-1.182668426364362,-1.0399656435679565,-1.3667797590895856,-0.4794758203104481,-0.4195377500366178,1.0769527444706637,-0.4960148012349781,-1.6379729766972524,1.662926346319421,-1.437956666181856,1.6215628416978063,-1.5701757005751815,2015-02-25,1.6911317516634838,-1.566933156994924,1.9335085724071543,1.065807751323357,-1.040437210926871,-0.4727777183844272,-0.1264397721724299,-0.6684037514614268,-0.8238649762007128,-1.1607218779702453,0.0097594654770023,-0.4384308670313317,1.2703132549937672,-1.863018297718924,-1.4417145592045255,-1.4514963446404254,-1.860958224910835,0.8916092962647725,-0.8371562997558752,-1.014992526986205,0,1.363072322663168,0,0.013292263292263313,0,Low,0.9988947645249401,Evening,-4.754169128755786,2.5518652642553477,2.8911508310368617
0.2176860513539507,0.2246129513184485,378587,1998-12-16,1.1871731363975355,0.0609366486770281,1.412783515790431,-0.6097890914187599,0.8269978045136612,-0.4606452519040748,1.0769527444706637,1.557876715265966,-0.652577893708982,0.9623781224881748,-0.8427759268681739,1.4456723845019643,0.9538505081700628,2015-01-23,0.7660049728541383,1.254675168926308,-1.2606135185738274,0.2007040570673854,-1.040437210926871,-0.9621956463186168,0.4382090734195174,1.634451550731258,-0.8238649762007128,0.071466952146788,0.0097594654770023,1.3621065745757797,0.0358008594701839,0.3743344246782244,0.6162905328294263,0.6304920203862651,0.2029501026231828,1.3899934752836502,-1.1066850504821713,0.6481117282754599,0,-0.6138762464305944,0,0.24732489732489735,1,Medium,0.5421610920142997,Night,1.4497326558388741,3.8728171587956237,-1.0753982311606496
-0.2081949881870374,-0.3226895616407341,420948,2015-01-03,-1.2208859638003056,-1.182668426364362,-1.0399656435679565,0.0657822595549825,-0.4794758203104481,-0.6175263257315765,1.0769527444706637,-1.0094876803602142,1.5645610430146262,1.4877892903616097,1.5379470303865548,-0.9019267788874382,0.9538505081700628,2015-02-19,-1.084248584764553,-0.6263970483545135,-0.1959061549135001,-1.5295033314445576,-1.040437210926871,0.5060581374839519,-1.522473421089944,-0.6684037514614268,1.1400563019893055,1.3036557822638213,1.2296926501022896,-0.4384308670313317,-1.1987115360533993,0.6392242541083746,1.0713474356496826,-0.221796045376653,0.673368633128883,-0.603543240791861,-0.7473133828471099,-1.1813029525123715,0,9.717126491339377,0,0.7951048951048951,1,High,1.053413689151148,Evening,1.5229200234019125,2.3824465845395335,-0.8836957692935379
-0.1386633898946312,-0.6510710694162436,457188,1994-04-01,-1.2208859638003056,0.0609366486770281,-0.2223825904484937,0.343517603577547,-0.4794758203104481,-0.7526675869625071,1.0769527444706637,-0.4960148012349781,-1.1452754352031171,0.9623781224881748,0.3475855517591904,-0.9019267788874382,-1.4954161090608655,2015-02-08,-1.084248584764553,0.3141390602858972,-0.1959061549135001,1.065807751323357,-1.040437210926871,-0.4727777183844272,-0.2684680094072142,-0.524475295074384,1.1400563019893055,1.3036557822638213,0.0097594654770023,-1.3386995878348875,-1.1987115360533993,0.8809978037170095,1.3091249164026093,-0.101521817118139,0.9191729103300595,0.3932251172458947,0.9597020384194308,-1.680234229090871,1,2.5646290900752637,0,0.32611277611277617,1,High,1.043330486320742,Evening,2.12677600961453,2.414050961978018,-1.2457782058975204
0.087314304555689,0.1151524487266119,118236,2000-08-15,1.1871731363975355,-1.182668426364362,-0.2223825904484937,1.6045950523291623,-0.4794758203104481,1.495700669454745,1.0769527444706637,0.0174580778902579,-0.4062291229619144,-1.6646777168789997,-0.8427759268681739,1.1692730946227838,-0.5947410303407712,2015-02-04,0.7660049728541383,0.3141390602858972,0.8688012087468271,0.2007040570673854,1.279895552067935,0.5060581374839519,0.323893662962252,0.7708808124090012,-0.8238649762007128,0.071466952146788,0.0097594654770023,-1.3386995878348875,1.2703132549937672,-0.3237014348501542,0.124337124375095,-0.700819264820045,-0.3056104708964929,-1.6003115988296166,0.3308016200580737,-0.8486821014600384,0,-0.20173390952837206,0,0.1913808413808414,0,Low,0.944115107654905,Night,-0.8820926113414429,2.7250275760357776,0.5583911764912888
-0.2255778877601389,-0.103768556457061,987524,2014-11-13,-1.2208859638003056,0.0609366486770281,-1.0399656435679565,0.5111094532459288,-0.4794758203104481,-0.4041189484196659,-0.928545848584576,-1.0094876803602142,1.0718635015204911,0.7872410665303631,1.5379470303865548,-0.9019267788874382,0.9538505081700628,2015-02-22,-1.084248584764553,0.3141390602858972,-0.1959061549135001,0.2007040570673854,-1.040437210926871,0.5060581374839519,-0.1125833587836704,-0.2366183823002983,1.1400563019893055,0.071466952146788,-1.2101737191482849,1.3621065745757797,0.0358008594701839,0.1681826833191375,-0.4578077422958634,0.6221972460236089,0.1944740930645216,-0.1051590617729831,0.2409587031493084,0.9807325793277928,0,0.3290534995930004,0,-0.3708513708513708,1,Medium,1.156319621657332,Evening,0.3588635967922671,2.133759885085311,-0.1906809134731296
-1.2946262115058846,-0.4321500642325706,490596,2011-02-04,-1.2208859638003056,1.3045417237184185,-1.0399656435679565,-0.2375221099426602,3.004453845887177,-0.8691946569201222,1.0769527444706637,0.530930957015494,1.3182122722675589,-0.6138553811321298,1.5379470303865548,-0.9019267788874382,0.9538505081700628,2015-01-14,1.6911317516634838,-1.566933156994924,-0.1959061549135001,1.065807751323357,1.279895552067935,-0.9621956463186168,-0.6183424474733902,-0.3805468386873412,-0.8238649762007128,0.071466952146788,-1.2101737191482849,1.3621065745757797,0.0358008594701839,-1.8827239788782484,-1.4089176653075703,-1.418317247189801,-1.9054572750938064,1.6391855647930893,1.4089166229632577,-1.1813029525123715,0,7.926554314825976,0,-0.479009879009879,0,Low,1.0120752210870148,Evening,-4.732692187591177,2.513748565607341,2.849968208712929
-0.9904254689766074,-0.8699920745999167,524215,1990-06-24,1.1871731363975355,0.0609366486770281,1.412783515790431,-1.2503259603713608,-0.4794758203104481,1.4779236981787298,-0.928545848584576,1.557876715265966,1.0718635015204911,-1.3144036049633765,-0.8427759268681739,0.6092953125298988,0.9538505081700628,2015-01-06,0.7660049728541383,0.3141390602858972,0.8688012087468271,0.2007040570673854,0.3517624468700125,-0.4727777183844272,1.2418810499675652,-1.388046033396641,-0.8238649762007128,1.3036557822638213,0.0097594654770023,-1.3386995878348875,1.2703132549937672,0.8726607847649877,1.3009256929283703,-0.1056692042994671,0.9106969007713984,-1.6003115988296166,1.049544955328196,0.3154908772231269,0,-0.6979471836711932,0,0.3251803751803752,1,High,1.0435851743143008,Evening,2.1059533894003017,2.413252678375788,-1.233292604635314
-0.5993102285818225,-0.9794525771917532,913464,2009-01-21,-0.0168564137013849,1.3045417237184185,1.412783515790431,0.3476152038139378,-0.4794758203104481,1.40215528842303,-0.928545848584576,0.530930957015494,0.3328171892792883,-0.2635812692165066,1.5379470303865548,0.4298152541667946,-0.7015404467897942,2015-01-19,-1.084248584764553,0.3141390602858972,-0.1959061549135001,-1.5295033314445576,1.279895552067935,0.9954760654181416,1.4774400775764758,0.914809268796044,1.1400563019893055,0.071466952146788,-1.2101737191482849,-0.4384308670313317,0.0358008594701839,-0.7613949298313036,-0.3061221080224446,-0.9185570918397686,-0.7506009727262093,0.8916092962647725,-1.1965279673909366,-0.349750824881539,0,-2.190332100395532,0,-0.35360195360195357,0,Low,0.9858247397539857,Night,-1.9752801725884226,2.594294615700536,1.213885242757119
0.6348756411083881,0.771915464277631,398484,1992-11-07,-1.2208859638003056,0.0609366486770281,1.412783515790431,-0.3230390268761355,-0.4794758203104481,-0.4464404192832088,-0.928545848584576,-1.5229605594854505,-1.6379729766972524,0.0866928426991166,-1.437956666181856,-0.9019267788874382,-1.3779367509669402,2015-01-24,1.6911317516634838,-1.566933156994924,-0.1959061549135001,1.065807751323357,0.8158289994689738,-1.4516135742528065,1.1552784662878186,-1.1001891206225551,-0.8238649762007128,-1.1607218779702453,1.2296926501022896,1.3621065745757797,0.0358008594701839,-1.8527865017323517,-1.4355651415988466,-1.35610643946988,-1.872612738053994,1.1408013857742114,1.4987595398720228,0.8144221538016264,0,5.735505877277962,0,0.51002331002331,0,Low,1.0107013123230422,Evening,-4.664284319122721,2.517444310073466,2.811497817390369
0.0612399551960367,-0.103768556457061,752504,1997-05-15,-0.0168564137013849,0.0609366486770281,-0.2223825904484937,-0.824913103829274,-0.4794758203104481,-0.9483538076648892,-0.928545848584576,1.0444038361407302,-0.4062291229619144,0.0866928426991166,0.3475855517591904,-0.9019267788874382,0.9538505081700628,2015-01-27,0.7660049728541383,-0.6263970483545135,0.8688012087468271,-0.6643996371885862,-1.040437210926871,-0.9621956463186168,-1.2488092566619449,0.0512385304737872,-0.8238649762007128,-1.1607218779702453,-1.2101737191482849,1.3621065745757797,1.2703132549937672,1.468757639834553,0.181731688694767,1.9161820465979664,1.5167315842156788,-0.1051590617729831,1.6784453736895533,-0.017129973829206,1,-1.7805019868377772,1,-0.29812409812409807,1,High,1.032662238083263,Night,3.614645319508412,2.461020634347098,-2.145887679673859
-0.4167897830642561,-0.7605315720080802,449263,1992-03-20,-1.2208859638003056,0.0609366486770281,-1.0399656435679565,0.9140674604925942,-0.4794758203104481,-0.7925890271671218,1.0769527444706637,1.0444038361407302,1.5645610430146262,0.6121040105725515,0.9427662910728726,-0.9019267788874382,0.9538505081700628,2015-01-13,0.7660049728541383,-0.6263970483545135,-1.2606135185738274,0.2007040570673854,-1.040437210926871,0.5060581374839519,-1.647181141588779,0.4830238996349156,-0.8238649762007128,1.3036557822638213,0.0097594654770023,1.3621065745757797,1.2703132549937672,0.8309756900048781,-0.131888609194869,1.281631807854772,0.868316852978092,0.3932251172458947,0.9597020384194308,0.4818013027492934,1,0.9090956814734236,0,0.16224331224331226,1,High,1.0449352712565194,Night,2.018060051637995,2.4285399048030434,-1.1870843616331168
-1.0425741676959122,-0.9794525771917532,844007,1995-07-17,-0.0168564137013849,1.3045417237184185,1.412783515790431,2.339622582732934,-0.4794758203104481,-0.9435677000136544,1.0769527444706637,-1.5229605594854505,1.3182122722675589,-0.6138553811321298,-0.2475951875544917,-0.9019267788874382,0.3878136009902408,2015-01-15,1.6911317516634838,-1.566933156994924,1.9335085724071543,1.065807751323357,0.8158289994689738,1.484893993352331,0.0606218085758225,-0.3805468386873412,-0.8238649762007128,1.3036557822638213,0.0097594654770023,1.3621065745757797,-1.1987115360533993,-1.8243648462140951,-1.4376149474674065,-1.360253826651208,-1.8312921914555205,-1.3511195093201778,-1.2863708842997017,-1.1813029525123715,0,-0.7797685318605991,0,0.013758463758463735,0,Low,1.0037976773415034,Evening,-4.629160965574135,2.5374110406652335,2.8047961193600397
-0.5906187787952717,-0.7605315720080802,686522,2000-12-27,-0.0168564137013849,-1.182668426364362,-1.0399656435679565,-0.3556149487554422,-0.4794758203104481,-0.6010051844515123,-0.928545848584576,0.0174580778902579,-0.8989266644560496,0.2618298986569282,-0.8427759268681739,-0.9019267788874382,0.9538505081700628,2015-02-04,0.7660049728541383,1.254675168926308,-1.2606135185738274,1.065807751323357,0.3517624468700125,-1.4516135742528065,0.9162553353317182,-0.8123322078484696,-0.8238649762007128,1.3036557822638213,-1.2101737191482849,-1.3386995878348875,0.0358008594701839,0.0848124937989186,0.5260990746127988,0.5392495023970475,-0.1551613012302555,-0.603543240791861,-0.9269992166646406,0.4818013027492934,1,-0.23849597040763057,0,-0.2589632589632589,1,Medium,-1.8294412160183156,Evening,0.9101872757795908,10.7316328453291,-0.8253747819806722
0.9216934840645638,0.990836469461304,670142,1999-08-06,-0.0168564137013849,-1.182668426364362,-1.0399656435679565,1.0651050052059567,-0.4794758203104481,-0.3774116305057783,-0.928545848584576,0.0174580778902579,-1.6379729766972524,-0.088444213258695,0.9427662910728726,-0.5070706504886091,0.9538505081700628,2015-01-04,-1.084248584764553,0.3141390602858972,-1.2606135185738274,1.065807751323357,0.3517624468700125,1.484893993352331,-1.3596605637720205,-0.0926899259132555,2.1220169410843157,1.3036557822638213,-1.2101737191482849,0.461837853772224,0.0358008594701839,0.2515528728393565,1.182036952551907,-0.1658063184287241,0.0885239735812558,-1.1019274198107387,-1.5558996350259977,-1.5139238035647045,1,0.23617637268950936,0,-0.18437118437118433,1,Medium,0.35190860940466473,Evening,1.1047546077044386,4.391721722407908,-0.853201734865082
-0.7036076260204318,-0.5416105668244071,607687,2007-03-03,1.1871731363975355,1.3045417237184185,1.412783515790431,0.0565626590231033,-0.4794758203104481,-0.3460716952734944,-0.928545848584576,-1.0094876803602142,-0.8989266644560496,-0.088444213258695,-1.437956666181856,-0.3240009909582428,-1.2248575873900072,2015-01-14,-1.084248584764553,1.254675168926308,0.8688012087468271,-0.6643996371885862,-0.1123041057289486,-0.9621956463186168,1.196847706454097,0.19516698686083,1.1400563019893055,0.071466952146788,0.0097594654770023,-0.4384308670313317,-1.1987115360533993,0.0946653343785808,-0.2651259906512504,-1.5344440882669867,0.592846542321601,1.6391855647930893,1.4089166229632577,-0.8486821014600384,0,1.6736069768738786,0,0.14709179709179712,1,Medium,6.262485457087039,Night,-1.2067235365966362,-12.74712435543157,1.301388870975217
0.3393663483656616,0.5529944590939581,967713,1997-12-25,-1.2208859638003056,0.0609366486770281,-1.0399656435679565,-1.8328408099766689,-0.4794758203104481,1.381322464156868,1.0769527444706637,0.0174580778902579,-0.1598803522148468,-0.6138553811321298,-0.2475951875544917,0.2898208086435734,0.9538505081700628,2015-01-27,-1.084248584764553,1.254675168926308,-0.1959061549135001,0.2007040570673854,-1.5045037635258325,1.484893993352331,1.4878323876180453,-1.1001891206225551,1.1400563019893055,-1.1607218779702453,1.2296926501022896,-0.4384308670313317,1.2703132549937672,-0.0516114526887123,-0.4701065775072217,0.5973129229356405,-0.1032457426834552,0.8916092962647725,-0.8371562997558752,-1.5139238035647045,0,0.028159281791991023,0,0.6198135198135198,1,Medium,2.0004812456534804,Evening,0.023960602744963658,-0.4642587207959924,-0.07557205543367596
-1.4597637574503497,-0.2132290590488975,291902,2013-11-06,-1.2208859638003056,1.3045417237184185,-0.2223825904484937,-0.5761068174756279,-0.4794758203104481,1.6425071959813966,-0.928545848584576,1.0444038361407302,0.8255147307734235,-0.4387183251743182,-1.437956666181856,-0.9019267788874382,-1.1750178597137966,2015-02-12,-1.084248584764553,1.254675168926308,-0.1959061549135001,-1.5295033314445576,-1.040437210926871,-0.9621956463186168,-1.4150862173270582,1.2026661815701296,1.1400563019893055,1.3036557822638213,0.0097594654770023,1.3621065745757797,-1.1987115360533993,-0.1508977692991549,-0.4127120131875497,0.7134397640128264,-0.2865394493895051,0.3932251172458947,0.690173287693135,0.4818013027492934,0,0.26192717504634233,0,0.13030858030858034,1,Low,1.8989104320811316,Night,0.0141883014357716,-0.09402654212989212,-0.1650860707349265
-0.5037042809297639,-0.8699920745999167,149839,1990-09-21,1.1871731363975355,-1.182668426364362,-0.2223825904484937,0.8246168473321847,1.6979802210630677,1.4651979542197615,-0.928545848584576,-1.0094876803602142,-1.3916242059501849,0.7872410665303631,0.3475855517591904,-0.9019267788874382,0.9538505081700628,2015-02-03,-1.084248584764553,0.3141390602858972,-1.2606135185738274,-1.5295033314445576,0.8158289994689738,0.9954760654181416,0.1957218391162271,-1.6759029461707264,1.1400563019893055,0.071466952146788,0.0097594654770023,1.3621065745757797,-1.1987115360533993,-0.0144738228115239,-0.3307197784451612,-0.3275544185005188,0.1489155416867173,-0.603543240791861,-0.1184129644857528,0.8144221538016264,0,-0.017552158079466525,0,0.13963258963258965,1,Medium,-10.289322520285689,Evening,-0.5093586552589627,35.19414711920531,0.49488483244743886
-0.4341726826373576,-0.5416105668244071,840225,1999-10-05,1.1871731363975355,-1.182668426364362,-0.2223825904484937,-0.8811731550749189,-0.4794758203104481,-0.7364534263481198,-0.928545848584576,0.0174580778902579,1.3182122722675589,1.1375151784459865,-1.437956666181856,1.004151440928728,-0.6089809525339742,2015-01-26,-1.084248584764553,1.254675168926308,0.8688012087468271,0.2007040570673854,1.279895552067935,-0.4727777183844272,0.7049450311531367,0.914809268796044,2.1220169410843157,-1.1607218779702453,1.2296926501022896,1.3621065745757797,1.2703132549937672,0.8184701615768453,1.2476307403458178,1.2691896463107877,0.4974914347866618,-0.603543240791861,-0.1184129644857528,-0.017129973829206,1,-0.9288425160316799,0,0.8151515151515152,1,High,0.6078301327418888,Night,3.0143118214432674,3.682856480411567,-2.195841659866422
0.0003998066901812,0.1151524487266119,643226,1992-04-07,1.1871731363975355,0.0609366486770281,-0.2223825904484937,1.7923880711629498,2.568962637612473,-0.7428721129940907,1.0769527444706637,-0.4960148012349781,-1.1452754352031171,-0.6138553811321298,-0.2475951875544917,0.6774977347078784,0.2133745541235031,2015-01-09,0.7660049728541383,-0.6263970483545135,-0.1959061549135001,1.065807751323357,-1.040437210926871,0.5060581374839519,1.3596605637720205,-0.8123322078484696,-0.8238649762007128,-1.1607218779702453,0.0097594654770023,-1.3386995878348875,-1.1987115360533993,0.0241796286933048,-0.4291104601360275,-0.4270917108523924,0.2538061599751504,0.8916092962647725,-1.016842133573406,-0.349750824881539,0,0.013490167443174831,0,0.12844377844377844,1,Medium,10.496259762072478,Evening,-0.6023960110132696,-24.91233865974968,0.6265756397065744
2.208028052474079,2.1949019979715056,535879,2009-03-05,-0.0168564137013849,-1.182668426364362,-0.2223825904484937,1.7590336052387296,-0.4794758203104481,-0.4043561607522344,-0.928545848584576,-0.4960148012349781,-1.1452754352031171,-1.3144036049633765,1.5379470303865548,0.2252079876328559,0.9538505081700628,2015-02-17,0.7660049728541383,-0.6263970483545135,0.8688012087468271,1.065807751323357,0.8158289994689738,-0.4727777183844272,-0.9301117487204776,1.634451550731258,-0.8238649762007128,-1.1607218779702453,1.2296926501022896,0.461837853772224,1.2703132549937672,0.7214575774078632,1.4198144333048337,1.4433799079265666,0.2728771814821383,1.1408013857742114,-0.2082558813945181,-1.680234229090871,0,0.410144050184817,0,0.8347319347319347,1,High,0.378229866588546,Night,3.136071522713539,4.346849037378093,-2.4146139453056756
-0.4950128311432131,-0.8699920745999167,746630,1997-02-10,-0.0168564137013849,0.0609366486770281,-1.0399656435679565,-0.8256096958694598,2.1334714293377703,-0.4602266419054245,-0.928545848584576,1.557876715265966,1.5645610430146262,1.4877892903616097,0.3475855517591904,0.961076226921583,0.9538505081700628,2015-01-16,0.7660049728541383,-0.6263970483545135,-1.2606135185738274,0.2007040570673854,-1.040437210926871,0.5060581374839519,-0.1541525989499488,-1.1001891206225551,-0.8238649762007128,-1.1607218779702453,-1.2101737191482849,-1.3386995878348875,-1.1987115360533993,0.5865494525478726,0.224777611934521,-1.5344440882669867,1.1538524249854931,-0.603543240791861,-0.7473133828471099,1.3133534303801258,1,-0.7104448578150808,0,-0.2932289932289932,1,High,1.9671835900447436,Evening,-0.15581405134697257,-0.26564475514449537,0.7423635038948452
0.6522585406814897,0.6624549616857945,598308,1992-01-28,-0.0168564137013849,0.0609366486770281,1.412783515790431,0.3178256500953771,2.1334714293377703,1.668921486896229,-0.928545848584576,0.530930957015494,1.0718635015204911,0.6121040105725515,0.9427662910728726,1.2913195343096946,-0.1390635201582728,2015-01-12,-1.084248584764553,0.3141390602858972,-1.2606135185738274,0.2007040570673854,0.3517624468700125,-1.4516135742528065,0.4763142102386059,1.3465946379571725,1.1400563019893055,-1.1607218779702453,0.0097594654770023,-1.3386995878348875,-1.1987115360533993,0.3140805149795207,0.7515777201543673,0.7673557973700913,0.0487926787750311,0.3932251172458947,0.9597020384194308,0.9807325793277928,1,0.9882132756496909,0,0.2627095127095127,1,Medium,0.15535036749365072,Night,1.5677261962994895,4.99146279398745,-1.2536456813199688
0.9043105844914624,0.8813759668694676,720356,2013-09-16,1.1871731363975355,-1.182668426364362,-0.2223825904484937,-0.9948815616347616,2.1334714293377703,-0.6818527288575021,-0.928545848584576,-1.5229605594854505,-0.1598803522148468,-0.9641294930477532,0.3475855517591904,0.7385209545513338,-0.5199814388264551,2015-01-03,-0.1591218059552074,-1.566933156994924,-0.1959061549135001,1.065807751323357,-1.040437210926871,1.484893993352331,-0.673768101028428,-0.6684037514614268,-0.8238649762007128,-1.1607218779702453,0.0097594654770023,-0.4384308670313317,1.2703132549937672,-1.7876061717438168,-1.3474234892507788,-1.35610643946988,-1.8042749109872875,-0.8527353303012999,-0.0285700475769874,-0.5160612504077055,0,1.7968048031881025,0,0.024014874014874024,0,Low,1.0093251795793414,Evening,-4.507804839707947,2.5217004912279166,2.72019866796413
0.6957157896142435,0.990836469461304,724752,2008-05-16,-1.2208859638003056,1.3045417237184185,-1.0399656435679565,-1.2215198307095338,-0.4794758203104481,-0.5102644904107542,-0.928545848584576,1.557876715265966,0.8255147307734235,1.4877892903616097,-1.437956666181856,0.8174921802310997,0.9538505081700628,2015-01-22,-1.084248584764553,1.254675168926308,-1.2606135185738274,-0.6643996371885862,-1.040437210926871,-0.9621956463186168,0.4451372801138971,1.0587377251830867,1.1400563019893055,-1.1607218779702453,-1.2101737191482849,-1.3386995878348875,-1.1987115360533993,-0.2236572074258914,0.2227278060659613,0.2323428509787704,-0.4295721106919139,-0.354351151282422,0.7800162046019002,-1.1813029525123715,0,0.18309763370244356,0,-0.2934620934620934,1,Low,1.9206804748947237,Night,0.025498546352817786,-0.11400777401300942,-0.2491557537787092
-0.8339793728186935,-0.8699920745999167,148498,2002-01-04,-0.0168564137013849,0.0609366486770281,1.412783515790431,-0.5915547703668209,2.1334714293377703,-0.4047329097510197,-0.928545848584576,1.557876715265966,1.0718635015204911,-1.6646777168789997,0.3475855517591904,0.9933826374269418,-0.979218929557254,2015-01-13,-0.1591218059552074,-1.566933156994924,-0.1959061549135001,1.065807751323357,0.3517624468700125,-1.4516135742528065,0.7430501679722252,-0.9562606642355124,-0.8238649762007128,0.071466952146788,0.0097594654770023,1.3621065745757797,0.0358008594701839,-1.836870374642128,-1.3638219361992567,-1.372695988195192,-1.8646664790927487,-0.354351151282422,0.7800162046019002,-1.1813029525123715,0,3.105162145282397,0,0.022150072150072135,0,Low,1.0151328694540602,Evening,-4.601184403487197,2.504905611148116,2.764314028845069
1.8864444103717,1.975980992787833,110122,2002-04-02,-0.0168564137013849,0.0609366486770281,1.412783515790431,-0.2054788760940849,-0.4794758203104481,-0.5757211405330356,-0.928545848584576,-1.5229605594854505,-1.3916242059501849,0.6121040105725515,0.3475855517591904,1.607204437028758,0.9538505081700628,2015-01-31,-1.084248584764553,-0.6263970483545135,-0.1959061549135001,1.065807751323357,-1.5045037635258325,-1.4516135742528065,0.7153373411947063,1.4905230943442151,1.1400563019893055,1.3036557822638213,-1.2101737191482849,-1.3386995878348875,0.0358008594701839,0.9753577000376208,1.6944884196918353,0.0934053804042801,0.9016911406153209,-1.3511195093201778,-1.376213801208467,1.6459742814324587,0,-4.746777213090429,0,-0.12609612609612603,1,High,0.9244713156098792,Night,2.6895849407114363,2.7575341672839904,-1.7142272406738155
0.5392696934563296,0.334073453910285,281388,1998-07-16,-1.2208859638003056,1.3045417237184185,-0.2223825904484937,-2.0190357647182644,-0.4794758203104481,-0.3882675831374422,1.0769527444706637,-1.5229605594854505,1.5645610430146262,-0.9641294930477532,0.3475855517591904,-0.4424578294778916,-0.8154598243354187,2015-02-04,0.7660049728541383,1.254675168926308,0.8688012087468271,1.065807751323357,0.3517624468700125,0.5060581374839519,0.698016824458757,0.0512385304737872,-0.8238649762007128,1.3036557822638213,0.0097594654770023,1.3621065745757797,1.2703132549937672,0.684698902937585,0.0894904246095799,0.0975527675856082,0.9091076489791494,1.1408013857742114,-0.2082558813945181,-0.017129973829206,0,-0.3391218986925803,0,0.18741813741813745,1,High,1.327746133859202,Night,1.0961508411743375,1.6009215664723981,-0.4114519382367525
1.8082213622927432,1.866520490195996,728600,2002-08-15,-1.2208859638003056,0.0609366486770281,-1.0399656435679565,-0.8762560347912499,-0.4794758203104481,1.6123812297451985,1.0769527444706637,-0.4960148012349781,0.5791659600263559,0.2618298986569282,0.3475855517591904,-0.9019267788874382,-1.3992966342567448,2015-01-20,-1.084248584764553,-0.6263970483545135,0.8688012087468271,1.065807751323357,0.3517624468700125,1.484893993352331,0.0536936018814428,1.0587377251830867,1.1400563019893055,0.071466952146788,-1.2101737191482849,0.461837853772224,0.0358008594701839,0.5789703444096709,1.575599679315372,0.0332682662750231,0.3936603176930613,-0.8527353303012999,-0.3879417152120487,-1.347613378038538,0,-0.660732687884183,0,-0.13961593961593954,1,High,0.6799305725474964,Night,2.0025282632834562,3.458769216506334,-1.4235579188737852
-1.5032210063831035,-0.7605315720080802,231548,1999-09-07,-1.2208859638003056,-1.182668426364362,1.412783515790431,0.0289858094321935,1.2624890127883643,-0.8130311487678769,-0.928545848584576,0.0174580778902579,1.0718635015204911,-1.3144036049633765,1.5379470303865548,0.7780065673912168,-2.1540125104965075,2015-02-07,0.7660049728541383,1.254675168926308,-1.2606135185738274,-0.6643996371885862,1.279895552067935,-0.4727777183844272,0.2684680094072142,-0.2366183823002983,-0.8238649762007128,-1.1607218779702453,1.2296926501022896,-1.3386995878348875,-1.1987115360533993,0.4107141437415926,-0.4373096836102663,0.6636711178368896,0.5176219574884823,-1.3511195093201778,-1.2863708842997017,-1.347613378038538,1,14.169001410877694,0,0.6235431235431236,1,Medium,1.2602943070785617,Evening,0.7439833917151055,1.811434039021443,-0.3332692479735129
2.2688682009799344,2.632744008338852,531160,2012-01-12,-1.2208859638003056,0.0609366486770281,-1.0399656435679565,-1.0220076751996685,2.1334714293377703,-0.5899399268205233,-0.928545848584576,1.0444038361407302,-0.8989266644560496,0.4369669546147398,0.3475855517591904,-0.9019267788874382,0.9538505081700628,2015-02-05,0.7660049728541383,1.254675168926308,-0.1959061549135001,0.2007040570673854,1.279895552067935,-0.9621956463186168,1.0028579190114648,-0.6684037514614268,-0.8238649762007128,0.071466952146788,-1.2101737191482849,1.3621065745757797,-1.1987115360533993,-0.3487124917062198,-0.5316007535640132,-0.5307763903855942,-0.2144933681408843,-0.8527353303012999,0.1511157862405431,1.6459742814324587,0,0.3412037319991987,0,-0.37924297924297923,0,Low,0.6151026657922396,Evening,-1.2768705120904917,3.6616817697715027,0.9281580203842719
-0.6775332766607794,-0.8699920745999167,889003,1996-08-18,1.1871731363975355,0.0609366486770281,-0.2223825904484937,0.2944283527455858,-0.4794758203104481,1.5726690945399089,1.0769527444706637,1.0444038361407302,-0.8989266644560496,1.4877892903616097,-0.8427759268681739,0.616474514864423,-0.6766205829516888,2015-01-02,0.7660049728541383,-0.6263970483545135,0.8688012087468271,1.065807751323357,1.279895552067935,-0.4727777183844272,-1.0790681926496417,0.7708808124090012,-0.8238649762007128,0.071466952146788,0.0097594654770023,-0.4384308670313317,0.0358008594701839,0.3061224514344089,1.2476307403458178,-0.1326272209780996,0.1393800309332234,-0.8527353303012999,-0.3879417152120487,0.9807325793277928,0,1.039714446198328,0,0.3191197691197691,1,Medium,0.4553066100624684,Night,1.2543835503009415,4.097639512501414,-0.9482610988665325
1.7647641133599894,1.7570599876041595,193213,1996-03-11,1.1871731363975355,-1.182668426364362,-0.2223825904484937,-0.0259220337354427,1.6979802210630677,-0.3713976001918361,-0.928545848584576,1.557876715265966,-0.652577893708982,0.6121040105725515,1.5379470303865548,-0.9019267788874382,-1.10025826819948,2015-02-08,-1.084248584764553,1.254675168926308,0.8688012087468271,1.065807751323357,1.279895552067935,-1.4516135742528065,1.1587425696350084,-1.6759029461707264,1.1400563019893055,-1.1607218779702453,1.2296926501022896,1.3621065745757797,1.2703132549937672,0.5835178092925919,0.8048726727369198,0.8212718307273562,0.3978983224723919,0.6424172067553336,-0.5676275490295793,0.8144221538016264,0,-22.511363367994402,0,0.7648018648018649,1,High,0.6818945955739963,Evening,2.024042825936668,3.468684802792293,-1.4405250166440762
-0.8948195213245489,-1.3078340849672627,557218,1997-11-23,-1.2208859638003056,1.3045417237184185,-1.0399656435679565,-1.1215383849415994,2.1334714293377703,-0.8420966363408277,-0.928545848584576,-1.0094876803602142,-0.4062291229619144,0.0866928426991166,0.9427662910728726,0.2036703806292834,-0.6018609914373727,2015-01-13,-0.1591218059552074,-1.566933156994924,-0.1959061549135001,1.065807751323357,0.3517624468700125,-1.4516135742528065,0.9127912319845284,-0.3805468386873412,-0.8238649762007128,0.071466952146788,0.0097594654770023,-1.3386995878348875,0.0358008594701839,-1.80352229883404,-1.3310250423023011,-1.4369804895057772,-1.8101021675588675,-0.603543240791861,-0.9269992166646406,-0.6823716759338719,0,1.608080410915551,0,0.02587967587967589,0,Low,1.0036488999209945,Evening,-4.578107699366946,2.5384272990436267,2.7745854005329056
-0.1473548396811819,-0.2132290590488975,125591,2013-08-08,-0.0168564137013849,1.3045417237184185,-0.2223825904484937,0.63780725255513,1.6979802210630677,-0.7014157694610917,-0.928545848584576,1.0444038361407302,-1.1452754352031171,-0.4387183251743182,-0.8427759268681739,1.2554235226370738,0.9538505081700628,2015-01-16,0.7660049728541383,1.254675168926308,0.8688012087468271,-1.5295033314445576,-1.5045037635258325,0.9954760654181416,0.5074911403633147,1.3465946379571725,-0.8238649762007128,-1.1607218779702453,-1.2101737191482849,1.3621065745757797,-1.1987115360533993,0.1871304536646418,-0.3409688077879598,-0.337922886453839,0.4360403654863676,1.6391855647930893,0.6003303707843697,-0.8486821014600384,0,0.2933960997133176,0,-0.3575646575646575,1,Medium,2.3301286713018077,Night,-0.24285132875543125,-1.297757934326984,0.429981782420073
0.4175893964446186,0.771915464277631,227244,1996-11-30,-0.0168564137013849,1.3045417237184185,1.412783515790431,-0.7773399650847769,-0.4794758203104481,-0.388532702803254,-0.928545848584576,0.0174580778902579,0.5791659600263559,-0.088444213258695,0.3475855517591904,-0.9019267788874382,0.9538505081700628,2015-01-30,-1.084248584764553,-0.6263970483545135,0.8688012087468271,0.2007040570673854,0.8158289994689738,0.0166402095497623,0.1645449089915183,1.4905230943442151,1.1400563019893055,0.071466952146788,-1.2101737191482849,0.461837853772224,0.0358008594701839,1.3929665584525357,1.5346035619441776,1.5595067490037524,1.1522631731932444,-1.3511195093201778,-1.376213801208467,1.4796638559062922,0,-1.791968010121065,1,-0.14427794427794421,1,High,0.8272002935038254,Night,4.246373484141174,3.048436740952188,-2.8534069256886387
0.2176860513539507,0.4435339565021215,791425,1997-06-18,-0.0168564137013849,0.0609366486770281,1.412783515790431,1.3486589415641963,-0.4794758203104481,-0.5310973146769162,1.0769527444706637,-0.4960148012349781,-1.1452754352031171,-0.4387183251743182,-0.8427759268681739,0.6272433183662093,-0.6267808552754781,2015-02-26,1.6911317516634838,-1.566933156994924,-0.1959061549135001,1.065807751323357,1.279895552067935,-0.4727777183844272,1.4809041809236656,-1.244117577009598,-0.8238649762007128,0.071466952146788,0.0097594654770023,-1.3386995878348875,1.2703132549937672,-1.8243648462140951,-1.4376149474674065,-1.360253826651208,-1.8312921914555205,-0.354351151282422,0.0612728693317778,1.1470430048539593,0,-1.352724130071046,0,0.013758463758463735,0,Low,1.0037976773415034,Evening,-4.629160965574135,2.5374110406652335,2.8047961193600397
0.3654406977253139,0.0056919461347754,354455,2007-04-19,-0.0168564137013849,0.0609366486770281,-0.2223825904484937,0.6542796055054207,-0.4794758203104481,1.5534828029351049,-0.928545848584576,0.0174580778902579,-0.1598803522148468,0.2618298986569282,-0.2475951875544917,-0.9019267788874382,-0.3491023725080182,2015-01-27,0.7660049728541383,0.3141390602858972,-0.1959061549135001,-1.5295033314445576,1.279895552067935,0.5060581374839519,0.3585346964341506,0.6269523560219584,-0.8238649762007128,1.3036557822638213,-1.2101737191482849,1.3621065745757797,-1.1987115360533993,-0.2873217157867859,-0.4947042479299383,-0.4934499057536415,-0.1477447928664269,0.8916092962647725,-1.016842133573406,-0.1834403993553725,0,-0.4391414224556369,0,-0.375047175047175,0,Low,0.5142155951472184,Night,-1.1358989465500067,3.9534181983346133,0.8485772307632208
-0.1212804903215296,-0.103768556457061,601042,2007-09-19,1.1871731363975355,0.0609366486770281,-1.0399656435679565,-0.0425173146928251,-0.4794758203104481,-0.8134358050999054,1.0769527444706637,0.0174580778902579,-0.1598803522148468,-0.9641294930477532,0.9427662910728726,1.320036343647791,-0.8261397659803211,2015-01-28,0.7660049728541383,1.254675168926308,0.8688012087468271,0.2007040570673854,-1.040437210926871,0.9954760654181416,-0.448601383461087,0.3390954432478728,-0.8238649762007128,1.3036557822638213,-1.2101737191482849,-1.3386995878348875,0.0358008594701839,-0.2903533590420666,0.3252180994939469,-0.5992082788775073,-0.3368657561440563,1.6391855647930893,0.6003303707843697,1.3133534303801258,0,6.829222173648686,0,-0.2818070818070818,0,Low,1.1601963808919862,Night,-0.6108559355276166,2.103843542180813,0.32050257648555003
-0.9469682200438536,-0.7605315720080802,433663,1996-12-21,-0.0168564137013849,1.3045417237184185,1.412783515790431,0.4107182474543556,-0.4794758203104481,-0.7236718677226647,1.0769527444706637,1.0444038361407302,0.8255147307734235,1.662926346319421,-0.8427759268681739,1.5318228125162543,-0.7763000383041103,2015-02-23,-1.084248584764553,1.254675168926308,0.8688012087468271,1.065807751323357,0.3517624468700125,1.484893993352331,0.8781501985126298,1.3465946379571725,1.1400563019893055,1.3036557822638213,-1.2101737191482849,1.3621065745757797,1.2703132549937672,1.1519509196577211,1.575599679315372,1.6009806208170332,0.794151769339806,-0.603543240791861,-0.9269992166646406,-0.349750824881539,0,2.804716182154918,1,-0.13961593961593954,1,High,0.6893966282688013,Night,3.970732069472211,3.4469598962533374,-2.81878114981449
0.009091256476732,0.334073453910285,471938,2008-02-03,-1.2208859638003056,-1.182668426364362,1.412783515790431,0.5379897107966519,1.2624890127883643,-0.4341053779896474,-0.928545848584576,-0.4960148012349781,1.3182122722675589,-0.2635812692165066,-0.2475951875544917,-0.9019267788874382,0.9538505081700628,2015-01-18,0.7660049728541383,0.3141390602858972,-0.1959061549135001,1.065807751323357,1.279895552067935,-0.9621956463186168,-0.8504373717351109,1.0587377251830867,-0.8238649762007128,0.071466952146788,1.2296926501022896,-0.4384308670313317,0.0358008594701839,1.2645006755100163,1.6862891962175963,1.712960074712891,0.8942746322514922,0.1440330277364557,1.1393878722369617,-1.680234229090871,0,2.3504135854642447,1,0.865034965034965,1,High,0.7072150631123529,Night,4.293523903181979,3.3954276109996107,-3.029023227671963
-1.4163065085175957,-1.5267550901509357,564654,2003-07-16,1.1871731363975355,-1.182668426364362,-0.2223825904484937,-1.033685835873382,-0.4794758203104481,-0.5766420825300662,1.0769527444706637,1.0444038361407302,1.3182122722675589,-0.088444213258695,1.5379470303865548,0.3687920343233392,0.9538505081700628,2015-02-15,-1.084248584764553,-0.6263970483545135,-1.2606135185738274,-0.6643996371885862,-1.5045037635258325,-0.4727777183844272,-0.7118732378475164,0.19516698686083,1.1400563019893055,0.071466952146788,0.0097594654770023,1.3621065745757797,0.0358008594701839,-0.1804562910381416,0.4441068398704103,-0.5390711647482503,-0.2293263848685416,0.3932251172458947,0.9597020384194308,-1.680234229090871,0,0.17457573602274068,0,0.22774447774447776,0,Low,1.2708210634847523,Night,-0.32429070974638163,1.7970695560145062,0.14383441870824004
-0.5819273290087209,-0.4321500642325706,645723,1991-05-05,1.1871731363975355,1.3045417237184185,-1.0399656435679565,-0.611919843541683,-0.4794758203104481,-0.3118154437172802,-0.928545848584576,-0.4960148012349781,-1.1452754352031171,-0.9641294930477532,-1.437956666181856,-0.9019267788874382,-0.658820680210185,2015-02-04,1.6911317516634838,-1.566933156994924,-0.1959061549135001,1.065807751323357,0.8158289994689738,-0.4727777183844272,0.6321988608621496,1.3465946379571725,-0.8238649762007128,0.071466952146788,-1.2101737191482849,-1.3386995878348875,1.2703132549937672,-1.8743869599262264,-1.4007184418333314,-1.4100224728271449,-1.898040766729978,-1.1019274198107387,-1.645742551934763,0.4818013027492934,0,3.0631299880840257,0,-0.478077478077478,0,Low,1.0126200298708397,Night,-4.708781681390454,2.512172936664435,2.834394721464228
-0.0865146911753265,-0.5416105668244071,573572,1991-06-16,-1.2208859638003056,-1.182668426364362,-1.0399656435679565,0.7111542967865246,-0.4794758203104481,-0.5289484500171782,-0.928545848584576,0.0174580778902579,-1.1452754352031171,0.4369669546147398,-1.437956666181856,1.5318228125162543,0.9538505081700628,2015-01-12,-1.084248584764553,0.3141390602858972,-0.1959061549135001,-1.5295033314445576,-1.040437210926871,0.0166402095497623,1.5778990746449817,-0.0926899259132555,1.1400563019893055,0.071466952146788,0.0097594654770023,0.461837853772224,1.2703132549937672,0.1681826833191375,0.8212711196853975,-0.3482913544071591,0.1118329998675742,-0.603543240791861,-0.9269992166646406,-0.017129973829206,0,0.23649220371288712,0,0.2706349206349206,1,Medium,0.6649455979351168,Evening,0.5848127651458126,3.477226527594233,-0.4166300818266751
-0.6601503770876779,-0.4321500642325706,437960,2001-04-03,-0.0168564137013849,0.0609366486770281,-0.2223825904484937,-0.7433708591250978,-0.4794758203104481,-0.6641176185813522,-0.928545848584576,-1.5229605594854505,-1.6379729766972524,0.6121040105725515,-1.437956666181856,-0.9019267788874382,-0.7834199994007118,2015-01-02,1.6911317516634838,-1.566933156994924,1.9335085724071543,1.065807751323357,0.8158289994689738,-0.9621956463186168,-1.0617476759136923,0.6269523560219584,-0.8238649762007128,-1.1607218779702453,1.2296926501022896,-1.3386995878348875,-1.1987115360533993,-1.7118150903617997,-1.240833584085674,-1.3913592305111684,-1.7168660624135934,-1.6003115988296166,0.3308016200580737,1.1470430048539593,0,2.302777102607448,0,0.5321678321678321,0,Low,1.0029512387357005,Night,-4.349058877010435,2.540614019651656,2.637243786648636
-0.4689384817835608,-0.2132290590488975,649800,2014-03-16,1.1871731363975355,1.3045417237184185,-0.2223825904484937,-1.0219666991973044,-0.4794758203104481,-0.4880502531490462,-0.928545848584576,1.557876715265966,-0.4062291229619144,0.4369669546147398,0.9427662910728726,0.189311975960235,-2.228772102010824,2015-01-27,0.7660049728541383,0.3141390602858972,0.8688012087468271,1.065807751323357,0.8158289994689738,-1.4516135742528065,0.923183542026098,-0.3805468386873412,-0.8238649762007128,0.071466952146788,-1.2101737191482849,0.461837853772224,-1.1987115360533993,1.0352326543294146,1.0016540361186523,1.0203464154311035,0.9276489198887208,0.1440330277364557,1.1393878722369617,1.3133534303801258,0,-1.012981800800683,0,-0.20488400488400482,1,High,0.8960768576342477,Evening,2.949649371438477,2.849259545516948,-1.9144167171090622
-0.8687451719648965,-0.9794525771917532,544225,2010-08-03,1.1871731363975355,-1.182668426364362,-1.0399656435679565,-0.8340917283587893,-0.4794758203104481,1.4858214734865984,-0.928545848584576,0.530930957015494,-1.1452754352031171,-0.2635812692165066,-0.2475951875544917,-0.9019267788874382,-1.5416958561887757,2015-02-09,1.6911317516634838,-1.566933156994924,-0.1959061549135001,1.065807751323357,1.279895552067935,0.9954760654181416,-0.822724544957592,-0.524475295074384,-0.8238649762007128,0.071466952146788,-1.2101737191482849,-1.3386995878348875,1.2703132549937672,-1.8175436488897132,-1.326925430565182,-1.4349067959151132,-1.8312921914555205,-0.1051590617729831,-1.7355854688435284,0.1491804516969604,0,2.179071876828111,0,-0.4696858696858697,0,Low,1.0075649078024147,Evening,-4.593124417935815,2.5271068168560604,2.775580769046102
-0.3559496345584007,-0.2132290590488975,390256,2009-11-25,-0.0168564137013849,1.3045417237184185,-0.2223825904484937,-0.2297776454958822,1.2624890127883643,-0.3290761293282932,-0.928545848584576,-0.4960148012349781,-0.1598803522148468,1.1375151784459865,0.3475855517591904,-0.9019267788874382,-0.3419824114114166,2015-02-06,1.6911317516634838,-1.566933156994924,-0.1959061549135001,1.065807751323357,1.279895552067935,1.484893993352331,0.3619987997813405,-0.6684037514614268,-0.8238649762007128,-1.1607218779702453,1.2296926501022896,-0.4384308670313317,1.2703132549937672,-1.8516496355116208,-1.4437643650730854,-1.372695988195192,-1.8646664790927487,-0.354351151282422,0.0612728693317778,0.4818013027492934,1,8.058476228145667,0,0.5090909090909091,0,Low,1.0070304070283458,Evening,-4.681126832361025,2.5280859135932148,2.8294771968494046
-1.0773399668421153,-1.4172945875590992,488597,2001-05-08,-1.2208859638003056,-1.182668426364362,-0.2223825904484937,0.3548269802299854,-0.4794758203104481,-0.8035845164650023,1.0769527444706637,1.0444038361407302,0.5791659600263559,0.7872410665303631,-0.2475951875544917,1.4169555751638676,0.9538505081700628,2015-01-03,0.7660049728541383,-0.6263970483545135,-0.1959061549135001,0.2007040570673854,0.3517624468700125,-1.4516135742528065,-0.2199705625465561,0.0512385304737872,-0.8238649762007128,-1.1607218779702453,-1.2101737191482849,-1.3386995878348875,0.0358008594701839,1.4263146342606234,0.3293177112310663,0.3401749176933002,1.8218679283274843,-0.1051590617729831,-1.7355854688435284,-1.680234229090871,0,4.019735516167984,1,-0.2813408813408813,1,High,1.277324516793864,Night,2.491360557251851,1.746710543871538,-1.0650459229912277
-1.207711713640377,-1.0889130797835898,133889,2004-06-14,1.1871731363975355,0.0609366486770281,1.412783515790431,0.7588503635381124,1.6979802210630677,-0.4045375584183162,-0.928545848584576,0.530930957015494,-0.8989266644560496,-1.139266549005565,0.3475855517591904,-0.9019267788874382,0.9538505081700628,2015-01-12,-1.084248584764553,0.3141390602858972,-0.1959061549135001,0.2007040570673854,-1.5045037635258325,-0.9621956463186168,-1.5848272813393611,1.3465946379571725,1.1400563019893055,1.3036557822638213,-1.2101737191482849,-1.3386995878348875,-1.1987115360533993,0.3841872652578866,-0.2343789026228547,1.0742624487883683,0.3232034882366895,1.1408013857742114,-0.2082558813945181,-1.1813029525123715,0,0.5062747248244105,0,-0.3454434454434454,1,Medium,0.8412633010009792,Night,1.163087034402203,3.027388235352478,-0.7788997691443165
-0.2168864379735882,-0.7605315720080802,931901,1994-08-07,1.1871731363975355,-1.182668426364362,-0.2223825904484937,0.7253319936044368,2.1334714293377703,1.494626237124876,-0.928545848584576,-1.5229605594854505,-1.1452754352031171,-1.6646777168789997,0.3475855517591904,1.0292786490995625,0.9538505081700628,2015-01-22,0.7660049728541383,0.3141390602858972,-1.2606135185738274,1.065807751323357,-1.5045037635258325,-1.4516135742528065,0.895470715248579,-1.1001891206225551,-0.8238649762007128,1.3036557822638213,0.0097594654770023,0.461837853772224,0.0358008594701839,0.0544960612461117,-0.4127120131875497,0.7134397640128264,0.0005853744101451,1.6391855647930893,1.4089166229632577,1.4796638559062922,1,0.07513247257001429,0,0.13030858030858034,1,Medium,0.010741394063461831,Evening,0.3013131252354218,5.528979331099622,-0.2468170639893101
1.460563370830712,1.209757474644977,769475,2004-08-26,1.1871731363975355,1.3045417237184185,1.412783515790431,0.4596026182744965,-0.4794758203104481,-0.367741739536957,-0.928545848584576,0.530930957015494,-0.652577893708982,-0.7889924370899414,-0.2475951875544917,-0.9019267788874382,0.9538505081700628,2015-01-03,-1.084248584764553,1.254675168926308,-1.2606135185738274,1.065807751323357,-1.040437210926871,0.0166402095497623,1.221096429884426,0.914809268796044,1.1400563019893055,0.071466952146788,1.2296926501022896,0.461837853772224,1.2703132549937672,-0.0364532364123089,-0.4619073540329829,0.6139024716609528,-0.088412725955798,-1.6003115988296166,0.3308016200580737,-0.349750824881539,0,-0.07931451138084242,0,0.6207459207459207,1,Medium,2.4254403750641615,Night,0.06358239167217192,-1.7442658648702805,-0.10003562808448083
1.6865410652810322,1.7570599876041595,844062,1990-05-25,1.1871731363975355,0.0609366486770281,-1.0399656435679565,-1.6153401894290478,-0.4794758203104481,1.4741143471910123,1.0769527444706637,-0.4960148012349781,-1.6379729766972524,-0.9641294930477532,0.9427662910728726,1.5892564311924475,0.9538505081700628,2015-02-23,1.6911317516634838,-1.566933156994924,1.9335085724071543,1.065807751323357,0.3517624468700125,0.0166402095497623,0.995929712317085,-0.6684037514614268,-0.8238649762007128,-1.1607218779702453,1.2296926501022896,1.3621065745757797,-1.1987115360533993,-1.749331675645898,-1.4007184418333314,-1.2856008573873028,-1.755008105427569,-1.6003115988296166,0.3308016200580737,1.1470430048539593,0,1.082950062187379,0,0.513986013986014,0,Low,1.0032454868943372,Evening,-4.441327404648203,2.5388724193088024,2.691995729002305
0.0786228547691382,-0.4321500642325706,844129,1990-09-20,1.1871731363975355,0.0609366486770281,-1.0399656435679565,-1.5773554352377055,-0.4794758203104481,-0.3247923536754387,1.0769527444706637,0.530930957015494,-0.652577893708982,-0.9641294930477532,-1.437956666181856,1.1979899039608806,-1.812254377859634,2015-01-22,0.7660049728541383,1.254675168926308,0.8688012087468271,-0.6643996371885862,0.3517624468700125,0.5060581374839519,-0.2061141491577967,0.19516698686083,-0.8238649762007128,1.3036557822638213,1.2296926501022896,-1.3386995878348875,1.2703132549937672,0.8101331426248234,1.239431516871579,-0.1367746081594276,0.8471268290814389,0.6424172067553336,-0.5676275490295793,0.3154908772231269,0,-0.5136024754656598,0,0.8142191142191142,1,High,1.0456624212093564,Night,1.9497837377935903,2.406741840896025,-1.1396505951687668
-1.086031416628666,-1.5267550901509357,732169,2000-11-05,1.1871731363975355,1.3045417237184185,-1.0399656435679565,2.485743007162628,-0.4794758203104481,-0.5374462329897788,-0.928545848584576,-1.5229605594854505,1.3182122722675589,-0.7889924370899414,-0.8427759268681739,1.0149202444305143,-0.2992626448318074,2015-02-13,0.7660049728541383,-0.6263970483545135,0.8688012087468271,-0.6643996371885862,0.8158289994689738,0.0166402095497623,1.0305707457889837,-1.6759029461707264,-0.8238649762007128,0.071466952146788,1.2296926501022896,-0.4384308670313317,-1.1987115360533993,0.5698754146438288,1.2558299638200567,-0.1284798337967715,0.5049079431504904,1.3899934752836502,-1.1066850504821713,-1.680234229090871,0,0.2292574830721678,0,0.8160839160839162,1,High,0.8859955074049808,Evening,1.6322580731737757,2.8642316671307273,-1.062382658529947
0.243760400713603,0.5529944590939581,221854,1994-10-03,1.1871731363975355,0.0609366486770281,1.412783515790431,-0.3063617939140245,-0.4794758203104481,-0.6511128012899503,1.0769527444706637,-1.0094876803602142,1.0718635015204911,1.4877892903616097,1.5379470303865548,0.0241903222661792,0.9538505081700628,2015-02-08,0.7660049728541383,0.3141390602858972,-1.2606135185738274,-0.6643996371885862,-1.040437210926871,0.0166402095497623,-1.0340348491361735,1.4905230943442151,-0.8238649762007128,-1.1607218779702453,0.0097594654770023,-0.4384308670313317,1.2703132549937672,0.099970710075322,-0.3881143427648332,0.7632084101887633,0.0450844245931168,1.1408013857742114,-0.2082558813945181,-0.5160612504077055,1,-0.32631691803024004,0,0.1331057831057831,1,Medium,0.4509718255209268,Night,0.4201784920170469,4.2029739383318585,-0.3202077819417249
0.2263775011405015,-0.2132290590488975,776950,2005-04-11,-1.2208859638003056,1.3045417237184185,-0.2223825904484937,-0.8017616624936659,-0.4794758203104481,-0.4134399977229454,1.0769527444706637,1.557876715265966,-0.652577893708982,-0.4387183251743182,0.3475855517591904,-0.9019267788874382,-0.8795394742048326,2015-01-09,0.7660049728541383,0.3141390602858972,-1.2606135185738274,-1.5295033314445576,0.3517624468700125,-0.9621956463186168,-1.418550320674248,0.4830238996349156,-0.8238649762007128,1.3036557822638213,1.2296926501022896,1.3621065745757797,-1.1987115360533993,-0.1387711962780321,0.489202568978724,-0.516260535250946,-0.1885355888674842,-0.8527353303012999,-0.0285700475769874,-1.5139238035647045,1,0.17308306926211717,0,0.7289044289044289,0,Medium,1.3586172962510261,Night,-0.21559355513970616,1.5536012841529396,0.07682235886167404
0.2611433002867046,0.2246129513184485,291006,1990-05-16,-0.0168564137013849,-1.182668426364362,-1.0399656435679565,-1.2491376563028076,-0.4794758203104481,-0.6389172966626055,-0.928545848584576,0.0174580778902579,-0.4062291229619144,0.0866928426991166,1.5379470303865548,1.230296314466239,-1.844294202794341,2015-02-08,-1.084248584764553,1.254675168926308,-1.2606135185738274,1.065807751323357,0.3517624468700125,0.9954760654181416,-0.8608296817766805,-1.244117577009598,1.1400563019893055,0.071466952146788,1.2296926501022896,-0.4384308670313317,-1.1987115360533993,1.7249314949057712,1.575599679315372,0.0332682662750231,1.99562612428004,0.1440330277364557,1.319073706054492,0.3154908772231269,1,-1.3808989482473601,1,0.8524475524475525,1,High,1.1569299843174767,Evening,3.6044940698704346,2.089643554466947,-1.8795625749646634
0.3132919990060093,0.1151524487266119,845751,2004-09-11,-0.0168564137013849,-1.182668426364362,-1.0399656435679565,1.1362803213120642,3.43994505416188,-0.437565887311823,-0.928545848584576,0.0174580778902579,-1.1452754352031171,-0.6138553811321298,0.3475855517591904,-0.9019267788874382,-1.5701757005751815,2015-01-10,-1.084248584764553,0.3141390602858972,0.8688012087468271,-0.6643996371885862,0.8158289994689738,0.0166402095497623,0.5144193470576943,0.914809268796044,0.1580956628942965,1.3036557822638213,-1.2101737191482849,0.461837853772224,-1.1987115360533993,0.522505988780068,-0.2835742434682878,0.9747251564364948,0.5547044993076253,0.6424172067553336,-0.5676275490295793,0.4818013027492934,0,0.4598385795664848,0,-0.351037851037851,1,High,1.0616212054937886,Night,1.2458554122758323,2.3843803796473884,-0.7233494234957643
-0.5297786302894162,-0.6510710694162436,889764,1993-11-30,1.1871731363975355,1.3045417237184185,-0.2223825904484937,-0.2307610695526161,-0.4794758203104481,-0.6561500749403752,-0.928545848584576,-1.5229605594854505,-0.1598803522148468,0.4369669546147398,0.9427662910728726,0.4764800693412017,0.7509316169169191,2015-01-26,-1.084248584764553,1.254675168926308,-1.2606135185738274,-0.6643996371885862,1.279895552067935,-1.4516135742528065,0.9370399554148574,0.7708808124090012,1.1400563019893055,-1.1607218779702453,1.2296926501022896,0.461837853772224,-1.1987115360533993,0.6684038204404512,1.3624198689851617,-0.0745638004395066,0.6013225518802623,-1.6003115988296166,1.049544955328196,-0.5160612504077055,0,-2.8965315435045276,0,0.8282051282051281,1,High,0.8996382633566519,Night,1.8891786204259173,2.8263988568799165,-1.2207747999854661
0.5392696934563296,0.334073453910285,929306,2003-03-06,-0.0168564137013849,-1.182668426364362,-1.0399656435679565,-0.6661720706714965,1.2624890127883643,-0.4571289279154125,1.0769527444706637,-1.5229605594854505,-1.6379729766972524,0.4369669546147398,-0.2475951875544917,-0.9019267788874382,-0.811899843787118,2015-02-21,-1.084248584764553,1.254675168926308,-1.2606135185738274,-1.5295033314445576,1.279895552067935,1.484893993352331,-0.4278167633779478,0.914809268796044,1.1400563019893055,-1.1607218779702453,0.0097594654770023,-0.4384308670313317,0.0358008594701839,0.0196321638103838,-0.6135929883064016,0.3069958202426757,0.1075949950882436,-0.8527353303012999,-0.0285700475769874,1.6459742814324587,1,-0.029470153650765253,0,0.10746475746475748,1,Medium,5.480267781972949,Night,-0.19900217297548234,-10.136021626337774,0.21863433678586613
-0.9991169187631582,-0.7605315720080802,515457,1996-12-18,-0.0168564137013849,0.0609366486770281,-0.2223825904484937,-1.0960103354688857,-0.4794758203104481,1.5763807698612748,-0.928545848584576,-0.4960148012349781,-0.1598803522148468,1.662926346319421,0.9427662910728726,0.0888031432768967,0.9538505081700628,2015-01-23,0.7660049728541383,-0.6263970483545135,0.8688012087468271,0.2007040570673854,-1.040437210926871,-0.9621956463186168,-1.321555426952932,-0.0926899259132555,-0.8238649762007128,-1.1607218779702453,1.2296926501022896,1.3621065745757797,1.2703132549937672,1.2061415428458633,1.6288946318979245,1.654896654174298,0.842359073704692,0.3932251172458947,0.690173287693135,-1.014992526986205,0,-1.1004847347672104,1,0.8585081585081585,1,High,0.6983909809840276,Evening,4.126150359776915,3.4209475358039905,-2.920008816931052
0.2176860513539507,-0.2132290590488975,556270,1995-02-21,-0.0168564137013849,1.3045417237184185,-0.2223825904484937,0.309507521615504,-0.4794758203104481,-0.938251353030796,-0.928545848584576,1.0444038361407302,0.3328171892792883,-1.6646777168789997,-0.8427759268681739,-0.9019267788874382,-1.0183787155885626,2015-02-05,0.7660049728541383,0.3141390602858972,0.8688012087468271,0.2007040570673854,-1.040437210926871,-0.9621956463186168,0.6841604110699976,0.7708808124090012,-0.8238649762007128,0.071466952146788,-1.2101737191482849,0.461837853772224,1.2703132549937672,0.0681384558948748,0.5097006276643211,0.5226599536717352,-0.1699943179579127,-1.1019274198107387,-1.4660567181172324,-0.1834403993553725,0,0.2201505003455827,0,-0.26082806082806076,1,Medium,-2.4948000497711496,Night,0.8623662633781437,12.655901812726505,-0.7942278074832689
0.3567492479387631,0.1151524487266119,908935,2009-12-11,-1.2208859638003056,1.3045417237184185,-0.2223825904484937,0.4304277045913948,-0.4794758203104481,1.4458581722821189,1.0769527444706637,1.557876715265966,0.5791659600263559,0.7872410665303631,0.9427662910728726,0.5087864798465604,0.9538505081700628,2015-02-15,0.7660049728541383,0.3141390602858972,-0.1959061549135001,-1.5295033314445576,-0.5763706583279098,0.0166402095497623,0.7188014445418962,0.0512385304737872,-0.8238649762007128,1.3036557822638213,-1.2101737191482849,0.461837853772224,1.2703132549937672,1.1144343343736225,0.0074981898671914,0.0146050239590468,1.5522248742425728,-0.8527353303012999,-0.3879417152120487,-1.014992526986205,0,2.589126427875095,1,-0.3179376179376179,1,High,1.392835300861143,Night,1.574328088068811,1.412668855258143,-0.4598937536951886
-1.338083460438639,0.5529944590939581,525862,2000-10-18,1.1871731363975355,0.0609366486770281,1.412783515790431,-0.2782112802900206,-0.4794758203104481,-0.7499466219712804,1.0769527444706637,-1.0094876803602142,0.5791659600263559,0.6121040105725515,0.9427662910728726,-0.9019267788874382,-1.3886166926118426,2015-01-08,-1.084248584764553,-0.6263970483545135,0.8688012087468271,1.065807751323357,-1.040437210926871,0.0166402095497623,-0.5074911403633147,0.4830238996349156,1.1400563019893055,-1.1607218779702453,0.0097594654770023,0.461837853772224,0.0358008594701839,0.3159752920140711,-0.2712754082569296,0.9996094795244632,0.2564549129622321,0.3932251172458947,0.690173287693135,0.4818013027492934,0,-1.13574268961119,0,0.1463924963924964,1,Medium,0.8116270728020685,Night,0.9847889842297658,3.1166546640338164,-0.6688136922156946
0.2263775011405015,0.4435339565021215,490514,2007-02-09,-0.0168564137013849,1.3045417237184185,1.412783515790431,-0.6333912687803706,-0.4794758203104481,-0.6932947354872764,1.0769527444706637,-0.4960148012349781,0.0864684185322207,1.1375151784459865,-0.2475951875544917,0.1354679584513038,0.9538505081700628,2015-01-01,-1.084248584764553,-0.6263970483545135,-0.1959061549135001,1.065807751323357,-1.040437210926871,-1.4516135742528065,0.6876245144171874,-1.6759029461707264,1.1400563019893055,-1.1607218779702453,-1.2101737191482849,1.3621065745757797,1.2703132549937672,-0.032663682343208,-0.4598575481644231,0.6180498588422808,-0.0847044717738837,-0.1051590617729831,0.2409587031493084,0.9807325793277928,1,0.05156959927108417,0,-0.37108447108447107,1,Medium,2.593310337584612,Evening,0.07348783890397402,-2.2499021400566432,-0.10615152124718202
-1.6249013033948143,0.0056919461347754,774895,2006-10-28,-1.2208859638003056,0.0609366486770281,-0.2223825904484937,-1.7023732184499871,-0.4794758203104481,-0.9769309169060816,-0.928545848584576,0.0174580778902579,-1.6379729766972524,-1.3144036049633765,0.9427662910728726,0.2646936004727388,-1.9226137748569576,2015-02-26,-0.1591218059552074,-1.566933156994924,1.9335085724071543,1.065807751323357,0.3517624468700125,-1.4516135742528065,0.4901706236273653,-0.3805468386873412,-0.8238649762007128,-1.1607218779702453,1.2296926501022896,-0.4384308670313317,-1.1987115360533993,-1.8690815842294848,-1.4355651415988466,-1.4452752638684334,-1.872612738053994,-0.8527353303012999,0.1511157862405431,-0.5160612504077055,0,1.0979276823086825,0,0.51002331002331,0,Low,1.0018897814542145,Evening,-4.753453143521274,2.5432039600801115,2.8843715592917896
-0.3559496345584007,-0.3226895616407341,974522,2000-01-27,-0.0168564137013849,0.0609366486770281,-0.2223825904484937,1.0113035141021467,-0.4794758203104481,-0.7398860283370521,1.0769527444706637,0.530930957015494,1.0718635015204911,1.1375151784459865,-1.437956666181856,1.0974810712775422,-0.8225797854320204,2015-02-28,0.7660049728541383,1.254675168926308,0.8688012087468271,-1.5295033314445576,1.279895552067935,1.484893993352331,-0.6321988608621496,-1.5319744897836836,-0.8238649762007128,1.3036557822638213,1.2296926501022896,-0.4384308670313317,0.0358008594701839,-0.0519904080956224,-0.353267642999318,0.8337139922713405,-0.1943628454390638,-0.603543240791861,-0.7473133828471099,1.3133534303801258,0,-0.051409251487204495,0,0.6331002331002331,1,Medium,3.738508526228624,Evening,0.28608350383295866,-5.502726695921884,-0.33807391192858105
-1.5206039059562049,-0.7605315720080802,669809,2002-04-05,1.1871731363975355,-1.182668426364362,-0.2223825904484937,1.9098662699402729,-0.4794758203104481,-0.6628199275855363,1.0769527444706637,-0.4960148012349781,1.0718635015204911,-1.6646777168789997,1.5379470303865548,-0.9019267788874382,0.1884546902853977,2015-01-13,0.7660049728541383,1.254675168926308,-1.2606135185738274,0.2007040570673854,1.279895552067935,-0.9621956463186168,1.5259375244371338,1.4905230943442151,-0.8238649762007128,-1.1607218779702453,-1.2101737191482849,0.461837853772224,-1.1987115360533993,0.9147248349320072,0.0525939189755051,0.0602262829536556,1.249737283117849,1.1408013857742114,1.4987595398720228,-1.680234229090871,0,0.47894680919926613,0,-0.31280941280941277,1,High,1.366242468936874,Night,1.3625574850470097,1.4895801922422913,-0.4478326501150025
0.243760400713603,0.334073453910285,182953,2013-04-30,-0.0168564137013849,-1.182668426364362,-1.0399656435679565,-1.2799925860828298,-0.4794758203104481,-0.8520316469754609,1.0769527444706637,-1.0094876803602142,0.5791659600263559,-1.139266549005565,-0.8427759268681739,-0.9019267788874382,-1.1251781320375855,2015-02-19,0.7660049728541383,0.3141390602858972,-0.1959061549135001,0.2007040570673854,1.279895552067935,0.9954760654181416,1.0409630558305532,-0.0926899259132555,-0.8238649762007128,1.3036557822638213,1.2296926501022896,1.3621065745757797,-1.1987115360533993,0.918514389001108,1.632994243635044,0.0622999765443196,0.8460673278866062,-0.603543240791861,-0.1184129644857528,1.6459742814324587,1,-0.7175940834205372,0,0.858974358974359,1,High,0.9211248260159368,Evening,2.5413615480659697,2.7668143381132877,-1.6228471590648617
0.2698347500732554,0.0056919461347754,836349,2013-05-01,-1.2208859638003056,1.3045417237184185,1.412783515790431,0.8080625423771652,1.2624890127883643,1.651493357285756,1.0769527444706637,0.0174580778902579,-0.1598803522148468,0.2618298986569282,-0.2475951875544917,-0.9019267788874382,0.9538505081700628,2015-01-13,0.7660049728541383,1.254675168926308,-1.2606135185738274,0.2007040570673854,-1.5045037635258325,-0.4727777183844272,-0.1195115654780502,-0.2366183823002983,-0.8238649762007128,-1.1607218779702453,-1.2101737191482849,1.3621065745757797,-1.1987115360533993,0.2864167702750844,0.3785130520764995,0.389943563869237,0.2029501026231828,0.1440330277364557,1.319073706054492,1.1470430048539593,1,0.35444832646762175,0,-0.2757464757464757,1,Medium,0.7085806946554445,Evening,0.9714067185689192,3.3915727981401105,-0.6849899482938349
0.7913217372663021,0.771915464277631,591269,1999-01-09,-0.0168564137013849,-1.182668426364362,-1.0399656435679565,1.7065433462105646,-0.4794758203104481,-0.3107131040541678,-0.928545848584576,-0.4960148012349781,-1.3916242059501849,1.312652234403798,1.5379470303865548,-0.9019267788874382,0.9538505081700628,2015-02-17,0.7660049728541383,0.3141390602858972,-0.1959061549135001,-0.6643996371885862,-1.040437210926871,-0.9621956463186168,-0.5455962771824031,-0.9562606642355124,-0.8238649762007128,1.3036557822638213,0.0097594654770023,-0.4384308670313317,0.0358008594701839,0.3008170757376677,0.9647575304845776,-0.2757120787339179,0.2416218962345749,0.8916092962647725,-0.8371562997558752,-1.347613378038538,0,0.17627263915270733,0,0.286951936951937,1,Medium,0.8032160156668392,Evening,0.9306673479852345,3.0937879836610453,-0.6298502722475668
-1.5814440544620605,-1.9645971005182816,550127,2007-07-04,-0.0168564137013849,0.0609366486770281,-0.2223825904484937,-0.0342401622153158,-0.4794758203104481,-0.804631041461628,-0.928545848584576,-0.4960148012349781,0.0864684185322207,-0.9641294930477532,-1.437956666181856,0.444173658835843,-0.9685389879123518,2015-02-15,-1.084248584764553,0.3141390602858972,0.8688012087468271,1.065807751323357,0.3517624468700125,-1.4516135742528065,1.5986836947281209,-1.244117577009598,1.1400563019893055,1.3036557822638213,0.0097594654770023,0.461837853772224,-1.1987115360533993,0.0196321638103838,-0.3102217197595641,-1.5344440882669867,0.4996104371763271,0.1440330277364557,0.5104874538756043,1.6459742814324587,0,-0.5733832997117545,0,0.14196359196359198,1,Medium,25.44727085260134,Evening,-1.3450553708502238,-68.50935406237666,1.3646875346606075
0.7130986891873451,0.4435339565021215,663190,1994-02-05,-1.2208859638003056,-1.182668426364362,-1.0399656435679565,1.2621586005739882,0.8269978045136612,-0.3288947316622114,-0.928545848584576,0.530930957015494,1.5645610430146262,-0.9641294930477532,0.9427662910728726,1.8800141257406764,-0.213823111672589,2015-01-31,0.7660049728541383,0.3141390602858972,-0.1959061549135001,-0.6643996371885862,-1.040437210926871,0.5060581374839519,-0.5005629336689349,0.914809268796044,-0.8238649762007128,-1.1607218779702453,1.2296926501022896,0.461837853772224,1.2703132549937672,-0.7000041539118697,-0.7427307580256636,-0.7443668302239898,-0.5964435488780576,1.1408013857742114,-0.2082558813945181,1.3133534303801258,0,-0.5546082710883244,0,0.5888111888111888,0,Low,0.8520583736586276,Night,-2.083541137127711,2.976473927987514,1.383536983215841
0.4610466453773725,0.5529944590939581,109392,2006-07-12,1.1871731363975355,-1.182668426364362,-0.2223825904484937,0.1002840535453928,-0.4794758203104481,-0.9381536773644442,1.0769527444706637,0.530930957015494,1.0718635015204911,-1.489540660921188,-0.2475951875544917,1.230296314466239,-0.1924632283827844,2015-02-06,0.7660049728541383,0.3141390602858972,0.8688012087468271,0.2007040570673854,1.279895552067935,0.9954760654181416,-0.2615398027128345,1.3465946379571725,-0.8238649762007128,0.071466952146788,-1.2101737191482849,-0.4384308670313317,0.0358008594701839,-0.2191097425429704,-1.5237067939469142,-0.4519760339403609,0.2029501026231828,-1.6003115988296166,1.2292307891457268,-0.5160612504077055,0,-2.184869377806066,0,-0.49206349206349204,1,Low,-0.9262528745669807,Night,-1.7727327252640923,8.090652635261387,1.5536229827211219
-0.9556596698304044,-1.4172945875590992,215278,2007-10-24,-0.0168564137013849,-1.182668426364362,-1.0399656435679565,-2.1870783504126488,-0.4794758203104481,-0.9421304723516218,1.0769527444706637,0.530930957015494,0.0864684185322207,0.7872410665303631,-1.437956666181856,0.9036426082453896,0.9538505081700628,2015-01-23,-1.084248584764553,-0.6263970483545135,-1.2606135185738274,-0.6643996371885862,-0.5763706583279098,1.484893993352331,0.9266476453732878,-0.8123322078484696,1.1400563019893055,1.3036557822638213,0.0097594654770023,0.461837853772224,1.2703132549937672,-0.6086759008465389,-0.7714280401854996,-0.0123529927195855,-0.6483591074248578,1.6391855647930893,0.8698591215106656,0.8144221538016264,0,0.2783056121593946,0,0.08951603951603951,0,Low,1.0651977049211765,Evening,-1.4321401403299427,2.3528818723067713,0.8234642394834039
-0.694916176233881,-1.1983735823754262,674570,2001-12-08,1.1871731363975355,0.0609366486770281,-0.2223825904484937,-0.0871401812671197,-0.4794758203104481,-0.8043938291290595,1.0769527444706637,0.530930957015494,0.0864684185322207,0.7872410665303631,-1.437956666181856,-0.9019267788874382,-0.1889032478344836,2015-02-17,-1.084248584764553,1.254675168926308,0.8688012087468271,0.2007040570673854,-0.5763706583279098,-0.4727777183844272,0.6599116876396686,1.2026661815701296,1.1400563019893055,-1.1607218779702453,-1.2101737191482849,-0.4384308670313317,-1.1987115360533993,0.2818693053921634,-0.2897236610739669,-0.2860805466872381,0.5419904849696334,-0.354351151282422,0.7800162046019002,1.1470430048539593,0,-3.2347022463765267,0,-0.3517371517371517,1,Medium,1.9228364059689345,Night,-0.03381372279157158,-0.11996199012353172,0.315683028183735
-0.5471615298625178,-0.9794525771917532,681486,2007-03-24,-0.0168564137013849,1.3045417237184185,-0.2223825904484937,0.3713812851850039,-0.4794758203104481,-0.9844240358819214,1.0769527444706637,-0.4960148012349781,-0.8989266644560496,0.6121040105725515,0.3475855517591904,-0.9019267788874382,-1.968893521984868,2015-01-22,-0.1591218059552074,-1.566933156994924,-0.1959061549135001,1.065807751323357,0.3517624468700125,0.0166402095497623,0.2580756993656447,-0.8123322078484696,-0.8238649762007128,-1.1607218779702453,0.0097594654770023,0.461837853772224,1.2703132549937672,-1.753879140528819,-1.4130172770446898,-1.310485180475271,-1.751829601843071,0.8916092962647725,-0.8371562997558752,-1.5139238035647045,0,-4.722570813131609,0,0.016555666555666544,0,Low,0.9988319948584738,Evening,-4.475332059363032,2.5516778822579176,2.7214529188342125
-1.746581600406525,-0.103768556457061,941851,1991-07-16,1.1871731363975355,1.3045417237184185,-0.2223825904484937,0.2228842526182033,-0.4794758203104481,-0.9757169479099956,-0.928545848584576,1.0444038361407302,-0.1598803522148468,-0.7889924370899414,0.9427662910728726,-0.9019267788874382,0.9538505081700628,2015-02-22,0.7660049728541383,-0.6263970483545135,-0.1959061549135001,-0.6643996371885862,-1.5045037635258325,0.5060581374839519,0.0502294985342529,1.2026661815701296,-0.8238649762007128,1.3036557822638213,-1.2101737191482849,-0.4384308670313317,-1.1987115360533993,1.3050489040493958,2.0511546408212253,0.2738167227920511,1.2243092544418652,0.8916092962647725,-1.1965279673909366,0.1491804516969604,0,5.855250128571364,1,-0.08553668553668548,1,High,0.9381321362830625,Night,3.5492806180551417,2.7196512616430972,-2.244231714005746
0.7044072394007943,0.2246129513184485,186934,2014-01-05,-1.2208859638003056,-1.182668426364362,-0.2223825904484937,0.7391409064010732,-0.4794758203104481,1.4925192334650028,-0.928545848584576,1.557876715265966,1.5645610430146262,-0.088444213258695,1.5379470303865548,1.6431004487013787,0.9538505081700628,2015-01-24,0.7660049728541383,0.3141390602858972,-1.2606135185738274,-0.6643996371885862,0.3517624468700125,0.0166402095497623,-1.2349528432731856,1.634451550731258,-0.8238649762007128,1.3036557822638213,1.2296926501022896,1.3621065745757797,-1.1987115360533993,2.111466009954059,2.182342216409047,2.214793923653587,1.8218679283274843,-0.354351151282422,0.7800162046019002,1.6459742814324587,0,2.8566449712409288,1,0.9214452214452215,1,High,0.8628446098085729,Night,6.219004068390118,2.9453474949274394,-4.1075380584360595
-0.6427674775145763,-0.5416105668244071,918516,2003-02-17,1.1871731363975355,0.0609366486770281,-1.0399656435679565,0.5207388138014467,0.8269978045136612,-0.8151381524277499,-0.928545848584576,1.0444038361407302,-1.3916242059501849,0.6121040105725515,-0.2475951875544917,0.3580232308215529,0.9538505081700628,2015-01-23,-1.084248584764553,1.254675168926308,-0.1959061549135001,1.065807751323357,-1.5045037635258325,-1.4516135742528065,0.7603706847081745,-1.1001891206225551,1.1400563019893055,-1.1607218779702453,1.2296926501022896,1.3621065745757797,1.2703132549937672,0.5585067524365263,0.0136476074728705,0.0208261047310389,0.7719022442483202,-0.8527353303012999,-0.0285700475769874,-1.5139238035647045,0,1.072525544684931,0,0.6748251748251748,1,High,1.3820797309989818,Evening,0.8063759564522296,1.4438044108329064,-0.24786920401570334
2.208028052474079,2.5232835057470155,533940,2011-11-18,-1.2208859638003056,1.3045417237184185,1.412783515790431,0.4118655755205449,1.6979802210630677,-0.8302499733790248,1.0769527444706637,-1.5229605594854505,0.5791659600263559,-1.6646777168789997,1.5379470303865548,-0.9019267788874382,0.9538505081700628,2015-02-26,0.7660049728541383,0.3141390602858972,-1.2606135185738274,0.2007040570673854,-1.040437210926871,-1.4516135742528065,0.0779423253117718,-1.388046033396641,-0.8238649762007128,-1.1607218779702453,-1.2101737191482849,-0.4384308670313317,1.2703132549937672,-0.2191097425429704,-0.453708130558744,-0.4519760339403609,-0.0735797092281408,-1.3511195093201778,-1.2863708842997017,-1.1813029525123715,0,-0.5319920468565449,0,-0.3703851703851704,0,Low,0.33581366208475577,Evening,-0.9792638737272458,4.46930534291756,0.7601541311842754
2.1906451529009776,2.304362500563342,556080,1996-11-11,1.1871731363975355,0.0609366486770281,-0.2223825904484937,-2.0087098121225595,-0.4794758203104481,1.549492054281305,-0.928545848584576,-1.5229605594854505,-0.8989266644560496,-1.139266549005565,-1.437956666181856,-0.9019267788874382,0.9538505081700628,2015-02-26,-0.1591218059552074,-1.566933156994924,-0.1959061549135001,1.065807751323357,1.279895552067935,-0.9621956463186168,-0.4555295901554667,-0.8123322078484696,-0.8238649762007128,-1.1607218779702453,-1.2101737191482849,1.3621065745757797,-1.1987115360533993,-1.8076908083100516,-1.4294157239931675,-1.3436642779258956,-1.814340172338198,1.3899934752836502,-0.6574704659383447,0.3154908772231269,0,0.8999267576269074,0,-0.4813408813408813,0,Low,1.0036789298681523,Evening,-4.587420174257261,2.5377253072781802,2.779729365947209
