months_as_customer,age,policy_number,policy_bind_date,policy_state,policy_csl,policy_deductable,policy_annual_premium,umbrella_limit,insured_zip,insured_sex,insured_education_level,insured_occupation,insured_hobbies,insured_relationship,capital-gains,capital-loss,incident_date,incident_type,collision_type,incident_severity,authorities_contacted,incident_state,incident_city,incident_location,incident_hour_of_the_day,number_of_vehicles_involved,property_damage,bodily_injuries,witnesses,police_report_available,total_claim_amount,injury_claim,property_claim,vehicle_claim,auto_make,auto_model,auto_year,fraud_reported,vehicle_id,location_id,zip_id,policy_id
328,48,521585,2014-10-17,OH,250/500,1000,1406.91,0,466132,Male,Md,Craft-Repair,Sleeping,Husband,53300,0,2015-01-25,Single Vehicle Collision,Side Collision,Major Damage,Police,Sc,Columbus,9935 4th Drive,5,1,Yes,1,2,Yes,71610,6510,13020,52080,Saab,92X,2004,1,Saab*92X*2004,Columbus_Sc,466132,521585
228,42,342868,2006-06-27,IN,250/500,2000,1197.22,5000000,468176,Male,Md,Machine-Op-Inspct,Reading,Other-Relative,0,0,2015-01-21,Vehicle Theft,?,Minor Damage,Police,Va,Riverwood,6608 MLK Hwy,8,1,?,0,0,?,5070,780,780,3510,Mercedes,E400,2007,1,Mercedes*E400*2007,Riverwood_Va,468176,342868
134,29,687698,2000-09-06,OH,100/300,2000,1413.14,5000000,430632,Female,Phd,Sales,Board-Games,Own-Child,35100,0,2015-02-22,Multi-Vehicle Collision,Rear Collision,Minor Damage,Police,Ny,Columbus,7121 Francis Lane,7,3,No,2,3,No,34650,7700,3850,23100,Dodge,Ram,2007,0,Dodge*Ram*2007,Columbus_Ny,430632,687698
256,41,227811,1990-05-25,IL,250/500,2000,1415.74,6000000,608117,Female,Phd,Armed-Forces,Board-Games,Unmarried,48900,-62400,2015-01-10,Single Vehicle Collision,Front Collision,Major Damage,Police,Oh,Arlington,6956 Maple Drive,5,1,?,1,2,No,63400,6340,6340,50720,Chevrolet,Tahoe,2014,1,Chevrolet*Tahoe*2014,Arlington_Oh,608117,227811
228,44,367455,2014-06-06,IL,500/1000,1000,1583.91,6000000,610706,Male,Associate,Sales,Board-Games,Unmarried,66000,-46000,2015-02-17,Vehicle Theft,?,Minor Damage,Nan,Ny,Arlington,3041 3rd Ave,20,1,No,0,1,No,6500,1300,650,4550,Accura,Rsx,2009,0,Accura*Rsx*2009,Arlington_Ny,610706,367455
256,39,104594,2006-10-12,OH,250/500,1000,1351.1,0,478456,Female,Phd,Tech-Support,Bungie-Jumping,Unmarried,0,0,2015-01-02,Multi-Vehicle Collision,Rear Collision,Major Damage,Fire,Sc,Arlington,8973 Washington St,19,3,No,0,2,No,64100,6410,6410,51280,Saab,95,2003,1,Saab*95*2003,Arlington_Sc,478456,104594
137,34,413978,2000-06-04,IN,250/500,1000,1333.35,0,441716,Male,Phd,Prof-Specialty,Board-Games,Husband,0,-77000,2015-01-13,Multi-Vehicle Collision,Front Collision,Minor Damage,Police,Ny,Springfield,5846 Weaver Drive,0,3,?,0,0,?,78650,21450,7150,50050,Nissan,Pathfinder,2012,0,Nissan*Pathfinder*2012,Springfield_Ny,441716,413978
165,37,429027,1990-02-03,IL,100/300,1000,1137.03,0,603195,Male,Associate,Tech-Support,Base-Jumping,Unmarried,0,0,2015-02-27,Multi-Vehicle Collision,Front Collision,Total Loss,Police,Va,Columbus,3525 3rd Hwy,23,3,?,2,2,Yes,51590,9380,9380,32830,Audi,A5,2015,0,Audi*A5*2015,Columbus_Va,603195,429027
27,33,485665,1997-02-05,IL,100/300,500,1442.99,0,601734,Female,Phd,Other-Service,Golf,Own-Child,0,0,2015-01-30,Single Vehicle Collision,Front Collision,Total Loss,Police,Wv,Arlington,4872 Rock Ridge,21,1,No,1,1,Yes,27700,2770,2770,22160,Toyota,Camry,2012,0,Toyota*Camry*2012,Arlington_Wv,601734,485665
212,42,636550,2011-07-25,IL,100/300,500,1315.68,0,600983,Male,Phd,Priv-House-Serv,Camping,Wife,0,-39300,2015-01-05,Single Vehicle Collision,Rear Collision,Total Loss,Other,Nc,Hillsdale,3066 Francis Ave,14,1,No,2,1,?,42300,4700,4700,32900,Saab,92X,1996,0,Saab*92X*1996,Hillsdale_Nc,600983,636550
235,42,543610,2002-05-26,OH,100/300,500,1253.12,4000000,462283,Female,Masters,Exec-Managerial,Dancing,Other-Relative,38400,0,2015-01-06,Single Vehicle Collision,Front Collision,Total Loss,Police,Ny,Northbend,1558 1st Ridge,22,1,Yes,2,2,?,87010,7910,15820,63280,Ford,F150,2002,0,Ford*F150*2002,Northbend_Ny,462283,543610
447,61,214618,1999-05-29,OH,100/300,2000,1137.16,0,615561,Female,High School,Exec-Managerial,Skydiving,Other-Relative,0,-51000,2015-02-15,Multi-Vehicle Collision,Front Collision,Major Damage,Fire,Sc,Springfield,5971 5th Hwy,21,3,Yes,1,2,Yes,114920,17680,17680,79560,Audi,A3,2006,0,Audi*A3*2006,Springfield_Sc,615561,214618
60,23,842643,1997-11-20,OH,500/1000,500,1215.36,3000000,432220,Male,Md,Protective-Serv,Reading,Wife,0,0,2015-01-22,Single Vehicle Collision,Rear Collision,Total Loss,Ambulance,Sc,Northbend,6655 5th Drive,9,1,Yes,1,0,No,56520,4710,9420,42390,Saab,95,2000,0,Saab*95*2000,Northbend_Sc,432220,842643
121,34,626808,2012-10-26,OH,100/300,1000,936.61,0,464652,Female,Md,Armed-Forces,Bungie-Jumping,Wife,52800,-32800,2015-01-08,Parked Car,?,Minor Damage,Nan,Sc,Springfield,6582 Elm Lane,5,1,No,1,1,No,7280,1120,1120,5040,Toyota,Highlander,2010,0,Toyota*Highlander*2010,Springfield_Sc,464652,626808
180,38,644081,1998-12-28,OH,250/500,2000,1301.13,0,476685,Female,College,Machine-Op-Inspct,Board-Games,Not-In-Family,41300,-55500,2015-01-15,Single Vehicle Collision,Rear Collision,Total Loss,Police,Sc,Springfield,6851 3rd Drive,12,1,No,0,2,Yes,46200,4200,8400,33600,Dodge,Neon,2003,1,Dodge*Neon*2003,Springfield_Sc,476685,644081
473,58,892874,1992-10-19,IN,100/300,2000,1131.4,0,458733,Female,Md,Transport-Moving,Movies,Other-Relative,55700,0,2015-01-29,Multi-Vehicle Collision,Side Collision,Major Damage,Other,Wv,Hillsdale,9573 Weaver Ave,12,4,Yes,0,0,No,63120,10520,10520,42080,Accura,Mdx,1999,1,Accura*Mdx*1999,Hillsdale_Wv,458733,892874
70,26,558938,2005-06-08,OH,500/1000,1000,1199.44,5000000,619884,Male,College,Machine-Op-Inspct,Hiking,Own-Child,63600,0,2015-02-22,Multi-Vehicle Collision,Rear Collision,Major Damage,Other,Ny,Riverwood,5074 3rd St,0,3,?,1,2,Yes,52110,5790,5790,40530,Nissan,Maxima,2012,0,Nissan*Maxima*2012,Riverwood_Ny,619884,558938
140,31,275265,2004-11-15,IN,500/1000,500,708.64,6000000,470610,Male,High School,Machine-Op-Inspct,Reading,Unmarried,53500,0,2015-01-06,Single Vehicle Collision,Side Collision,Total Loss,Police,Wv,Northbend,4546 Tree St,9,1,No,0,2,Yes,77880,14160,7080,56640,Suburu,Legacy,2015,0,Suburu*Legacy*2015,Northbend_Wv,470610,275265
160,37,921202,2014-12-28,OH,500/1000,500,1374.22,0,472135,Female,Md,Craft-Repair,Yachting,Other-Relative,45500,-37800,2015-01-19,Single Vehicle Collision,Side Collision,Total Loss,Other,Ny,Northbrook,3842 Solo Ridge,19,1,Yes,1,0,No,72930,6630,13260,53040,Accura,Tl,2015,0,Accura*Tl*2015,Northbrook_Ny,472135,921202
196,39,143972,1992-08-02,IN,500/1000,2000,1475.73,0,477670,Female,High School,Handlers-Cleaners,Camping,Own-Child,57000,-27300,2015-02-22,Multi-Vehicle Collision,Side Collision,Major Damage,Police,Va,Columbus,8101 3rd Ridge,8,3,?,2,0,No,60400,6040,6040,48320,Nissan,Pathfinder,2014,0,Nissan*Pathfinder*2014,Columbus_Va,477670,143972
460,62,183430,2002-06-25,IN,250/500,1000,1187.96,4000000,618845,Male,Jd,Other-Service,Bungie-Jumping,Own-Child,0,0,2015-01-01,Multi-Vehicle Collision,Rear Collision,Minor Damage,Police,Ny,Columbus,5380 Pine St,20,3,No,1,0,?,47160,0,5240,41920,Suburu,Impreza,2011,0,Suburu*Impreza*2011,Columbus_Ny,618845,183430
217,41,431876,2005-11-27,IL,500/1000,2000,875.15,0,442479,Female,Associate,Machine-Op-Inspct,Skydiving,Own-Child,46700,0,2015-02-10,Multi-Vehicle Collision,Side Collision,Total Loss,Police,Sc,Arlington,8957 Weaver Drive,15,3,?,1,2,?,37840,0,4730,33110,Accura,Rsx,1996,0,Accura*Rsx*1996,Arlington_Sc,442479,431876
370,55,285496,1994-05-27,IL,100/300,2000,972.18,0,443920,Male,High School,Prof-Specialty,Paintball,Other-Relative,72700,-68200,2015-01-11,Multi-Vehicle Collision,Rear Collision,Major Damage,Ambulance,Sc,Hillsdale,2526 Embaracadero Ave,20,3,No,0,0,Yes,71520,17880,5960,47680,Suburu,Forrestor,2000,1,Suburu*Forrestor*2000,Hillsdale_Sc,443920,285496
413,55,115399,1991-02-08,IN,100/300,2000,1268.79,0,453148,Male,Md,Priv-House-Serv,Chess,Own-Child,0,-31000,2015-01-19,Single Vehicle Collision,Front Collision,Total Loss,Ambulance,Wv,Northbend,5667 4th Drive,15,1,?,2,2,?,98160,8180,16360,73620,Dodge,Ram,2011,1,Dodge*Ram*2011,Northbend_Wv,453148,115399
237,40,736882,1996-02-02,IN,100/300,1000,883.31,0,434733,Male,College,Craft-Repair,Kayaking,Husband,0,-53500,2015-02-24,Single Vehicle Collision,Rear Collision,Minor Damage,Other,Va,Riverwood,2502 Apache Hwy,6,1,No,1,3,No,77880,7080,14160,56640,Ford,Escape,2005,0,Ford*Escape*2005,Riverwood_Va,434733,736882
8,35,699044,2013-12-05,OH,100/300,2000,1266.92,0,613982,Male,Masters,Sales,Polo,Own-Child,0,0,2015-01-09,Multi-Vehicle Collision,Rear Collision,Major Damage,Other,Oh,Arlington,3418 Texas Lane,16,3,No,1,3,Yes,71500,16500,11000,44000,Ford,Escape,2006,1,Ford*Escape*2006,Arlington_Oh,613982,699044
257,43,863236,1990-09-20,IN,100/300,2000,1322.1,0,436984,Male,High School,Prof-Specialty,Golf,Own-Child,0,-29200,2015-01-28,Parked Car,?,Minor Damage,Police,Pa,Arlington,2533 Elm St,4,1,Yes,1,3,Yes,9020,1640,820,6560,Toyota,Camry,2005,0,Toyota*Camry*2005,Arlington_Pa,436984,863236
202,34,608513,2002-07-18,IN,100/300,500,848.07,3000000,607730,Male,Jd,Exec-Managerial,Chess,Not-In-Family,31000,-30200,2015-01-07,Vehicle Theft,?,Minor Damage,Nan,Va,Northbrook,3790 Andromedia Hwy,5,1,Yes,2,1,?,5720,1040,520,4160,Suburu,Forrestor,2003,1,Suburu*Forrestor*2003,Northbrook_Va,607730,608513
224,40,914088,1990-02-08,OH,100/300,2000,1291.7,0,609837,Female,Jd,Sales,Kayaking,Not-In-Family,0,-55600,2015-01-08,Single Vehicle Collision,Side Collision,Minor Damage,Other,Sc,Northbend,3220 Rock Drive,21,1,No,1,0,Yes,69840,7760,15520,46560,Dodge,Neon,2009,0,Dodge*Neon*2009,Northbend_Sc,609837,914088
241,45,596785,2014-03-04,IL,500/1000,2000,1104.5,0,432211,Female,Phd,Machine-Op-Inspct,Basketball,Unmarried,0,0,2015-02-15,Single Vehicle Collision,Rear Collision,Minor Damage,Police,Sc,Northbrook,2100 Francis Drive,5,1,No,2,2,No,91650,14100,14100,63450,Accura,Tl,2011,0,Accura*Tl*2011,Northbrook_Sc,432211,596785
64,25,908616,2000-02-18,IL,250/500,1000,954.16,0,473328,Male,Masters,Prof-Specialty,Video-Games,Husband,53200,0,2015-01-18,Multi-Vehicle Collision,Side Collision,Major Damage,Ambulance,Sc,Columbus,4687 5th Drive,22,4,No,0,0,?,75600,12600,12600,50400,Toyota,Corolla,2005,0,Toyota*Corolla*2005,Columbus_Sc,473328,908616
166,37,666333,2008-06-19,IL,100/300,2000,1337.28,8000000,610393,Male,Jd,Craft-Repair,Reading,Husband,27500,0,2015-02-28,Multi-Vehicle Collision,Side Collision,Major Damage,Police,Wv,Riverwood,9038 2nd Lane,10,3,No,2,2,?,67140,7460,7460,52220,Ford,F150,2006,1,Ford*F150*2006,Riverwood_Wv,610393,666333
155,35,336614,2003-08-01,IL,500/1000,1000,1088.34,0,614780,Female,Associate,Adm-Clerical,Yachting,Other-Relative,81100,0,2015-02-24,Multi-Vehicle Collision,Front Collision,Total Loss,Police,Ny,Arlington,6092 5th Ave,16,3,Yes,2,3,No,29790,3310,3310,23170,Bmw,3 Series,2008,0,Bmw*3 Series*2008,Arlington_Ny,614780,336614
114,30,584859,1992-04-04,IL,100/300,1000,1558.29,0,472248,Male,High School,Farming-Fishing,Video-Games,Wife,51400,-64000,2015-01-09,Multi-Vehicle Collision,Front Collision,Major Damage,Ambulance,Ny,Hillsdale,8353 Britain Ridge,1,3,No,1,2,?,77110,14020,14020,49070,Suburu,Impreza,2015,0,Suburu*Impreza*2015,Hillsdale_Ny,472248,584859
149,37,990493,1991-01-13,IL,500/1000,500,1415.68,0,603381,Male,Phd,Prof-Specialty,Yachting,Own-Child,0,0,2015-02-12,Single Vehicle Collision,Side Collision,Total Loss,Fire,Wv,Hillsdale,3540 Maple St,17,1,Yes,0,1,Yes,64800,10800,5400,48600,Audi,A3,1999,0,Audi*A3*1999,Hillsdale_Wv,603381,990493
147,33,129872,2010-08-08,OH,100/300,1000,1334.15,6000000,479224,Male,High School,Craft-Repair,Reading,Not-In-Family,53300,-49200,2015-01-24,Single Vehicle Collision,Front Collision,Major Damage,Other,Wv,Springfield,3104 Sky Drive,15,1,Yes,2,0,Yes,53100,10620,5310,37170,Mercedes,C300,1995,1,Mercedes*C300*1995,Springfield_Wv,479224,129872
62,28,200152,2003-03-09,IL,100/300,1000,988.45,0,430141,Female,Masters,Protective-Serv,Camping,Unmarried,0,0,2015-01-09,Single Vehicle Collision,Rear Collision,Total Loss,Police,Ny,Northbrook,4981 Weaver St,3,1,?,1,1,Yes,60200,6020,6020,48160,Suburu,Forrestor,2004,1,Suburu*Forrestor*2004,Northbrook_Ny,430141,200152
289,49,933293,1993-02-03,IL,500/1000,2000,1222.48,0,620757,Female,Jd,Priv-House-Serv,Golf,Unmarried,0,0,2015-01-18,Parked Car,?,Minor Damage,Nan,Wv,Arlington,6676 Tree Lane,16,1,No,1,1,Yes,5330,1230,820,3280,Suburu,Legacy,2001,0,Suburu*Legacy*2001,Arlington_Wv,620757,933293
431,54,485664,2002-11-25,IN,500/1000,2000,1155.55,0,615901,Female,Md,Craft-Repair,Bungie-Jumping,Unmarried,65700,0,2015-01-21,Multi-Vehicle Collision,Rear Collision,Major Damage,Police,Ny,Hillsdale,3930 Embaracadero St,4,3,?,2,0,?,62300,12460,6230,43610,Jeep,Wrangler,2007,0,Jeep*Wrangler*2007,Hillsdale_Ny,615901,485664
199,37,982871,1997-07-27,IN,250/500,500,1262.08,0,474615,Male,Jd,Tech-Support,Video-Games,Wife,48500,0,2015-01-08,Single Vehicle Collision,Front Collision,Major Damage,Ambulance,Nc,Columbus,3422 Flute St,4,1,?,0,3,No,60170,10940,10940,38290,Nissan,Pathfinder,2011,1,Nissan*Pathfinder*2011,Columbus_Nc,474615,982871
79,26,206213,1995-05-08,IL,100/300,500,1451.62,0,456446,Male,Associate,Tech-Support,Kayaking,Not-In-Family,0,-55700,2015-01-03,Single Vehicle Collision,Rear Collision,Minor Damage,Ambulance,Wv,Columbus,4862 Lincoln Hwy,19,1,No,2,2,?,40000,8000,4000,28000,Bmw,M5,2010,0,Bmw*M5*2010,Columbus_Wv,456446,206213
116,34,616337,2012-08-30,IN,250/500,500,1737.66,0,470577,Male,Associate,Transport-Moving,Chess,Unmarried,0,-24100,2015-01-01,Single Vehicle Collision,Side Collision,Major Damage,Police,Wv,Northbrook,5719 2nd Lane,1,1,?,1,1,?,97080,16180,16180,64720,Bmw,X5,2001,1,Bmw*X5*2001,Northbrook_Wv,470577,616337
37,23,448961,2006-04-30,IL,500/1000,500,1475.93,0,441648,Female,College,Prof-Specialty,Hiking,Husband,0,-67400,2015-01-16,Multi-Vehicle Collision,Side Collision,Minor Damage,Other,Sc,Springfield,3221 Solo Ridge,17,3,Yes,1,0,No,51660,5740,5740,40180,Dodge,Ram,2010,0,Dodge*Ram*2010,Springfield_Sc,441648,448961
106,30,790442,2003-04-13,OH,250/500,500,538.17,0,433782,Female,Phd,Transport-Moving,Reading,Own-Child,49700,-60200,2015-02-10,Single Vehicle Collision,Rear Collision,Total Loss,Other,Nc,Arlington,6660 MLK Drive,23,1,No,2,2,No,51120,5680,5680,39760,Mercedes,E400,2005,0,Mercedes*E400*2005,Arlington_Nc,433782,790442
269,44,108844,2007-12-05,IL,100/300,2000,1081.08,0,468104,Male,Jd,Priv-House-Serv,Reading,Unmarried,36400,-28700,2015-02-14,Single Vehicle Collision,Front Collision,Minor Damage,Other,Sc,Springfield,1699 Oak Drive,14,1,Yes,0,2,?,56400,11280,11280,33840,Toyota,Highlander,2014,0,Toyota*Highlander*2014,Springfield_Sc,468104,108844
265,40,430029,2006-08-21,IL,250/500,1000,1454.43,0,459407,Female,Md,Protective-Serv,Yachting,Husband,0,0,2015-02-21,Multi-Vehicle Collision,Rear Collision,Total Loss,Other,Ny,Arlington,4234 Cherokee Lane,17,3,No,2,3,?,55120,6890,0,48230,Accura,Mdx,2002,0,Accura*Mdx*2002,Arlington_Ny,459407,430029
163,33,529112,1990-01-08,IN,100/300,500,1240.47,0,472573,Female,Associate,Other-Service,Polo,Husband,35300,0,2015-02-18,Multi-Vehicle Collision,Rear Collision,Total Loss,Fire,Nc,Northbend,7476 4th St,11,3,Yes,1,1,?,77110,0,14020,63090,Honda,Civic,2014,0,Honda*Civic*2014,Northbend_Nc,472573,529112
355,47,939631,1990-03-18,OH,500/1000,2000,1273.7,4000000,433473,Male,College,Other-Service,Kayaking,Husband,0,0,2015-01-10,Multi-Vehicle Collision,Front Collision,Major Damage,Fire,Wv,Arlington,8907 Tree Ave,19,3,No,2,1,No,62800,6280,6280,50240,Audi,A3,2003,1,Audi*A3*2003,Arlington_Wv,433473,939631
175,34,866931,2008-01-07,IN,500/1000,1000,1123.87,8000000,446326,Female,Phd,Protective-Serv,Dancing,Other-Relative,0,0,2015-02-26,Vehicle Theft,?,Trivial Damage,Police,Ny,Arlington,6619 Flute Ave,5,1,?,2,0,Yes,7290,810,810,5670,Volkswagen,Passat,1995,0,Volkswagen*Passat*1995,Arlington_Ny,446326,866931
192,35,582011,1997-03-10,IL,100/300,1000,1245.89,0,435481,Female,Masters,Exec-Managerial,Movies,Wife,0,-40300,2015-01-01,Single Vehicle Collision,Rear Collision,Total Loss,Other,Wv,Springfield,6011 Britain St,19,1,No,0,0,?,76600,15320,7660,53620,Mercedes,C300,2000,0,Mercedes*C300*2000,Springfield_Wv,435481,582011
430,59,691189,2004-01-10,OH,250/500,2000,1326.62,7000000,477310,Male,Md,Other-Service,Bungie-Jumping,Own-Child,0,0,2015-01-03,Multi-Vehicle Collision,Front Collision,Minor Damage,Fire,Ny,Riverwood,5104 Francis Drive,19,3,?,0,3,Yes,81800,16360,8180,57260,Nissan,Pathfinder,1998,0,Nissan*Pathfinder*1998,Riverwood_Ny,477310,691189
91,27,537546,1994-08-20,IL,100/300,2000,1073.83,0,609930,Female,Jd,Farming-Fishing,Polo,Husband,0,0,2015-01-17,Vehicle Theft,?,Trivial Damage,Nan,Ny,Arlington,2280 4th Ave,4,1,?,1,2,?,7260,1320,660,5280,Bmw,M5,2008,0,Bmw*M5*2008,Arlington_Ny,609930,537546
217,39,394975,2002-06-02,IN,100/300,1000,1530.52,0,603993,Male,College,Armed-Forces,Basketball,Not-In-Family,0,0,2015-02-22,Vehicle Theft,?,Minor Damage,Nan,Wv,Northbend,2644 Elm Drive,8,1,?,2,1,Yes,4300,430,430,3440,Toyota,Corolla,2000,0,Toyota*Corolla*2000,Northbend_Wv,603993,394975
223,40,729634,1994-04-28,IN,100/300,500,1201.41,0,437818,Female,Jd,Priv-House-Serv,Movies,Husband,88400,-46500,2015-01-27,Multi-Vehicle Collision,Side Collision,Major Damage,Police,Nc,Columbus,7466 MLK Ridge,7,3,Yes,1,0,?,70510,12820,12820,44870,Suburu,Forrestor,1999,0,Suburu*Forrestor*1999,Columbus_Nc,437818,729634
195,39,282195,2014-08-17,OH,250/500,1000,1393.57,0,478423,Male,Phd,Machine-Op-Inspct,Movies,Not-In-Family,47600,-39600,2015-02-27,Parked Car,?,Minor Damage,Police,Va,Northbend,5821 2nd St,5,1,No,0,1,Yes,2640,480,480,1680,Ford,F150,2009,0,Ford*F150*2009,Northbend_Va,478423,282195
22,26,420810,2007-08-11,OH,100/300,1000,1276.57,0,467784,Male,Phd,Craft-Repair,Skydiving,Not-In-Family,71500,0,2015-01-06,Single Vehicle Collision,Rear Collision,Minor Damage,Fire,Ny,Arlington,6723 Best Drive,3,1,Yes,1,2,No,78900,15780,7890,55230,Chevrolet,Silverado,1995,0,Chevrolet*Silverado*1995,Arlington_Ny,467784,420810
439,56,524836,2008-11-20,IN,250/500,500,1082.49,0,606714,Female,Phd,Prof-Specialty,Chess,Unmarried,36100,-55000,2015-02-28,Multi-Vehicle Collision,Front Collision,Major Damage,Fire,Sc,Columbus,4866 4th Hwy,12,3,?,2,3,?,56430,0,6270,50160,Honda,Crv,2014,0,Honda*Crv*2014,Columbus_Sc,606714,524836
94,32,307195,1995-10-18,IN,500/1000,1000,1414.74,0,464691,Female,Masters,Adm-Clerical,Hiking,Own-Child,0,0,2015-02-22,Parked Car,?,Minor Damage,Nan,Va,Riverwood,5418 Britain Ave,19,1,No,1,3,No,2400,300,300,1800,Chevrolet,Silverado,2014,0,Chevrolet*Silverado*2014,Riverwood_Va,464691,307195
11,39,623648,1993-05-19,IL,250/500,2000,1470.06,0,431683,Male,Phd,Other-Service,Yachting,Husband,56600,-45800,2015-01-07,Single Vehicle Collision,Front Collision,Total Loss,Ambulance,Wv,Riverwood,4296 Pine Hwy,22,1,Yes,0,1,No,65790,7310,7310,51170,Saab,93,2007,0,Saab*93*2007,Riverwood_Wv,431683,623648
151,36,485372,2005-02-26,OH,250/500,2000,870.63,0,431725,Female,Md,Adm-Clerical,Kayaking,Own-Child,94800,-58500,2015-01-06,Multi-Vehicle Collision,Side Collision,Minor Damage,Police,Va,Hillsdale,2299 1st St,12,3,No,1,1,No,62920,11440,5720,45760,Ford,Escape,2000,0,Ford*Escape*2000,Hillsdale_Va,431725,485372
154,34,598554,1990-02-14,IN,100/300,500,795.23,0,609216,Male,Phd,Machine-Op-Inspct,Base-Jumping,Other-Relative,36900,0,2015-01-10,Multi-Vehicle Collision,Rear Collision,Major Damage,Police,Ny,Springfield,6618 Cherokee Drive,15,3,Yes,2,1,?,69480,15440,0,54040,Nissan,Maxima,2014,1,Nissan*Maxima*2014,Springfield_Ny,609216,598554
245,44,303987,1993-09-30,IL,500/1000,1000,1168.2,0,452787,Male,Jd,Handlers-Cleaners,Basketball,Husband,69100,0,2015-02-11,Multi-Vehicle Collision,Side Collision,Total Loss,Other,Oh,Springfield,7459 Flute St,23,3,No,0,3,No,44280,7380,3690,33210,Honda,Accord,1997,0,Honda*Accord*1997,Springfield_Oh,452787,303987
119,32,343161,2014-06-10,IL,500/1000,1000,993.51,0,468767,Male,High School,Armed-Forces,Bungie-Jumping,Unmarried,0,-49500,2015-01-12,Single Vehicle Collision,Side Collision,Minor Damage,Other,Wv,Hillsdale,3567 4th Drive,12,1,No,0,3,Yes,56300,5630,11260,39410,Bmw,M5,2011,0,Bmw*M5*2011,Hillsdale_Wv,468767,343161
215,42,519312,2008-10-28,OH,500/1000,500,1848.81,0,435489,Male,Jd,Transport-Moving,Video-Games,Own-Child,0,-49000,2015-02-06,Multi-Vehicle Collision,Front Collision,Major Damage,Fire,Wv,Northbend,2457 Washington Ave,20,3,Yes,2,2,Yes,68520,11420,5710,51390,Suburu,Legacy,2003,1,Suburu*Legacy*2003,Northbend_Wv,435489,519312
295,42,132902,2007-04-24,OH,250/500,2000,1641.73,5000000,450149,Male,Phd,Sales,Chess,Not-In-Family,62400,0,2015-01-20,Multi-Vehicle Collision,Rear Collision,Total Loss,Fire,Va,Riverwood,1269 Flute Drive,16,3,No,0,0,No,59130,6570,6570,45990,Ford,Escape,2006,1,Ford*Escape*2006,Riverwood_Va,450149,132902
254,39,332867,1993-12-13,IN,100/300,500,1362.87,0,458364,Female,Md,Exec-Managerial,Chess,Other-Relative,35700,0,2015-02-22,Multi-Vehicle Collision,Front Collision,Minor Damage,Ambulance,Ny,Arlington,1218 Sky Hwy,6,3,Yes,2,2,No,82320,13720,6860,61740,Dodge,Neon,1995,1,Dodge*Neon*1995,Arlington_Ny,458364,332867
107,31,356590,2011-08-17,IN,250/500,500,1239.22,7000000,476458,Female,High School,Tech-Support,Paintball,Not-In-Family,43400,-91200,2015-01-30,Single Vehicle Collision,Side Collision,Minor Damage,Fire,Sc,Springfield,9169 Pine Ridge,12,1,Yes,0,1,No,89700,13800,13800,62100,Audi,A5,2009,1,Audi*A5*2009,Springfield_Sc,476458,356590
478,64,346002,1990-08-20,OH,250/500,500,835.02,0,602433,Female,Associate,Adm-Clerical,Reading,Unmarried,59600,0,2015-02-02,Multi-Vehicle Collision,Side Collision,Minor Damage,Fire,Wv,Hillsdale,8538 Texas Lane,17,3,No,1,1,No,33930,0,3770,30160,Bmw,X6,1998,0,Bmw*X6*1998,Hillsdale_Wv,602433,346002
128,30,500533,1994-02-11,OH,100/300,1000,1061.33,0,478575,Male,Md,Machine-Op-Inspct,Movies,Own-Child,43300,-66200,2015-01-10,Single Vehicle Collision,Front Collision,Major Damage,Ambulance,Wv,Northbrook,5783 Oak Ave,8,1,No,0,3,No,68530,12460,6230,49840,Audi,A5,1997,0,Audi*A5*1997,Northbrook_Wv,478575,500533
338,49,348209,1994-02-22,IN,500/1000,1000,1279.08,0,449718,Male,Md,Other-Service,Kayaking,Own-Child,0,-51500,2015-02-27,Parked Car,?,Minor Damage,Nan,Nc,Riverwood,7721 Washington Ridge,13,1,No,0,1,?,4300,860,860,2580,Ford,F150,2004,0,Ford*F150*2004,Riverwood_Nc,449718,348209
271,42,486676,2011-08-15,OH,100/300,500,1105.49,0,463181,Female,Associate,Prof-Specialty,Sleeping,Own-Child,56200,-50000,2015-02-20,Multi-Vehicle Collision,Side Collision,Major Damage,Other,Sc,Hillsdale,8006 Maple Hwy,12,2,?,2,3,?,68310,12420,6210,49680,Audi,A3,2003,1,Audi*A3*2003,Hillsdale_Sc,463181,486676
222,41,260845,1998-11-11,OH,100/300,2000,1055.53,0,441992,Female,Md,Armed-Forces,Cross-Fit,Not-In-Family,37800,-50300,2015-02-08,Single Vehicle Collision,Front Collision,Total Loss,Other,Wv,Northbrook,6751 Pine Ridge,7,1,No,0,2,No,61290,6810,6810,47670,Honda,Civic,1995,1,Honda*Civic*1995,Northbrook_Wv,441992,260845
199,41,657045,1995-12-04,OH,250/500,1000,895.83,0,452597,Female,Associate,Sales,Paintball,Husband,0,0,2015-02-11,Single Vehicle Collision,Rear Collision,Minor Damage,Ambulance,Nc,Arlington,2324 Texas Ridge,10,1,No,1,2,No,30100,3010,0,27090,Chevrolet,Malibu,1999,0,Chevrolet*Malibu*1999,Arlington_Nc,452597,657045
215,37,761189,2002-12-28,IN,100/300,500,1632.93,0,614417,Female,College,Transport-Moving,Golf,Not-In-Family,0,-42900,2015-02-23,Multi-Vehicle Collision,Rear Collision,Minor Damage,Fire,Sc,Riverwood,7923 Elm Ave,7,3,No,2,0,Yes,57120,9520,4760,42840,Mercedes,C300,2002,0,Mercedes*C300*2002,Riverwood_Sc,614417,761189
192,40,175177,2004-04-15,IL,100/300,1000,1405.99,0,472895,Female,Associate,Sales,Yachting,Wife,0,0,2015-03-01,Multi-Vehicle Collision,Side Collision,Minor Damage,Ambulance,Va,Springfield,4755 Best Lane,18,3,Yes,1,0,Yes,42930,9540,4770,28620,Bmw,X6,2005,0,Bmw*X6*2005,Springfield_Va,472895,175177
120,35,116700,2001-02-02,OH,100/300,1000,1425.54,0,475847,Female,High School,Transport-Moving,Bungie-Jumping,Other-Relative,78300,0,2015-01-15,Multi-Vehicle Collision,Front Collision,Total Loss,Ambulance,Sc,Riverwood,5053 Tree Drive,22,3,No,2,0,No,51210,11380,5690,34140,Ford,Fusion,2010,0,Ford*Fusion*2010,Riverwood_Sc,475847,116700
270,45,166264,2010-01-12,OH,500/1000,1000,1038.09,0,476978,Female,College,Handlers-Cleaners,Golf,Husband,0,-19700,2015-01-14,Multi-Vehicle Collision,Front Collision,Minor Damage,Fire,Ny,Springfield,2078 3rd Ave,18,3,No,1,1,Yes,89400,14900,7450,67050,Suburu,Legacy,1998,0,Suburu*Legacy*1998,Springfield_Ny,476978,166264
319,47,527945,1992-04-14,IN,250/500,500,1307.11,0,600648,Male,College,Transport-Moving,Dancing,Not-In-Family,0,0,2015-02-17,Multi-Vehicle Collision,Front Collision,Total Loss,Police,Wv,Northbrook,2804 Best St,22,3,No,0,2,?,59730,10860,10860,38010,Audi,A3,2005,0,Audi*A3*2005,Northbrook_Wv,600648,527945
194,39,627540,2010-05-21,OH,500/1000,1000,1489.24,6000000,608335,Female,Jd,Other-Service,Kayaking,Wife,0,-45000,2015-01-24,Vehicle Theft,?,Minor Damage,Nan,Sc,Springfield,7877 Sky Lane,15,1,Yes,2,2,Yes,8060,1240,1240,5580,Saab,95,2004,0,Saab*95*2004,Springfield_Sc,608335,627540
227,38,279422,2013-10-27,OH,500/1000,500,976.67,0,471600,Female,Phd,Handlers-Cleaners,Polo,Unmarried,0,0,2015-01-21,Single Vehicle Collision,Rear Collision,Major Damage,Fire,Sc,Northbrook,6530 Weaver Ave,16,1,?,1,2,?,72200,14440,7220,50540,Bmw,M5,2013,1,Bmw*M5*2013,Northbrook_Sc,471600,279422
137,31,484200,1994-10-12,OH,250/500,2000,1340.43,0,441175,Male,High School,Exec-Managerial,Paintball,Husband,52700,-40600,2015-02-19,Multi-Vehicle Collision,Side Collision,Minor Damage,Ambulance,Nc,Arlington,3087 Oak Hwy,6,3,No,1,2,No,50800,10160,10160,30480,Accura,Mdx,2005,0,Accura*Mdx*2005,Arlington_Nc,441175,484200
244,40,645258,1997-07-04,OH,500/1000,2000,1267.81,5000000,603123,Female,Masters,Exec-Managerial,Video-Games,Wife,0,0,2015-01-03,Vehicle Theft,?,Trivial Damage,Nan,Nc,Northbrook,7098 Lincoln Hwy,10,1,?,2,1,?,6600,660,1320,4620,Accura,Tl,2005,0,Accura*Tl*2005,Northbrook_Nc,603123,645258
78,29,694662,2011-02-15,IL,250/500,1000,1234.2,6000000,457767,Male,Masters,Other-Service,Bungie-Jumping,Other-Relative,0,0,2015-01-29,Vehicle Theft,?,Minor Damage,Police,Ny,Northbrook,5124 Maple St,3,1,Yes,2,2,No,7500,750,1500,5250,Nissan,Maxima,2002,0,Nissan*Maxima*2002,Northbrook_Ny,457767,694662
200,35,960680,1994-08-21,IN,250/500,2000,1318.06,0,618498,Male,High School,Exec-Managerial,Video-Games,Wife,57300,-80600,2015-01-19,Vehicle Theft,?,Trivial Damage,Nan,Va,Hillsdale,2333 Maple Lane,13,1,No,0,3,Yes,6490,1180,1180,4130,Volkswagen,Jetta,2002,0,Volkswagen*Jetta*2002,Hillsdale_Va,618498,960680
284,48,498140,1997-05-15,IN,500/1000,2000,769.95,0,605486,Male,Masters,Prof-Specialty,Movies,Not-In-Family,0,-44200,2015-01-19,Multi-Vehicle Collision,Side Collision,Major Damage,Ambulance,Ny,Hillsdale,1012 5th Lane,16,2,?,2,3,No,60940,5540,11080,44320,Audi,A3,2013,1,Audi*A3*2013,Hillsdale_Ny,605486,498140
275,41,498875,1996-10-26,OH,100/300,2000,1514.72,0,617970,Male,High School,Transport-Moving,Board-Games,Own-Child,35700,0,2015-02-02,Multi-Vehicle Collision,Front Collision,Major Damage,Fire,Ny,Northbrook,7477 MLK Drive,13,3,Yes,0,1,?,58300,5830,11660,40810,Suburu,Legacy,2007,0,Suburu*Legacy*2007,Northbrook_Ny,617970,498875
153,34,798177,2006-03-04,IL,500/1000,1000,873.64,4000000,432934,Female,Associate,Priv-House-Serv,Yachting,Husband,800,0,2015-01-30,Multi-Vehicle Collision,Front Collision,Minor Damage,Other,Sc,Columbus,9489 3rd St,9,3,No,2,1,?,68400,11400,11400,45600,Ford,F150,2007,0,Ford*F150*2007,Columbus_Sc,432934,798177
134,32,614763,1991-01-02,IL,500/1000,500,1612.43,0,456762,Female,Md,Other-Service,Yachting,Own-Child,36400,0,2015-01-08,Single Vehicle Collision,Side Collision,Total Loss,Fire,Va,Springfield,2087 Apache Ave,2,1,?,2,1,Yes,64240,11680,11680,40880,Bmw,3 Series,2015,0,Bmw*3 Series*2015,Springfield_Va,456762,614763
31,36,679370,1999-08-15,IL,500/1000,2000,1318.24,9000000,601748,Female,College,Prof-Specialty,Kayaking,Not-In-Family,0,-78600,2015-01-30,Parked Car,?,Trivial Damage,Nan,Wv,Arlington,5540 Sky St,9,1,No,0,1,Yes,4700,940,470,3290,Dodge,Neon,2002,0,Dodge*Neon*2002,Arlington_Wv,601748,679370
41,25,958857,1992-01-15,IN,100/300,1000,1226.83,0,607763,Female,College,Exec-Managerial,Exercise,Not-In-Family,0,-56100,2015-01-07,Multi-Vehicle Collision,Side Collision,Major Damage,Other,Sc,Columbus,7238 2nd St,12,3,Yes,2,0,?,45120,0,5640,39480,Accura,Mdx,2011,1,Accura*Mdx*2011,Columbus_Sc,607763,958857
127,29,686816,1999-12-07,OH,250/500,2000,1326.44,5000000,436973,Female,High School,Sales,Board-Games,Own-Child,0,0,2015-02-24,Multi-Vehicle Collision,Front Collision,Total Loss,Fire,Sc,Arlington,8442 Britain Hwy,12,2,Yes,1,1,?,66950,10300,10300,46350,Saab,93,1995,0,Saab*93*1995,Arlington_Sc,436973,686816
61,23,127754,1993-06-06,IL,250/500,2000,1136.83,4000000,471300,Female,Associate,Tech-Support,Exercise,Own-Child,0,-62400,2015-02-02,Single Vehicle Collision,Side Collision,Major Damage,Police,Ny,Columbus,1331 Britain Hwy,14,1,No,0,3,?,98340,8940,17880,71520,Honda,Accord,2004,1,Honda*Accord*2004,Columbus_Ny,471300,127754
207,42,918629,2000-10-03,IL,250/500,2000,1322.78,0,453277,Male,Phd,Farming-Fishing,Yachting,Own-Child,55200,0,2015-02-28,Parked Car,?,Trivial Damage,Nan,Wv,Springfield,5260 Francis Drive,9,1,No,0,1,No,5900,590,590,4720,Bmw,X5,2007,0,Bmw*X5*2007,Springfield_Wv,453277,918629
219,43,731450,2010-12-29,IN,100/300,1000,1483.25,0,465100,Female,Md,Exec-Managerial,Exercise,Not-In-Family,90700,-20800,2015-02-09,Multi-Vehicle Collision,Front Collision,Major Damage,Ambulance,Nc,Riverwood,1135 Solo Lane,3,3,No,1,1,?,70680,5890,11780,53010,Ford,Fusion,2009,0,Ford*Fusion*2009,Riverwood_Nc,465100,731450
271,42,307447,1990-03-17,IL,100/300,500,1515.3,0,603248,Female,High School,Machine-Op-Inspct,Hiking,Not-In-Family,0,0,2015-01-19,Multi-Vehicle Collision,Rear Collision,Total Loss,Ambulance,Sc,Northbend,9737 Solo Hwy,21,3,No,1,0,No,93720,17040,8520,68160,Mercedes,Ml350,2005,0,Mercedes*Ml350*2005,Northbend_Sc,603248,307447
80,25,992145,2012-03-01,IL,100/300,2000,1075.18,5000000,601112,Female,Phd,Armed-Forces,Exercise,Husband,67700,-58400,2015-02-21,Vehicle Theft,?,Minor Damage,Nan,Oh,Northbrook,3289 Britain Drive,5,1,No,2,0,Yes,6930,1260,630,5040,Toyota,Highlander,2001,0,Toyota*Highlander*2001,Northbrook_Oh,601112,992145
325,47,900628,2006-02-05,IN,500/1000,1000,1690.27,0,438830,Female,Associate,Protective-Serv,Hiking,Not-In-Family,61500,0,2015-01-14,Single Vehicle Collision,Side Collision,Major Damage,Fire,Va,Springfield,6550 Andromedia St,11,1,Yes,0,3,No,72930,6630,6630,59670,Dodge,Ram,2006,1,Dodge*Ram*2006,Springfield_Va,438830,900628
29,25,235220,2014-11-01,IL,250/500,2000,1352.83,0,464959,Male,Masters,Farming-Fishing,Skydiving,Own-Child,0,-71700,2015-01-22,Multi-Vehicle Collision,Rear Collision,Minor Damage,Other,Sc,Hillsdale,1679 2nd Hwy,4,4,Yes,1,2,Yes,64890,7210,7210,50470,Nissan,Pathfinder,2013,1,Nissan*Pathfinder*2013,Hillsdale_Sc,464959,235220
295,48,740019,2009-06-17,OH,250/500,1000,1148.73,0,439787,Female,College,Machine-Op-Inspct,Kayaking,Wife,0,0,2015-02-22,Parked Car,?,Trivial Damage,Nan,Wv,Columbus,3998 Flute St,6,1,?,1,2,Yes,5400,900,900,3600,Saab,95,1999,0,Saab*95*1999,Columbus_Wv,439787,740019
239,42,246882,1999-09-20,IL,100/300,1000,969.5,0,464839,Male,College,Exec-Managerial,Reading,Not-In-Family,0,0,2015-01-26,Vehicle Theft,?,Trivial Damage,Nan,Nc,Northbrook,2430 MLK Ave,10,1,No,0,0,?,5600,700,700,4200,Audi,A3,2007,0,Audi*A3*2007,Northbrook_Nc,464839,246882
269,41,797613,1990-10-19,IN,100/300,500,1463.82,0,448984,Female,College,Protective-Serv,Yachting,Not-In-Family,0,-72300,2015-01-24,Single Vehicle Collision,Rear Collision,Minor Damage,Police,Sc,Northbend,7717 Britain Hwy,23,1,Yes,0,0,?,79300,15860,15860,47580,Saab,92X,2007,0,Saab*92X*2007,Northbend_Sc,448984,797613
80,27,193442,1996-08-05,IL,100/300,1000,1474.17,0,440327,Female,College,Tech-Support,Exercise,Unmarried,0,0,2015-02-19,Single Vehicle Collision,Side Collision,Major Damage,Police,Wv,Northbend,7773 Tree Hwy,13,1,Yes,1,0,Yes,52800,10560,5280,36960,Saab,95,2004,0,Saab*95*2004,Northbend_Wv,440327,193442
279,41,389238,2001-06-06,IL,250/500,500,1497.35,0,460742,Female,Jd,Prof-Specialty,Bungie-Jumping,Husband,37300,-31700,2015-01-29,Multi-Vehicle Collision,Front Collision,Minor Damage,Fire,Nc,Northbrook,2199 Texas Drive,16,3,?,2,3,No,28800,0,3600,25200,Ford,Fusion,2013,0,Ford*Fusion*2013,Northbrook_Nc,460742,389238
165,33,760179,2007-03-25,OH,100/300,1000,1427.14,0,446895,Female,Associate,Tech-Support,Kayaking,Other-Relative,35300,-58100,2015-02-15,Parked Car,?,Minor Damage,Police,Wv,Northbend,1028 Sky Lane,3,1,No,1,1,No,2970,330,330,2310,Toyota,Highlander,2008,0,Toyota*Highlander*2008,Northbend_Wv,446895,760179
350,54,939905,2013-10-31,OH,500/1000,500,1495.1,0,609374,Male,College,Other-Service,Basketball,Wife,50500,0,2015-02-12,Multi-Vehicle Collision,Side Collision,Total Loss,Police,Sc,Northbend,4154 Lincoln Hwy,15,3,No,0,0,?,93480,15580,7790,70110,Chevrolet,Malibu,2014,0,Chevrolet*Malibu*2014,Northbend_Sc,609374,939905
295,49,872814,1992-06-13,IL,100/300,500,1141.62,0,451672,Male,College,Prof-Specialty,Kayaking,Husband,34300,-24300,2015-01-01,Vehicle Theft,?,Minor Damage,Nan,Wv,Columbus,8085 Andromedia St,4,1,Yes,1,3,Yes,4320,480,480,3360,Mercedes,E400,2002,0,Mercedes*E400*2002,Columbus_Wv,451672,872814
464,61,632627,1990-10-07,OH,500/1000,1000,1125.37,0,604450,Female,Associate,Prof-Specialty,Basketball,Husband,0,-56400,2015-01-13,Multi-Vehicle Collision,Rear Collision,Major Damage,Police,Va,Northbend,4793 4th Ridge,6,3,?,0,2,Yes,79800,6650,19950,53200,Saab,95,2000,1,Saab*95*2000,Northbend_Va,604450,632627
118,28,283414,1991-12-28,IN,500/1000,2000,1207.36,0,432896,Female,High School,Handlers-Cleaners,Camping,Own-Child,0,-57000,2015-03-01,Multi-Vehicle Collision,Front Collision,Major Damage,Ambulance,Wv,Columbus,7428 Sky Hwy,22,2,No,1,0,?,74200,7420,14840,51940,Volkswagen,Passat,1997,0,Volkswagen*Passat*1997,Columbus_Wv,432896,283414
298,47,163161,1998-11-11,IL,500/1000,2000,1338.5,0,618929,Female,Phd,Machine-Op-Inspct,Basketball,Other-Relative,28800,0,2015-02-02,Single Vehicle Collision,Front Collision,Major Damage,Fire,Ny,Northbrook,2306 5th Lane,1,1,?,0,0,?,70590,10860,10860,48870,Saab,93,2000,1,Saab*93*2000,Northbrook_Ny,618929,163161
87,31,853360,2009-06-26,IN,500/1000,1000,1074.07,0,451312,Female,Masters,Sales,Chess,Husband,0,-47500,2015-01-27,Multi-Vehicle Collision,Rear Collision,Major Damage,Fire,Ny,Springfield,3052 Weaver Ridge,16,3,No,0,3,Yes,60940,5540,11080,44320,Nissan,Ultima,2006,1,Nissan*Ultima*2006,Springfield_Ny,451312,853360
261,42,776860,2009-01-11,OH,250/500,500,1337.56,0,605141,Female,College,Prof-Specialty,Video-Games,Unmarried,0,0,2015-01-12,Single Vehicle Collision,Rear Collision,Minor Damage,Police,Sc,Riverwood,5211 Weaver Drive,18,1,?,1,2,Yes,74700,7470,14940,52290,Dodge,Ram,2010,0,Dodge*Ram*2010,Riverwood_Sc,605141,776860
453,60,149367,2003-03-18,IN,100/300,500,1298.91,6000000,459504,Male,Phd,Craft-Repair,Dancing,Unmarried,52600,-38800,2015-01-06,Single Vehicle Collision,Front Collision,Major Damage,Fire,Nc,Springfield,7253 MLK St,0,1,Yes,0,0,?,70000,14000,7000,49000,Ford,F150,2015,1,Ford*F150*2015,Springfield_Nc,459504,149367
210,41,395269,2012-11-02,IL,500/1000,500,1222.75,0,432781,Male,High School,Exec-Managerial,Polo,Other-Relative,0,-41000,2015-01-30,Multi-Vehicle Collision,Rear Collision,Total Loss,Other,Wv,Columbus,1454 5th Ridge,12,3,?,2,0,No,81070,14740,14740,51590,Bmw,X5,2001,0,Bmw*X5*2001,Columbus_Wv,432781,395269
168,32,981123,2000-05-04,IN,100/300,1000,1059.52,0,452748,Male,Md,Protective-Serv,Camping,Own-Child,0,-40600,2015-03-01,Multi-Vehicle Collision,Side Collision,Major Damage,Other,Va,Hillsdale,5622 Best Ridge,13,2,?,1,1,?,57720,14430,9620,33670,Saab,93,2007,0,Saab*93*2007,Hillsdale_Va,452748,981123
390,51,143626,1999-09-29,OH,250/500,2000,1124.38,0,618316,Male,Associate,Armed-Forces,Reading,Other-Relative,0,0,2015-02-24,Vehicle Theft,?,Minor Damage,Nan,Va,Northbrook,4574 Britain Hwy,9,1,Yes,1,1,Yes,7080,1180,1180,4720,Ford,F150,2001,0,Ford*F150*2001,Northbrook_Va,618316,143626
258,46,648397,1999-03-09,IN,100/300,1000,1110.37,10000000,455365,Male,Md,Machine-Op-Inspct,Hiking,Other-Relative,34400,-56800,2015-01-24,Multi-Vehicle Collision,Side Collision,Total Loss,Other,Ny,Riverwood,4539 Texas St,14,3,No,0,1,?,47700,4770,9540,33390,Accura,Mdx,1997,1,Accura*Mdx*1997,Riverwood_Ny,455365,648397
107,31,154982,1991-02-13,IL,500/1000,2000,1374.22,0,470603,Female,Phd,Machine-Op-Inspct,Bungie-Jumping,Other-Relative,62000,-63100,2015-02-26,Single Vehicle Collision,Rear Collision,Minor Damage,Police,Sc,Hillsdale,8118 Elm Ridge,16,1,No,0,3,No,51260,9320,9320,32620,Suburu,Legacy,2002,0,Suburu*Legacy*2002,Hillsdale_Sc,470603,154982
225,41,330591,1993-08-05,OH,500/1000,2000,1103.58,0,475292,Male,High School,Exec-Managerial,Exercise,Unmarried,41200,-36200,2015-01-19,Multi-Vehicle Collision,Side Collision,Major Damage,Police,Ny,Northbend,3814 Britain Drive,20,3,?,2,2,No,70400,6400,12800,51200,Toyota,Highlander,2011,1,Toyota*Highlander*2011,Northbend_Ny,475292,330591
164,38,319232,1997-10-31,IL,250/500,2000,1269.76,0,467743,Female,Phd,Transport-Moving,Yachting,Not-In-Family,44300,0,2015-01-17,Single Vehicle Collision,Rear Collision,Minor Damage,Fire,Ny,Hillsdale,4614 MLK Ave,4,1,No,1,3,Yes,90000,18000,9000,63000,Ford,Fusion,2015,0,Ford*Fusion*2015,Hillsdale_Ny,467743,319232
245,39,531640,2001-04-21,OH,250/500,500,964.79,8000000,460675,Female,Associate,Adm-Clerical,Camping,Husband,58000,0,2015-02-20,Multi-Vehicle Collision,Rear Collision,Minor Damage,Police,Ny,Arlington,1628 Best Drive,7,3,?,0,1,?,72820,13240,6620,52960,Bmw,3 Series,2010,0,Bmw*3 Series*2010,Arlington_Ny,460675,531640
255,41,368050,2013-01-08,IL,500/1000,2000,1167.3,4000000,618123,Male,High School,Priv-House-Serv,Board-Games,Other-Relative,0,0,2015-02-22,Single Vehicle Collision,Side Collision,Minor Damage,Fire,Sc,Hillsdale,8381 Solo Hwy,22,1,No,2,0,?,69300,13860,13860,41580,Volkswagen,Passat,2000,0,Volkswagen*Passat*2000,Hillsdale_Sc,618123,368050
206,36,253791,2009-07-23,IL,500/1000,500,1625.45,4000000,607452,Female,Md,Other-Service,Video-Games,Other-Relative,0,-53700,2015-01-23,Single Vehicle Collision,Front Collision,Major Damage,Ambulance,Ny,Northbrook,2100 MLK St,11,1,No,2,1,No,76560,12760,12760,51040,Ford,Fusion,2008,1,Ford*Fusion*2008,Northbrook_Ny,607452,253791
203,38,155724,1998-02-20,IL,250/500,500,1394.43,0,606352,Female,Masters,Other-Service,Skydiving,Not-In-Family,0,0,2015-01-31,Single Vehicle Collision,Front Collision,Major Damage,Ambulance,Va,Columbus,5071 Flute Ridge,7,1,?,0,1,Yes,55440,0,6160,49280,Nissan,Maxima,1999,1,Nissan*Maxima*1999,Columbus_Va,606352,155724
22,25,824540,2008-03-13,OH,250/500,2000,1053.24,0,603527,Female,College,Prof-Specialty,Movies,Other-Relative,51100,0,2015-01-05,Multi-Vehicle Collision,Front Collision,Total Loss,Other,Nc,Arlington,7551 Britain Lane,0,4,Yes,1,0,No,77130,8570,17140,51420,Accura,Mdx,1995,0,Accura*Mdx*1995,Arlington_Nc,603527,824540
211,35,717392,1996-08-20,IL,100/300,500,1040.75,0,445601,Female,Jd,Prof-Specialty,Paintball,Not-In-Family,0,0,2015-02-03,Single Vehicle Collision,Rear Collision,Total Loss,Ambulance,Wv,Northbend,2275 Best Lane,1,1,Yes,1,1,?,42000,7000,7000,28000,Bmw,X5,2011,0,Bmw*X5*2011,Northbend_Wv,445601,717392
206,39,965768,2014-07-27,IN,250/500,1000,1302.4,6000000,603948,Male,Jd,Craft-Repair,Dancing,Unmarried,47200,-69700,2015-02-17,Multi-Vehicle Collision,Rear Collision,Total Loss,Ambulance,Ny,Hillsdale,1598 3rd Drive,12,3,No,2,3,Yes,36300,3300,9900,23100,Ford,Escape,2013,0,Ford*Escape*2013,Hillsdale_Ny,603948,965768
166,38,414779,1992-11-09,IL,100/300,2000,1588.55,0,435758,Male,Md,Protective-Serv,Video-Games,Unmarried,59600,-32100,2015-01-09,Single Vehicle Collision,Side Collision,Total Loss,Other,Wv,Columbus,7740 MLK St,8,1,No,0,0,?,40320,5760,5760,28800,Suburu,Impreza,2001,0,Suburu*Impreza*2001,Columbus_Wv,435758,414779
165,32,428230,2012-06-04,IN,500/1000,500,1399.26,0,611586,Female,High School,Tech-Support,Exercise,Own-Child,70500,0,2015-02-08,Parked Car,?,Minor Damage,Police,Pa,Northbrook,1240 Tree Lane,9,1,?,2,0,?,3960,330,660,2970,Bmw,M5,1998,0,Bmw*M5*1998,Northbrook_Pa,611586,428230
274,43,517240,2001-05-13,OH,100/300,2000,1352.31,0,465263,Male,College,Farming-Fishing,Basketball,Wife,40700,-47300,2015-02-06,Single Vehicle Collision,Front Collision,Major Damage,Fire,Ny,Northbend,8983 Francis Ridge,22,1,Yes,0,3,Yes,63840,10640,10640,42560,Bmw,X5,2006,1,Bmw*X5*2006,Northbend_Ny,465263,517240
81,28,469874,2011-09-17,IL,250/500,1000,1139.0,6000000,617858,Female,Masters,Sales,Sleeping,Husband,42400,0,2015-01-14,Multi-Vehicle Collision,Front Collision,Major Damage,Fire,Sc,Northbend,7756 Solo Drive,0,3,?,1,2,?,44730,4970,4970,34790,Saab,92X,2000,1,Saab*92X*2000,Northbend_Sc,617858,469874
280,45,718428,2011-07-15,IN,250/500,1000,1397.67,0,607889,Male,Jd,Machine-Op-Inspct,Camping,Wife,57900,0,2015-01-22,Multi-Vehicle Collision,Front Collision,Minor Damage,Other,Ny,Arlington,9034 Weaver Ridge,0,3,Yes,1,2,No,84720,14120,14120,56480,Ford,Escape,1999,0,Ford*Escape*1999,Arlington_Ny,607889,718428
194,39,620215,2005-07-27,IN,250/500,500,823.17,0,455689,Male,Masters,Adm-Clerical,Paintball,Own-Child,0,0,2015-02-23,Multi-Vehicle Collision,Front Collision,Major Damage,Other,Wv,Columbus,1126 Texas Hwy,3,3,?,2,2,No,61500,6150,12300,43050,Dodge,Ram,2012,0,Dodge*Ram*2012,Columbus_Wv,455689,620215
112,27,618659,2005-10-18,OH,100/300,500,965.13,0,450341,Female,Masters,Tech-Support,Exercise,Unmarried,60000,-54800,2015-02-22,Multi-Vehicle Collision,Front Collision,Major Damage,Ambulance,Nc,Arlington,2808 Elm St,21,3,?,0,1,?,51000,8500,8500,34000,Nissan,Pathfinder,2013,0,Nissan*Pathfinder*2013,Arlington_Nc,450341,618659
24,33,649082,1996-01-19,IL,500/1000,1000,1922.84,0,431277,Female,High School,Machine-Op-Inspct,Skydiving,Wife,0,-45200,2015-01-24,Single Vehicle Collision,Side Collision,Total Loss,Police,Wv,Northbend,5061 Francis Ave,0,1,?,2,1,No,46800,4680,9360,32760,Jeep,Wrangler,2002,0,Jeep*Wrangler*2002,Northbend_Wv,431277,649082
93,32,437573,2005-09-29,OH,250/500,2000,1624.82,0,454656,Male,Phd,Exec-Managerial,Basketball,Unmarried,65300,-65600,2015-02-09,Single Vehicle Collision,Side Collision,Minor Damage,Ambulance,Wv,Northbend,4965 MLK Drive,16,1,?,1,1,?,78120,17360,8680,52080,Bmw,3 Series,2006,0,Bmw*3 Series*2006,Northbend_Wv,454656,437573
171,34,964657,1997-02-18,IN,250/500,2000,1277.25,0,605169,Female,College,Exec-Managerial,Yachting,Other-Relative,84900,0,2015-01-19,Single Vehicle Collision,Rear Collision,Major Damage,Police,Ny,Springfield,8668 Flute St,14,1,No,1,2,?,69200,13840,6920,48440,Volkswagen,Passat,1996,1,Volkswagen*Passat*1996,Springfield_Ny,605169,964657
200,40,932502,2010-05-11,IL,100/300,1000,1439.34,0,444822,Female,High School,Sales,Exercise,Other-Relative,45300,-20400,2015-01-01,Vehicle Theft,?,Minor Damage,Police,Va,Riverwood,2577 Washington Drive,9,1,?,0,0,No,3690,410,410,2870,Ford,Escape,2015,0,Ford*Escape*2015,Riverwood_Va,444822,932502
120,28,434507,2009-02-06,IL,250/500,1000,1281.27,0,447442,Female,Phd,Tech-Support,Golf,Not-In-Family,68900,0,2015-01-07,Multi-Vehicle Collision,Rear Collision,Minor Damage,Fire,Sc,Springfield,7709 Rock Lane,9,3,No,0,3,?,65500,6550,6550,52400,Bmw,X5,2010,0,Bmw*X5*2010,Springfield_Sc,447442,434507
325,46,935277,2013-07-09,IL,500/1000,500,1348.83,0,474360,Female,High School,Prof-Specialty,Basketball,Wife,46300,-77500,2015-02-01,Multi-Vehicle Collision,Rear Collision,Minor Damage,Fire,Nc,Springfield,9358 Texas Ridge,21,3,?,1,2,Yes,76120,13840,6920,55360,Toyota,Camry,1999,0,Toyota*Camry*1999,Springfield_Nc,474360,935277
124,32,756054,1992-06-06,IL,250/500,1000,1198.15,0,447925,Female,Md,Other-Service,Hiking,Not-In-Family,0,-43200,2015-02-21,Multi-Vehicle Collision,Front Collision,Total Loss,Other,Va,Springfield,8080 Oak Lane,19,3,No,0,2,Yes,73560,12260,12260,49040,Bmw,X5,1995,0,Bmw*X5*1995,Springfield_Va,447925,756054
211,35,682387,1998-03-08,OH,100/300,2000,1221.22,0,451586,Male,Masters,Machine-Op-Inspct,Camping,Other-Relative,76000,0,2015-01-21,Single Vehicle Collision,Rear Collision,Total Loss,Police,Ny,Northbend,6408 Weaver Ridge,2,1,Yes,0,1,?,52030,9460,4730,37840,Mercedes,E400,2008,0,Mercedes*E400*2008,Northbend_Ny,451586,682387
287,41,456604,2004-03-29,IL,500/1000,2000,968.74,0,477519,Male,Masters,Transport-Moving,Video-Games,Wife,0,-49000,2015-01-19,Vehicle Theft,?,Trivial Damage,Nan,Sc,Northbrook,5532 Weaver Ridge,9,1,?,2,3,?,5170,470,940,3760,Suburu,Forrestor,2001,0,Suburu*Forrestor*2001,Northbrook_Sc,477519,456604
122,34,139872,2006-06-01,IN,250/500,1000,1220.71,0,603639,Male,Phd,Machine-Op-Inspct,Video-Games,Own-Child,58600,-28700,2015-02-27,Parked Car,?,Minor Damage,Nan,Sc,Northbend,9101 2nd Hwy,5,1,?,2,1,Yes,8190,1890,1260,5040,Chevrolet,Silverado,2013,0,Chevrolet*Silverado*2013,Northbend_Sc,603639,139872
22,29,354105,1994-06-08,IN,250/500,2000,1238.62,6000000,463993,Male,Md,Exec-Managerial,Yachting,Other-Relative,0,-56200,2015-02-14,Single Vehicle Collision,Rear Collision,Major Damage,Ambulance,Sc,Springfield,8576 Andromedia St,14,1,?,2,3,?,70800,7080,14160,49560,Accura,Mdx,2012,1,Accura*Mdx*2012,Springfield_Sc,463993,354105
106,31,165485,1998-02-12,IL,500/1000,2000,1320.75,0,441491,Female,Jd,Farming-Fishing,Video-Games,Wife,54100,0,2015-02-01,Multi-Vehicle Collision,Rear Collision,Total Loss,Police,Wv,Springfield,6315 2nd Lane,20,3,?,0,3,Yes,45630,5070,5070,35490,Accura,Mdx,2011,0,Accura*Mdx*2011,Springfield_Wv,441491,165485
398,58,515050,2000-11-16,OH,100/300,500,990.98,0,469429,Female,Associate,Exec-Managerial,Cross-Fit,Wife,0,-57900,2015-02-02,Single Vehicle Collision,Front Collision,Major Damage,Police,Nc,Northbrook,1536 Flute Drive,18,1,Yes,2,1,?,99320,7640,15280,76400,Accura,Tl,2002,1,Accura*Tl*2002,Northbrook_Nc,469429,515050
214,41,795686,2004-10-24,IL,500/1000,500,1398.51,4000000,472214,Male,Masters,Tech-Support,Polo,Not-In-Family,0,-57100,2015-02-01,Multi-Vehicle Collision,Side Collision,Major Damage,Fire,Nc,Northbend,4672 MLK St,13,3,?,2,0,No,64000,12800,6400,44800,Bmw,X6,1996,1,Bmw*X6*1996,Northbend_Nc,472214,795686
209,38,395983,2009-11-08,OH,100/300,500,1355.08,0,614945,Female,Md,Other-Service,Golf,Other-Relative,58100,0,2015-01-19,Single Vehicle Collision,Front Collision,Minor Damage,Fire,Wv,Northbrook,2204 Washington Lane,21,1,?,1,1,?,47300,4730,4730,37840,Nissan,Pathfinder,2014,0,Nissan*Pathfinder*2014,Northbrook_Wv,614945,395983
82,27,119513,1996-09-21,IL,100/300,1000,1384.51,0,476727,Male,Phd,Adm-Clerical,Reading,Not-In-Family,13100,-38200,2015-02-18,Single Vehicle Collision,Rear Collision,Major Damage,Other,Sc,Springfield,9484 Pine Drive,14,1,No,2,3,?,71680,8960,8960,53760,Volkswagen,Jetta,2007,1,Volkswagen*Jetta*2007,Springfield_Sc,476727,119513
193,41,217938,1995-07-16,OH,250/500,500,847.03,0,438555,Female,Jd,Craft-Repair,Skydiving,Not-In-Family,0,0,2015-02-08,Single Vehicle Collision,Side Collision,Major Damage,Other,Sc,Springfield,5431 3rd Ridge,1,1,?,1,0,Yes,112320,17280,17280,77760,Suburu,Impreza,2011,1,Suburu*Impreza*2011,Springfield_Sc,438555,217938
134,32,203914,2001-06-09,OH,100/300,1000,1000.06,0,440961,Female,Phd,Farming-Fishing,Base-Jumping,Wife,0,0,2015-01-09,Single Vehicle Collision,Side Collision,Total Loss,Other,Ny,Columbus,7121 Britain Drive,17,1,?,1,0,?,82720,7520,15040,60160,Audi,A3,2014,0,Audi*A3*2014,Columbus_Ny,440961,203914
288,45,565157,2002-10-06,IL,100/300,1000,1046.71,0,616714,Male,Masters,Priv-House-Serv,Polo,Husband,0,0,2015-02-27,Multi-Vehicle Collision,Rear Collision,Major Damage,Fire,Nc,Hillsdale,8586 1st Ridge,4,3,?,2,1,?,48060,10680,5340,32040,Mercedes,C300,2009,0,Mercedes*C300*2009,Hillsdale_Nc,616714,565157
104,32,904191,1997-07-14,IN,250/500,500,1158.03,0,434247,Male,High School,Exec-Managerial,Kayaking,Own-Child,31900,-44600,2015-01-08,Multi-Vehicle Collision,Rear Collision,Total Loss,Police,Ny,Riverwood,7582 Pine Drive,23,3,Yes,1,3,Yes,63570,9780,9780,44010,Volkswagen,Jetta,2006,1,Volkswagen*Jetta*2006,Riverwood_Ny,434247,904191
431,54,419510,1994-11-11,OH,100/300,1000,1372.27,0,436547,Female,Masters,Craft-Repair,Paintball,Own-Child,17600,0,2015-01-08,Multi-Vehicle Collision,Rear Collision,Total Loss,Fire,Wv,Columbus,1388 Embaracadero Hwy,13,3,No,2,3,?,63240,10540,10540,42160,Suburu,Forrestor,1997,0,Suburu*Forrestor*1997,Columbus_Wv,436547,419510
101,33,575000,2012-06-23,OH,100/300,1000,1053.04,7000000,619540,Female,Masters,Other-Service,Reading,Own-Child,52000,-44500,2015-02-24,Multi-Vehicle Collision,Rear Collision,Minor Damage,Ambulance,Nc,Northbrook,5621 4th Ave,20,3,No,1,3,?,54240,9040,9040,36160,Saab,93,2013,1,Saab*93*2013,Northbrook_Nc,619540,575000
375,50,120485,2007-02-18,OH,100/300,1000,1275.39,0,466283,Male,Associate,Sales,Bungie-Jumping,Other-Relative,0,0,2015-02-12,Single Vehicle Collision,Front Collision,Major Damage,Police,Ny,Riverwood,8150 Washington Ridge,16,1,Yes,2,3,No,37280,0,0,37280,Audi,A5,1996,1,Audi*A5*1996,Riverwood_Ny,466283,120485
461,61,781181,2005-06-27,OH,100/300,2000,1402.75,0,449557,Male,Jd,Exec-Managerial,Exercise,Husband,0,0,2015-02-18,Multi-Vehicle Collision,Rear Collision,Minor Damage,Police,Ny,Columbus,4268 2nd Ave,10,3,?,2,1,Yes,72100,7210,14420,50470,Jeep,Wrangler,2006,0,Jeep*Wrangler*2006,Columbus_Ny,449557,781181
428,59,299796,1999-09-29,IN,250/500,500,1344.36,7000000,473329,Female,Jd,Prof-Specialty,Hiking,Other-Relative,0,0,2015-02-06,Parked Car,?,Minor Damage,Nan,Wv,Northbend,6375 2nd Lane,8,1,?,2,3,No,6500,1300,650,4550,Saab,92X,2013,0,Saab*92X*2013,Northbend_Wv,473329,299796
45,38,589749,2006-05-14,IN,100/300,1000,1197.71,0,470117,Male,Masters,Machine-Op-Inspct,Movies,Not-In-Family,29000,0,2015-02-14,Multi-Vehicle Collision,Front Collision,Total Loss,Ambulance,Wv,Springfield,3770 Flute Drive,17,3,?,2,0,?,78240,13040,13040,52160,Suburu,Legacy,2013,0,Suburu*Legacy*2013,Springfield_Wv,470117,589749
136,29,854021,2010-04-29,OH,100/300,500,1203.24,0,600702,Female,Jd,Transport-Moving,Video-Games,Other-Relative,62500,-66900,2015-02-05,Vehicle Theft,?,Minor Damage,Police,Ny,Columbus,1562 Britain St,9,1,?,2,0,?,6200,1240,620,4340,Honda,Accord,1999,0,Honda*Accord*1999,Columbus_Ny,600702,854021
216,36,454086,1992-11-10,IN,500/1000,1000,1152.4,0,615921,Female,Associate,Priv-House-Serv,Reading,Unmarried,39600,-82400,2015-01-25,Parked Car,?,Minor Damage,Police,Va,Springfield,1681 Cherokee Hwy,0,1,Yes,2,3,?,6160,560,1680,3920,Mercedes,E400,2014,0,Mercedes*E400*2014,Springfield_Va,615921,454086
278,48,139484,1999-07-24,IN,500/1000,2000,1142.62,7000000,475588,Female,Md,Farming-Fishing,Dancing,Not-In-Family,0,-54000,2015-01-16,Single Vehicle Collision,Front Collision,Total Loss,Ambulance,Sc,Northbrook,7523 Oak Lane,12,1,?,2,0,?,76050,11700,11700,52650,Chevrolet,Silverado,1997,0,Chevrolet*Silverado*1997,Northbrook_Sc,475588,139484
295,48,678849,1992-02-22,OH,500/1000,1000,1332.07,0,609409,Female,Md,Exec-Managerial,Polo,Unmarried,49700,-59100,2015-01-28,Multi-Vehicle Collision,Side Collision,Total Loss,Ambulance,Ny,Hillsdale,1815 Cherokee Drive,20,2,No,2,1,Yes,86060,13240,13240,59580,Volkswagen,Passat,2002,0,Volkswagen*Passat*2002,Hillsdale_Ny,609409,678849
112,30,346940,2002-09-13,OH,500/1000,1000,1166.54,0,479852,Female,Masters,Prof-Specialty,Sleeping,Not-In-Family,47700,-59300,2015-01-21,Single Vehicle Collision,Front Collision,Major Damage,Fire,Sc,Arlington,9316 Pine Ave,3,1,Yes,2,0,No,107900,10790,21580,75530,Dodge,Neon,1997,1,Dodge*Neon*1997,Arlington_Sc,479852,346940
122,34,985436,2003-08-09,IL,250/500,500,1495.06,0,452249,Female,Masters,Prof-Specialty,Polo,Unmarried,38100,-31400,2015-01-07,Multi-Vehicle Collision,Rear Collision,Total Loss,Fire,Pa,Columbus,2733 Texas Drive,18,3,No,2,0,Yes,99990,18180,18180,63630,Mercedes,E400,2011,0,Mercedes*E400*2011,Columbus_Pa,452249,985436
108,29,237418,2007-12-04,IN,500/1000,1000,1337.92,0,441536,Female,Phd,Armed-Forces,Bungie-Jumping,Not-In-Family,71400,0,2015-02-23,Multi-Vehicle Collision,Side Collision,Minor Damage,Ambulance,Wv,Columbus,7684 Francis Ridge,4,3,No,2,2,Yes,61380,11160,5580,44640,Suburu,Legacy,2012,0,Suburu*Legacy*2012,Columbus_Wv,441536,237418
14,28,335780,2002-07-22,OH,250/500,2000,1587.96,0,601617,Female,Associate,Craft-Repair,Board-Games,Unmarried,0,-26900,2015-02-14,Single Vehicle Collision,Rear Collision,Major Damage,Fire,Wv,Riverwood,8991 Embaracadero Ave,18,1,?,2,1,Yes,71280,12960,12960,45360,Audi,A5,2012,1,Audi*A5*2012,Riverwood_Wv,601617,335780
298,45,491392,1992-07-03,IL,500/1000,1000,1362.29,0,442598,Male,High School,Farming-Fishing,Yachting,Unmarried,0,-51100,2015-02-27,Multi-Vehicle Collision,Front Collision,Minor Damage,Ambulance,Ny,Northbend,4905 Francis Ave,18,3,No,0,0,No,64000,12800,6400,44800,Saab,95,1999,0,Saab*95*1999,Northbend_Ny,442598,491392
276,46,140880,2005-03-29,IL,250/500,500,1448.84,0,430987,Female,Masters,Machine-Op-Inspct,Bungie-Jumping,Husband,0,-50000,2015-02-21,Parked Car,?,Trivial Damage,Police,Sc,Hillsdale,7783 Lincoln Hwy,7,1,?,0,1,No,5940,660,660,4620,Toyota,Highlander,2015,0,Toyota*Highlander*2015,Hillsdale_Sc,430987,140880
47,37,962591,2008-03-16,IN,250/500,2000,1241.97,0,430104,Male,High School,Other-Service,Movies,Not-In-Family,75400,0,2015-01-05,Parked Car,?,Minor Damage,Nan,Ny,Hillsdale,8749 Tree St,18,1,No,1,0,No,6700,670,670,5360,Jeep,Wrangler,2011,0,Jeep*Wrangler*2011,Hillsdale_Ny,430104,962591
222,42,922565,1999-05-23,IL,250/500,500,1124.6,0,612904,Male,Associate,Armed-Forces,Hiking,Not-In-Family,0,0,2015-01-30,Multi-Vehicle Collision,Rear Collision,Minor Damage,Police,Ny,Arlington,4985 Sky Lane,23,3,Yes,0,0,?,51740,11940,7960,31840,Jeep,Wrangler,2006,0,Jeep*Wrangler*2006,Arlington_Ny,612904,922565
119,28,288580,2012-11-22,OH,250/500,2000,1079.92,0,430886,Male,High School,Machine-Op-Inspct,Hiking,Husband,88800,0,2015-02-26,Single Vehicle Collision,Rear Collision,Total Loss,Ambulance,Pa,Riverwood,7534 MLK Hwy,1,1,?,0,1,Yes,53600,6700,6700,40200,Volkswagen,Jetta,2007,1,Volkswagen*Jetta*2007,Riverwood_Pa,430886,288580
73,29,154280,1993-01-29,IL,250/500,1000,1447.78,0,467947,Male,College,Protective-Serv,Board-Games,Wife,35100,-59900,2015-01-10,Multi-Vehicle Collision,Rear Collision,Total Loss,Other,Sc,Arlington,8689 Maple Hwy,15,3,Yes,1,0,?,44910,4990,4990,34930,Dodge,Neon,2001,0,Dodge*Neon*2001,Arlington_Sc,467947,154280
8,31,425973,2003-02-11,IN,250/500,500,1229.16,4000000,604804,Female,Md,Transport-Moving,Kayaking,Wife,0,-88300,2015-02-23,Multi-Vehicle Collision,Front Collision,Major Damage,Fire,Pa,Hillsdale,9153 3rd Hwy,2,3,?,0,2,Yes,48100,11100,7400,29600,Volkswagen,Jetta,2014,0,Volkswagen*Jetta*2014,Hillsdale_Pa,604804,425973
294,44,477177,1990-08-15,IL,100/300,1000,1226.49,0,460308,Female,Phd,Farming-Fishing,Kayaking,Unmarried,53900,0,2015-02-05,Vehicle Theft,?,Trivial Damage,Nan,Wv,Riverwood,5904 1st Drive,3,1,No,0,1,No,6100,610,1220,4270,Ford,Fusion,2002,0,Ford*Fusion*2002,Riverwood_Wv,460308,477177
324,46,648509,2010-03-06,IN,100/300,2000,897.89,6000000,618862,Male,Md,Tech-Support,Board-Games,Wife,0,-41300,2015-01-21,Single Vehicle Collision,Rear Collision,Minor Damage,Other,Pa,Hillsdale,4519 Embaracadero St,13,1,?,1,0,Yes,79600,15920,15920,47760,Jeep,Wrangler,2011,0,Jeep*Wrangler*2011,Hillsdale_Pa,618862,648509
155,34,914815,1990-09-27,IN,100/300,500,1706.79,0,462479,Male,Masters,Protective-Serv,Dancing,Other-Relative,0,0,2015-01-07,Single Vehicle Collision,Front Collision,Minor Damage,Ambulance,Oh,Hillsdale,9706 MLK Lane,1,1,No,1,1,Yes,77040,8560,8560,59920,Honda,Civic,1998,0,Honda*Civic*1998,Hillsdale_Oh,462479,914815
261,45,249048,2005-06-17,IL,250/500,1000,1254.18,0,457555,Female,Phd,Prof-Specialty,Kayaking,Other-Relative,0,-45100,2015-01-11,Single Vehicle Collision,Rear Collision,Minor Damage,Fire,Sc,Columbus,6012 Texas Hwy,16,1,Yes,0,1,?,62590,11380,11380,39830,Volkswagen,Jetta,2003,0,Volkswagen*Jetta*2003,Columbus_Sc,457555,249048
245,40,144323,2001-09-14,IN,500/1000,500,885.08,0,459984,Female,Masters,Armed-Forces,Skydiving,Other-Relative,27000,-58900,2015-02-06,Single Vehicle Collision,Front Collision,Total Loss,Other,Wv,Northbend,4098 Weaver Ridge,0,1,Yes,0,1,No,85150,13100,13100,58950,Chevrolet,Malibu,1998,0,Chevrolet*Malibu*1998,Northbend_Wv,459984,144323
235,39,651861,2011-01-07,IL,100/300,500,1046.58,4000000,434982,Male,Md,Tech-Support,Exercise,Wife,0,-31700,2015-01-24,Vehicle Theft,?,Trivial Damage,Nan,Ny,Hillsdale,6193 1st Hwy,1,1,?,2,1,No,4950,450,900,3600,Chevrolet,Silverado,2010,0,Chevrolet*Silverado*2010,Hillsdale_Ny,434982,651861
53,36,125324,2003-09-13,OH,500/1000,2000,1712.68,0,614233,Male,Associate,Handlers-Cleaners,Basketball,Not-In-Family,72200,0,2015-02-18,Multi-Vehicle Collision,Side Collision,Major Damage,Fire,Va,Riverwood,4053 Sky Lane,17,3,?,2,0,Yes,51100,10220,5110,35770,Audi,A3,2006,0,Audi*A3*2006,Riverwood_Va,614233,125324
426,54,398102,1997-10-24,IL,500/1000,2000,1097.71,0,605258,Female,Masters,Adm-Clerical,Reading,Not-In-Family,29600,-22300,2015-01-12,Single Vehicle Collision,Side Collision,Minor Damage,Police,Sc,Springfield,8964 Francis St,13,1,Yes,2,3,?,100800,16800,16800,67200,Dodge,Neon,1997,0,Dodge*Neon*1997,Springfield_Sc,605258,398102
111,27,514065,2009-01-04,IN,250/500,500,1363.77,4000000,604377,Female,Masters,Tech-Support,Exercise,Husband,51100,0,2015-01-17,Single Vehicle Collision,Side Collision,Total Loss,Police,Va,Springfield,9748 Sky Drive,12,1,Yes,2,3,No,90970,16540,16540,57890,Accura,Rsx,2009,0,Accura*Rsx*2009,Springfield_Va,604377,514065
86,26,391652,1998-10-12,OH,100/300,500,1382.88,7000000,434923,Male,Jd,Tech-Support,Cross-Fit,Other-Relative,0,-30300,2015-01-12,Single Vehicle Collision,Rear Collision,Minor Damage,Police,Sc,Northbend,2293 Washington Ave,11,1,?,1,1,Yes,81840,14880,7440,59520,Chevrolet,Malibu,2011,1,Chevrolet*Malibu*2011,Northbend_Sc,434923,391652
296,46,922167,1993-02-23,OH,100/300,1000,1141.35,7000000,476456,Male,Masters,Craft-Repair,Sleeping,Not-In-Family,0,0,2015-01-06,Single Vehicle Collision,Front Collision,Major Damage,Ambulance,Ny,Northbend,3656 Solo Ave,18,1,?,0,2,No,54900,5490,5490,43920,Mercedes,C300,2013,0,Mercedes*C300*2013,Northbend_Ny,476456,922167
125,35,442795,1996-07-07,OH,500/1000,500,1054.83,7000000,446788,Male,Jd,Tech-Support,Cross-Fit,Husband,0,-51300,2015-02-25,Single Vehicle Collision,Front Collision,Total Loss,Fire,Ny,Northbend,8579 Apache Drive,17,1,Yes,2,3,No,88660,8060,16120,64480,Mercedes,C300,2007,1,Mercedes*C300*2007,Northbend_Ny,446788,442795
177,34,226330,2013-01-23,IL,100/300,2000,1057.77,0,477382,Female,Jd,Tech-Support,Bungie-Jumping,Unmarried,0,-57700,2015-02-16,Multi-Vehicle Collision,Front Collision,Total Loss,Ambulance,Nc,Riverwood,2003 Maple Hwy,22,3,?,1,1,No,18000,2250,2250,13500,Audi,A3,2009,0,Audi*A3*2009,Riverwood_Nc,477382,226330
238,39,134430,2006-12-06,IN,250/500,2000,1488.02,0,600275,Female,Jd,Protective-Serv,Exercise,Other-Relative,0,-39200,2015-02-25,Vehicle Theft,?,Minor Damage,Police,Ny,Northbrook,5445 Tree Hwy,9,1,Yes,1,3,Yes,5500,1100,550,3850,Chevrolet,Tahoe,2010,0,Chevrolet*Tahoe*2010,Northbrook_Ny,600275,134430
81,25,524230,2014-02-23,IN,100/300,500,920.3,5000000,461958,Female,High School,Tech-Support,Hiking,Own-Child,51000,-67900,2015-02-21,Multi-Vehicle Collision,Rear Collision,Major Damage,Other,Wv,Hillsdale,9730 2nd Hwy,11,3,?,1,0,?,73920,13440,6720,53760,Honda,Civic,2003,1,Honda*Civic*2003,Hillsdale_Wv,461958,524230
128,28,438817,2007-11-16,OH,500/1000,1000,986.53,0,472720,Female,High School,Adm-Clerical,Polo,Other-Relative,62700,0,2015-02-16,Single Vehicle Collision,Rear Collision,Total Loss,Ambulance,Va,Columbus,7819 Oak St,11,1,No,0,2,Yes,101860,18520,18520,64820,Honda,Crv,2007,0,Honda*Crv*2007,Columbus_Va,472720,438817
449,57,293794,1999-04-17,OH,250/500,2000,1440.68,0,442395,Male,Associate,Tech-Support,Movies,Own-Child,25000,0,2015-02-09,Parked Car,?,Minor Damage,Nan,Sc,Riverwood,1845 Best St,8,1,Yes,0,1,Yes,5390,980,980,3430,Volkswagen,Passat,2008,0,Volkswagen*Passat*2008,Riverwood_Sc,442395,293794
252,39,868283,2006-02-06,IN,250/500,1000,1086.21,0,455340,Male,Jd,Farming-Fishing,Hiking,Unmarried,68500,-57500,2015-02-13,Single Vehicle Collision,Side Collision,Minor Damage,Police,Sc,Springfield,2500 Tree St,18,1,?,1,2,?,50490,5610,5610,39270,Nissan,Maxima,2001,0,Nissan*Maxima*2001,Springfield_Sc,455340,868283
359,47,828890,1993-10-20,OH,100/300,2000,1367.68,0,613247,Female,Md,Handlers-Cleaners,Basketball,Unmarried,0,0,2015-01-11,Single Vehicle Collision,Front Collision,Total Loss,Police,Sc,Arlington,6955 Pine Drive,13,1,No,0,3,No,55500,5550,11100,38850,Mercedes,C300,2012,0,Mercedes*C300*2012,Arlington_Sc,613247,828890
19,32,882920,2006-01-01,OH,500/1000,1000,1215.85,0,454985,Male,High School,Other-Service,Hiking,Husband,42900,-90200,2015-01-02,Vehicle Theft,?,Minor Damage,Police,Va,Hillsdale,6165 Rock Ridge,8,1,Yes,1,1,Yes,7040,1280,640,5120,Nissan,Maxima,2015,0,Nissan*Maxima*2015,Hillsdale_Va,454985,882920
73,26,918777,2003-04-04,IL,250/500,2000,1191.19,4000000,468813,Male,Md,Farming-Fishing,Basketball,Not-In-Family,29300,0,2015-02-12,Multi-Vehicle Collision,Rear Collision,Total Loss,Other,Va,Northbrook,3653 Elm Drive,9,3,?,0,1,Yes,40160,5020,0,35140,Chevrolet,Tahoe,2003,0,Chevrolet*Tahoe*2003,Northbrook_Va,468813,918777
285,44,212580,2014-07-05,IL,500/1000,1000,1594.45,0,452747,Male,High School,Handlers-Cleaners,Bungie-Jumping,Husband,0,0,2015-02-05,Multi-Vehicle Collision,Side Collision,Total Loss,Fire,Nc,Columbus,5812 3rd Hwy,17,2,Yes,2,3,No,55680,6960,6960,41760,Saab,95,2006,0,Saab*95*2006,Columbus_Nc,452747,212580
196,36,602410,1996-01-16,IN,250/500,2000,1463.07,0,615611,Male,Md,Armed-Forces,Skydiving,Own-Child,0,0,2015-01-24,Vehicle Theft,?,Trivial Damage,Police,Wv,Springfield,4939 Best St,3,1,?,1,1,No,5300,530,530,4240,Jeep,Grand Cherokee,2001,1,Jeep*Grand Cherokee*2001,Springfield_Wv,615611,602410
223,43,976971,2002-04-19,OH,250/500,500,1734.09,0,451400,Female,Md,Adm-Clerical,Camping,Not-In-Family,0,0,2015-01-12,Parked Car,?,Trivial Damage,Nan,Wv,Arlington,4964 Elm Lane,6,1,Yes,0,3,?,5200,650,650,3900,Accura,Mdx,2006,0,Accura*Mdx*2006,Arlington_Wv,451400,976971
328,48,630226,2005-12-10,IL,250/500,500,1411.43,0,464874,Male,Masters,Armed-Forces,Bungie-Jumping,Own-Child,45100,-32800,2015-01-16,Single Vehicle Collision,Front Collision,Major Damage,Ambulance,Ny,Riverwood,9588 Solo St,17,1,Yes,2,1,No,59400,5940,11880,41580,Honda,Civic,2014,0,Honda*Civic*2014,Riverwood_Ny,464874,630226
285,43,171254,1994-11-07,OH,100/300,2000,1512.58,0,452496,Female,College,Sales,Paintball,Other-Relative,47600,0,2015-01-13,Vehicle Theft,?,Minor Damage,Police,Sc,Arlington,8718 Apache Lane,7,1,?,1,1,?,2520,280,280,1960,Bmw,3 Series,1997,0,Bmw*3 Series*1997,Arlington_Sc,452496,171254
30,31,247116,2012-06-02,IL,250/500,2000,1153.35,0,430714,Male,Phd,Craft-Repair,Golf,Not-In-Family,0,0,2015-02-02,Vehicle Theft,?,Trivial Damage,Police,Ny,Hillsdale,3590 Best Hwy,9,1,No,2,1,Yes,5760,960,960,3840,Suburu,Impreza,2011,0,Suburu*Impreza*2011,Hillsdale_Ny,430714,247116
342,49,505969,1998-04-07,OH,250/500,500,1722.95,0,472634,Male,Phd,Transport-Moving,Base-Jumping,Not-In-Family,63100,-13800,2015-02-28,Single Vehicle Collision,Rear Collision,Minor Damage,Fire,Wv,Hillsdale,6149 Best Ridge,3,1,?,2,0,Yes,76700,7670,7670,61360,Suburu,Legacy,2006,0,Suburu*Legacy*2006,Hillsdale_Wv,472634,505969
219,39,653864,2007-04-25,IN,250/500,2000,1281.07,7000000,608371,Female,High School,Protective-Serv,Board-Games,Unmarried,0,0,2015-01-18,Parked Car,?,Trivial Damage,Police,Ny,Springfield,4116 Embaracadero Lane,6,1,No,0,2,No,5920,740,740,4440,Chevrolet,Malibu,2015,0,Chevrolet*Malibu*2015,Springfield_Ny,608371,653864
468,62,586367,2000-06-30,IL,100/300,500,1011.92,0,468168,Male,Phd,Machine-Op-Inspct,Paintball,Wife,0,0,2015-02-15,Multi-Vehicle Collision,Rear Collision,Major Damage,Fire,Sc,Riverwood,3486 Flute Ave,7,3,Yes,0,3,?,64350,7150,7150,50050,Chevrolet,Tahoe,2009,0,Chevrolet*Tahoe*2009,Riverwood_Sc,468168,586367
241,39,896890,1996-06-04,IL,250/500,2000,1042.26,0,464107,Male,Jd,Sales,Kayaking,Husband,0,0,2015-01-31,Multi-Vehicle Collision,Rear Collision,Total Loss,Ambulance,Wv,Northbend,5994 5th Ave,21,3,No,1,2,?,19080,4240,2120,12720,Saab,93,1995,0,Saab*93*1995,Northbend_Wv,464107,896890
223,43,650026,2009-05-09,OH,500/1000,500,1235.1,0,466959,Female,Masters,Tech-Support,Exercise,Not-In-Family,66400,-34400,2015-02-10,Single Vehicle Collision,Rear Collision,Minor Damage,Police,Sc,Springfield,9138 3rd St,14,1,No,2,1,No,54400,5440,5440,43520,Bmw,M5,2011,0,Bmw*M5*2011,Springfield_Sc,466959,650026
128,32,547744,2001-07-08,OH,100/300,2000,768.91,0,443522,Female,College,Sales,Chess,Other-Relative,0,-39300,2015-02-26,Single Vehicle Collision,Rear Collision,Total Loss,Fire,Sc,Columbus,3743 Andromedia Ridge,0,1,?,1,0,No,59800,5980,5980,47840,Ford,F150,1999,1,Ford*F150*1999,Columbus_Sc,443522,547744
124,29,598124,1993-09-20,OH,500/1000,500,1301.72,0,441726,Male,Masters,Handlers-Cleaners,Golf,Husband,0,0,2015-02-25,Multi-Vehicle Collision,Side Collision,Major Damage,Police,Va,Springfield,7644 Tree Ridge,14,3,?,0,3,Yes,72000,7200,7200,57600,Audi,A3,2005,0,Audi*A3*2005,Springfield_Va,441726,598124
343,48,436126,2009-11-03,IN,250/500,500,1451.54,3000000,473412,Male,Jd,Adm-Clerical,Hiking,Husband,0,0,2015-01-08,Multi-Vehicle Collision,Side Collision,Total Loss,Police,Sc,Riverwood,3167 2nd St,13,4,No,2,3,No,65070,7230,14460,43380,Mercedes,C300,2003,0,Mercedes*C300*2003,Riverwood_Sc,473412,436126
404,53,739447,2014-12-10,IN,250/500,500,767.14,0,466201,Male,Associate,Sales,Reading,Not-In-Family,25500,-36700,2015-01-14,Parked Car,?,Trivial Damage,Police,Wv,Columbus,3327 Lincoln Drive,8,1,No,0,1,No,8800,1760,880,6160,Suburu,Legacy,2002,0,Suburu*Legacy*2002,Columbus_Wv,466201,739447
63,24,427484,1994-01-08,OH,250/500,2000,1620.89,0,469621,Female,High School,Handlers-Cleaners,Movies,Other-Relative,0,0,2015-02-03,Vehicle Theft,?,Minor Damage,Police,Nc,Hillsdale,8621 Best Ridge,7,1,No,2,0,No,6120,1020,1020,4080,Toyota,Corolla,2015,0,Toyota*Corolla*2015,Hillsdale_Nc,469621,427484
210,37,218684,2006-08-05,IN,500/1000,2000,1048.46,0,466676,Male,High School,Priv-House-Serv,Skydiving,Not-In-Family,59900,0,2015-01-05,Vehicle Theft,?,Trivial Damage,Nan,Oh,Columbus,3878 Tree Lane,9,1,?,1,2,?,7080,1180,590,5310,Dodge,Ram,1999,0,Dodge*Ram*1999,Columbus_Oh,466676,218684
335,50,565564,2007-02-07,OH,100/300,1000,1538.26,6000000,615346,Male,High School,Sales,Yachting,Other-Relative,62200,-31400,2015-01-24,Multi-Vehicle Collision,Side Collision,Minor Damage,Ambulance,Ny,Riverwood,9760 Solo Lane,12,3,Yes,2,3,Yes,34320,8580,4290,21450,Volkswagen,Passat,2009,0,Volkswagen*Passat*2009,Riverwood_Ny,615346,565564
11,40,743163,2001-04-09,OH,500/1000,2000,1217.69,0,440106,Female,Md,Prof-Specialty,Reading,Wife,24000,0,2015-01-26,Multi-Vehicle Collision,Side Collision,Major Damage,Other,Sc,Springfield,9138 1st St,6,3,?,1,0,?,53460,9720,9720,34020,Dodge,Neon,2004,1,Dodge*Neon*2004,Springfield_Sc,440106,743163
142,33,604614,1995-02-17,IN,100/300,2000,1362.64,5000000,450332,Female,Jd,Exec-Managerial,Cross-Fit,Wife,0,0,2015-01-21,Single Vehicle Collision,Side Collision,Total Loss,Other,Nc,Columbus,3414 Elm Ave,11,1,Yes,1,3,?,81360,6780,13560,61020,Suburu,Legacy,2009,1,Suburu*Legacy*2009,Columbus_Nc,450332,604614
272,43,509928,1995-07-25,OH,100/300,1000,1279.13,0,615226,Male,Phd,Craft-Repair,Bungie-Jumping,Other-Relative,0,0,2015-02-06,Multi-Vehicle Collision,Side Collision,Minor Damage,Ambulance,Nc,Springfield,3172 Tree Ridge,5,3,?,1,2,Yes,81070,7370,14740,58960,Audi,A3,2006,1,Audi*A3*2006,Springfield_Nc,615226,509928
69,26,593390,2006-03-24,IL,100/300,2000,924.72,0,437688,Female,High School,Machine-Op-Inspct,Base-Jumping,Unmarried,0,0,2015-01-07,Single Vehicle Collision,Front Collision,Minor Damage,Fire,Ny,Columbus,6104 Oak Ave,14,1,No,2,2,No,63120,5260,10520,47340,Audi,A5,2008,0,Audi*A5*2008,Columbus_Ny,437688,593390
38,28,970607,1995-03-28,OH,250/500,1000,1019.44,0,437387,Male,Masters,Transport-Moving,Yachting,Not-In-Family,0,-39700,2015-02-10,Vehicle Theft,?,Trivial Damage,Nan,Nc,Springfield,9742 5th Ridge,17,1,?,2,1,No,7200,1440,720,5040,Bmw,X5,2004,0,Bmw*X5*2004,Springfield_Nc,437387,970607
328,46,174701,1996-06-19,IL,500/1000,500,1314.6,0,458139,Female,Md,Prof-Specialty,Exercise,Not-In-Family,24800,0,2015-02-23,Single Vehicle Collision,Rear Collision,Total Loss,Other,Wv,Hillsdale,8782 3rd St,0,1,?,2,3,?,70290,12780,6390,51120,Saab,92X,1998,1,Saab*92X*1998,Hillsdale_Wv,458139,174701
281,43,529398,1993-06-16,OH,100/300,1000,1515.18,6000000,443191,Male,College,Priv-House-Serv,Camping,Other-Relative,0,0,2015-01-09,Multi-Vehicle Collision,Side Collision,Minor Damage,Fire,Sc,Northbrook,9798 Sky Ridge,21,3,No,1,0,No,60190,9260,9260,41670,Bmw,X6,1999,0,Bmw*X6*1999,Northbrook_Sc,443191,529398
246,44,940942,2001-07-11,OH,250/500,2000,1649.18,0,613647,Male,College,Farming-Fishing,Base-Jumping,Other-Relative,0,-58600,2015-02-22,Single Vehicle Collision,Front Collision,Major Damage,Other,Ny,Hillsdale,5483 Francis Drive,18,1,Yes,1,2,Yes,61380,11160,5580,44640,Honda,Civic,2009,1,Honda*Civic*2009,Hillsdale_Ny,613647,940942
298,49,442677,2008-11-22,OH,250/500,500,1451.01,0,460820,Female,College,Other-Service,Exercise,Own-Child,47800,0,2015-02-21,Single Vehicle Collision,Front Collision,Minor Damage,Ambulance,Ny,Springfield,2005 Texas Hwy,17,1,No,2,2,No,28100,2810,5620,19670,Jeep,Grand Cherokee,2012,0,Jeep*Grand Cherokee*2012,Springfield_Ny,460820,442677
330,50,365364,2002-12-28,IL,500/1000,1000,978.46,0,431121,Female,High School,Sales,Yachting,Husband,0,0,2015-02-04,Single Vehicle Collision,Side Collision,Total Loss,Fire,Ny,Hillsdale,6634 Texas Ridge,19,1,Yes,0,0,No,49060,8920,8920,31220,Chevrolet,Silverado,1995,0,Chevrolet*Silverado*1995,Hillsdale_Ny,431121,365364
362,50,114839,2006-01-01,IL,250/500,500,1198.34,4000000,619735,Male,Associate,Sales,Board-Games,Wife,53000,-72500,2015-01-07,Multi-Vehicle Collision,Side Collision,Total Loss,Fire,Ny,Columbus,8655 Cherokee Lane,17,3,?,1,1,No,57060,6340,6340,44380,Mercedes,E400,1995,0,Mercedes*E400*1995,Columbus_Ny,619735,114839
241,38,872734,1990-05-19,IN,100/300,2000,1003.23,0,470485,Female,Associate,Tech-Support,Kayaking,Not-In-Family,0,0,2015-01-17,Multi-Vehicle Collision,Side Collision,Major Damage,Fire,Va,Arlington,4955 Lincoln Ridge,23,3,?,0,3,Yes,77880,12980,12980,51920,Accura,Mdx,2008,0,Accura*Mdx*2008,Arlington_Va,470485,872734
245,41,267885,2013-08-26,IN,500/1000,2000,1212.0,0,620473,Male,Masters,Exec-Managerial,Basketball,Unmarried,24400,-60500,2015-01-28,Single Vehicle Collision,Front Collision,Total Loss,Ambulance,Ny,Springfield,7705 Best Ridge,4,1,Yes,0,1,Yes,73500,7350,14700,51450,Jeep,Wrangler,1999,0,Jeep*Wrangler*1999,Springfield_Ny,620473,267885
371,52,740505,1997-10-12,IL,250/500,1000,1242.96,7000000,449800,Female,High School,Other-Service,Paintball,Own-Child,0,-37100,2015-02-22,Multi-Vehicle Collision,Rear Collision,Minor Damage,Other,Ny,Riverwood,5838 Pine Lane,2,2,Yes,2,0,?,88920,6840,13680,68400,Accura,Rsx,2010,0,Accura*Rsx*2010,Riverwood_Ny,449800,740505
343,52,629663,2002-01-21,IL,500/1000,1000,1053.02,0,602402,Female,Associate,Prof-Specialty,Bungie-Jumping,Not-In-Family,0,0,2015-02-16,Single Vehicle Collision,Front Collision,Major Damage,Other,Ny,Arlington,7331 Sky Hwy,2,1,?,0,2,No,47630,12990,4330,30310,Toyota,Corolla,2005,1,Toyota*Corolla*2005,Arlington_Ny,602402,629663
377,53,839884,1996-09-02,IL,100/300,500,1693.63,0,452456,Female,Md,Craft-Repair,Kayaking,Unmarried,0,-64000,2015-02-17,Multi-Vehicle Collision,Front Collision,Total Loss,Fire,Wv,Hillsdale,5640 Embaracadero Lane,10,3,Yes,1,3,No,59040,6560,6560,45920,Saab,93,2015,0,Saab*93*2015,Hillsdale_Wv,452456,839884
154,37,241562,2010-01-28,IL,250/500,1000,2047.59,0,439269,Female,Md,Farming-Fishing,Dancing,Other-Relative,0,-67800,2015-01-09,Single Vehicle Collision,Rear Collision,Minor Damage,Other,Sc,Columbus,9610 Cherokee St,2,1,?,0,3,No,79530,14460,7230,57840,Accura,Mdx,2000,0,Accura*Mdx*2000,Columbus_Sc,439269,241562
166,34,405533,2014-10-03,OH,100/300,1000,1083.72,0,617774,Female,High School,Machine-Op-Inspct,Base-Jumping,Wife,65600,-68200,2015-02-09,Single Vehicle Collision,Side Collision,Total Loss,Other,Ny,Columbus,3550 Washington Ave,18,1,No,0,2,Yes,53680,4880,4880,43920,Honda,Crv,2005,0,Honda*Crv*2005,Columbus_Ny,617774,405533
298,46,667021,2007-05-02,OH,500/1000,1000,1138.42,6000000,477678,Male,Jd,Prof-Specialty,Dancing,Own-Child,36900,-55000,2015-02-16,Single Vehicle Collision,Side Collision,Minor Damage,Police,Sc,Arlington,5277 Texas Lane,18,1,No,2,3,Yes,33550,3050,6100,24400,Volkswagen,Passat,2005,0,Volkswagen*Passat*2005,Arlington_Sc,477678,667021
235,42,511621,1990-09-22,IN,250/500,500,1072.62,0,444913,Female,Masters,Machine-Op-Inspct,Exercise,Husband,39900,-60200,2015-02-18,Multi-Vehicle Collision,Side Collision,Total Loss,Other,Wv,Springfield,3654 Cherokee Ave,7,4,?,2,1,Yes,69100,6910,6910,55280,Toyota,Highlander,2006,0,Toyota*Highlander*2006,Springfield_Wv,444913,511621
172,35,476923,2004-09-19,IL,100/300,2000,1219.04,0,456602,Male,Md,Handlers-Cleaners,Paintball,Own-Child,63600,-68700,2015-01-11,Multi-Vehicle Collision,Rear Collision,Major Damage,Police,Oh,Hillsdale,7380 5th Hwy,19,3,?,2,0,No,79750,14500,14500,50750,Nissan,Pathfinder,1999,0,Nissan*Pathfinder*1999,Hillsdale_Oh,456602,476923
27,28,735822,1995-08-28,IN,100/300,2000,1371.78,0,451560,Male,Jd,Farming-Fishing,Polo,Other-Relative,0,-32500,2015-02-04,Multi-Vehicle Collision,Front Collision,Major Damage,Other,Pa,Riverwood,2539 Embaracadero Ridge,10,3,?,0,2,Yes,53600,5360,10720,37520,Audi,A5,2015,1,Audi*A5*2015,Riverwood_Pa,451560,735822
428,54,492745,2004-02-04,IN,100/300,2000,1506.21,0,453407,Male,Masters,Transport-Moving,Kayaking,Unmarried,0,-24400,2015-01-22,Multi-Vehicle Collision,Side Collision,Minor Damage,Fire,Ny,Riverwood,4693 Lincoln Hwy,16,3,No,1,0,?,76560,12760,6380,57420,Nissan,Ultima,2009,0,Nissan*Ultima*2009,Riverwood_Ny,453407,492745
99,32,130930,2014-07-23,IN,100/300,1000,1058.21,3000000,618655,Male,Jd,Craft-Repair,Golf,Unmarried,0,0,2015-01-10,Single Vehicle Collision,Front Collision,Total Loss,Fire,Ny,Arlington,2376 Sky Ridge,17,1,Yes,1,1,No,41130,4570,4570,31990,Dodge,Ram,1999,0,Dodge*Ram*1999,Arlington_Ny,618655,130930
107,26,261119,1997-03-21,IL,500/1000,2000,932.14,0,612550,Male,Md,Sales,Cross-Fit,Own-Child,40600,0,2015-01-10,Multi-Vehicle Collision,Rear Collision,Total Loss,Fire,Sc,Columbus,1273 Rock Lane,2,3,No,2,3,No,78650,14300,7150,57200,Audi,A3,1996,1,Audi*A3*1996,Columbus_Sc,612550,261119
272,41,280709,1991-05-06,OH,500/1000,2000,1608.34,0,466718,Female,Associate,Farming-Fishing,Reading,Own-Child,33300,-10600,2015-02-16,Single Vehicle Collision,Side Collision,Major Damage,Other,Ny,Springfield,8281 Lincoln Lane,19,1,?,1,1,?,71060,6460,12920,51680,Saab,92X,2010,0,Saab*92X*2010,Springfield_Ny,466718,280709
151,37,898573,1992-08-07,IN,500/1000,1000,1728.56,0,617947,Female,Masters,Farming-Fishing,Dancing,Own-Child,54000,0,2015-02-08,Single Vehicle Collision,Front Collision,Minor Damage,Fire,Wv,Northbrook,6429 4th Hwy,0,1,Yes,1,1,?,38830,3530,3530,31770,Suburu,Legacy,1999,0,Suburu*Legacy*1999,Northbrook_Wv,617947,898573
249,43,547802,2013-09-03,IL,250/500,1000,1518.46,0,606238,Female,Md,Armed-Forces,Cross-Fit,Own-Child,0,0,2015-01-26,Single Vehicle Collision,Front Collision,Major Damage,Fire,Sc,Riverwood,2201 4th Lane,16,1,?,0,0,Yes,53500,5350,5350,42800,Saab,92X,2015,0,Saab*92X*2015,Riverwood_Sc,606238,547802
177,38,600845,2012-01-05,IL,100/300,2000,1540.19,0,463842,Female,College,Adm-Clerical,Skydiving,Other-Relative,0,-74500,2015-02-01,Single Vehicle Collision,Front Collision,Major Damage,Other,Va,Columbus,5506 Best St,20,1,Yes,2,0,No,73700,7370,7370,58960,Chevrolet,Silverado,2001,1,Chevrolet*Silverado*2001,Columbus_Va,463842,600845
190,40,390381,2007-01-27,OH,500/1000,2000,965.21,0,610354,Female,Jd,Exec-Managerial,Camping,Other-Relative,36900,-53700,2015-02-02,Parked Car,?,Trivial Damage,Nan,Sc,Hillsdale,8404 Embaracadero St,10,1,?,2,1,Yes,6300,630,630,5040,Nissan,Ultima,2001,0,Nissan*Ultima*2001,Hillsdale_Sc,610354,390381
174,36,629918,2005-10-14,IL,100/300,2000,1278.75,0,461328,Female,College,Tech-Support,Paintball,Own-Child,53200,-53800,2015-02-06,Multi-Vehicle Collision,Rear Collision,Total Loss,Ambulance,Ny,Riverwood,2117 Lincoln Hwy,21,3,?,2,2,No,65400,10900,10900,43600,Dodge,Ram,2012,0,Dodge*Ram*2012,Riverwood_Ny,461328,629918
95,28,208298,1990-11-03,OH,250/500,1000,773.99,0,458727,Male,Associate,Armed-Forces,Board-Games,Other-Relative,0,-70300,2015-01-01,Vehicle Theft,?,Trivial Damage,Nan,Pa,Springfield,6359 MLK Ridge,3,1,Yes,1,2,No,3200,640,320,2240,Mercedes,E400,2014,0,Mercedes*E400*2014,Springfield_Pa,458727,208298
371,51,513099,2005-10-15,IN,500/1000,1000,1532.47,0,452587,Female,Associate,Tech-Support,Golf,Other-Relative,60300,-24700,2015-01-19,Single Vehicle Collision,Rear Collision,Major Damage,Fire,Ny,Arlington,9751 Sky Ridge,7,1,Yes,0,3,Yes,75400,7540,15080,52780,Dodge,Ram,2012,1,Dodge*Ram*2012,Arlington_Ny,452587,513099
2,28,184938,1999-05-22,IL,250/500,1000,1340.56,0,433184,Female,Jd,Machine-Op-Inspct,Golf,Not-In-Family,0,0,2015-01-17,Single Vehicle Collision,Side Collision,Minor Damage,Fire,Ny,Northbend,9020 Elm Ave,19,1,Yes,0,2,Yes,58140,6460,6460,45220,Saab,92X,2008,0,Saab*92X*2008,Northbend_Ny,433184,184938
269,44,187775,2002-12-21,OH,100/300,500,1297.75,4000000,451280,Female,Jd,Other-Service,Chess,Own-Child,0,-41400,2015-02-01,Multi-Vehicle Collision,Rear Collision,Total Loss,Ambulance,Sc,Columbus,1830 Sky St,15,3,?,0,1,?,98670,15180,15180,68310,Chevrolet,Tahoe,2010,1,Chevrolet*Tahoe*2010,Columbus_Sc,451280,187775
101,27,326322,2007-02-10,IL,250/500,1000,433.33,0,603269,Male,Masters,Machine-Op-Inspct,Golf,Other-Relative,25900,0,2015-01-02,Parked Car,?,Minor Damage,Nan,Sc,Hillsdale,6067 Weaver Ridge,7,1,?,0,3,No,5900,1180,590,4130,Mercedes,E400,2009,0,Mercedes*E400*2009,Hillsdale_Sc,603269,326322
94,30,146138,2002-03-01,IN,250/500,2000,1025.54,0,442632,Female,High School,Armed-Forces,Paintball,Other-Relative,0,-52600,2015-02-20,Single Vehicle Collision,Rear Collision,Major Damage,Fire,Nc,Arlington,1840 Embaracadero Ave,19,1,?,1,3,Yes,64100,6410,6410,51280,Chevrolet,Malibu,2001,0,Chevrolet*Malibu*2001,Arlington_Nc,442632,146138
117,28,336047,2003-04-21,OH,250/500,500,1264.77,0,447300,Female,Associate,Transport-Moving,Yachting,Unmarried,47500,-32500,2015-02-05,Multi-Vehicle Collision,Rear Collision,Total Loss,Fire,Sc,Springfield,4058 Tree Drive,13,2,Yes,0,1,?,55440,5040,10080,40320,Suburu,Forrestor,2009,1,Suburu*Forrestor*2009,Springfield_Sc,447300,336047
111,27,532330,2002-09-22,OH,250/500,500,1459.97,5000000,441783,Male,Md,Sales,Yachting,Other-Relative,0,0,2015-02-27,Multi-Vehicle Collision,Side Collision,Major Damage,Police,Sc,Northbend,4983 MLK Ridge,2,3,No,1,2,No,80850,7350,14700,58800,Ford,F150,2011,1,Ford*F150*2011,Northbend_Sc,441783,532330
242,40,118137,1998-02-10,OH,100/300,500,1238.65,0,468702,Female,High School,Transport-Moving,Bungie-Jumping,Husband,0,-44600,2015-01-27,Vehicle Theft,?,Trivial Damage,Police,Wv,Springfield,9744 Texas Drive,5,1,Yes,1,1,No,7480,680,680,6120,Saab,95,1998,0,Saab*95*1998,Springfield_Wv,468702,118137
440,61,212674,1992-09-01,OH,250/500,500,1050.76,0,467942,Male,Phd,Transport-Moving,Movies,Wife,41500,-70200,2015-01-26,Single Vehicle Collision,Side Collision,Major Damage,Fire,Oh,Riverwood,8821 Elm St,21,1,?,2,3,No,53640,5960,5960,41720,Nissan,Maxima,2004,1,Nissan*Maxima*2004,Riverwood_Oh,467942,212674
20,23,935596,1999-05-01,OH,500/1000,1000,1711.72,0,463678,Female,Jd,Tech-Support,Base-Jumping,Wife,0,0,2015-01-13,Multi-Vehicle Collision,Rear Collision,Major Damage,Fire,Sc,Northbrook,2886 Tree Ridge,21,3,No,2,2,No,63250,5750,11500,46000,Chevrolet,Tahoe,2002,1,Chevrolet*Tahoe*2002,Northbrook_Sc,463678,935596
461,57,737593,1997-12-19,IL,100/300,500,865.33,7000000,615220,Female,High School,Farming-Fishing,Golf,Own-Child,0,0,2015-01-14,Multi-Vehicle Collision,Side Collision,Major Damage,Ambulance,Ny,Hillsdale,5236 Weaver Drive,7,3,No,0,1,?,59040,9840,9840,39360,Dodge,Ram,1995,0,Dodge*Ram*1995,Hillsdale_Ny,615220,737593
208,36,812025,2000-06-18,IL,250/500,500,1153.49,0,432711,Male,Associate,Craft-Repair,Base-Jumping,Other-Relative,0,0,2015-02-22,Multi-Vehicle Collision,Side Collision,Total Loss,Other,Sc,Arlington,5862 Apache Ridge,16,3,Yes,1,0,Yes,50500,10100,5050,35350,Accura,Tl,2004,0,Accura*Tl*2004,Arlington_Sc,432711,812025
279,43,168151,1995-04-24,OH,500/1000,2000,1281.25,0,463583,Male,Associate,Machine-Op-Inspct,Cross-Fit,Other-Relative,0,0,2015-01-17,Single Vehicle Collision,Side Collision,Major Damage,Police,Sc,Columbus,7859 4th Ridge,13,1,Yes,0,1,No,57690,6410,12820,38460,Mercedes,C300,2010,1,Mercedes*C300*2010,Columbus_Sc,463583,168151
244,40,594739,2006-06-16,IL,100/300,500,1342.8,0,439502,Female,Md,Sales,Base-Jumping,Husband,0,0,2015-02-02,Vehicle Theft,?,Trivial Damage,Police,Ny,Springfield,6259 Weaver St,2,1,Yes,1,3,Yes,5940,660,660,4620,Toyota,Camry,2014,0,Toyota*Camry*2014,Springfield_Ny,439502,594739
134,30,843227,2007-09-28,OH,250/500,2000,1443.32,0,613287,Female,Phd,Exec-Managerial,Dancing,Unmarried,0,0,2015-01-07,Multi-Vehicle Collision,Rear Collision,Major Damage,Fire,Sc,Northbend,9980 Lincoln Ave,19,3,?,0,2,Yes,47790,5310,5310,37170,Suburu,Impreza,1995,1,Suburu*Impreza*1995,Northbend_Sc,613287,843227
122,29,283925,1991-11-21,OH,250/500,1000,1629.94,0,620104,Female,Masters,Priv-House-Serv,Skydiving,Other-Relative,0,-47100,2015-02-02,Parked Car,?,Trivial Damage,Nan,Sc,Riverwood,7828 Cherokee Ave,17,1,?,0,1,No,3850,350,350,3150,Dodge,Neon,2014,0,Dodge*Neon*2014,Riverwood_Sc,620104,283925
156,31,475588,1996-09-21,IL,100/300,2000,1134.08,0,446895,Male,Phd,Other-Service,Reading,Husband,0,0,2015-02-07,Single Vehicle Collision,Front Collision,Major Damage,Police,Nc,Arlington,5812 Oak St,3,1,?,2,0,?,59000,5900,5900,47200,Ford,Fusion,2013,1,Ford*Fusion*2013,Arlington_Nc,446895,475588
232,43,751905,2001-05-16,OH,250/500,500,1483.91,8000000,431531,Male,College,Machine-Op-Inspct,Golf,Husband,0,-33600,2015-01-18,Multi-Vehicle Collision,Rear Collision,Major Damage,Ambulance,Ny,Arlington,2318 Washington Hwy,17,3,No,0,1,?,70600,7060,14120,49420,Volkswagen,Passat,2013,1,Volkswagen*Passat*2013,Arlington_Ny,431531,751905
244,40,226725,1999-08-11,IN,500/1000,2000,1304.67,7000000,605408,Male,Masters,Armed-Forces,Base-Jumping,Other-Relative,0,-45000,2015-01-10,Multi-Vehicle Collision,Side Collision,Minor Damage,Police,Sc,Hillsdale,8809 Flute St,5,3,?,1,1,?,61490,5590,11180,44720,Dodge,Ram,2001,0,Dodge*Ram*2001,Hillsdale_Sc,605408,226725
84,30,942504,2003-06-16,IL,500/1000,2000,1035.79,0,457551,Female,Md,Protective-Serv,Kayaking,Wife,44400,-51500,2015-01-30,Single Vehicle Collision,Side Collision,Minor Damage,Police,Sc,Northbend,3184 Oak Ave,9,1,No,1,0,Yes,57640,5240,10480,41920,Volkswagen,Passat,2010,0,Volkswagen*Passat*2010,Northbend_Sc,457551,942504
394,57,395572,1999-03-30,IL,250/500,500,1401.2,0,619892,Female,High School,Craft-Repair,Movies,Own-Child,51500,0,2015-01-25,Vehicle Theft,?,Trivial Damage,Police,Nc,Hillsdale,6493 Lincoln Lane,9,1,No,1,0,No,6890,1060,1060,4770,Audi,A5,1999,0,Audi*A5*1999,Hillsdale_Nc,619892,395572
246,45,889883,1999-02-03,IL,250/500,1000,1665.45,0,445853,Male,Jd,Machine-Op-Inspct,Hiking,Wife,34400,-33100,2015-01-29,Multi-Vehicle Collision,Side Collision,Major Damage,Fire,Pa,Columbus,7162 Maple Ave,9,3,?,2,2,?,53280,11840,5920,35520,Toyota,Camry,2006,1,Toyota*Camry*2006,Columbus_Pa,445853,889883
35,29,818167,2011-08-25,IN,500/1000,2000,653.66,0,475483,Female,Jd,Handlers-Cleaners,Video-Games,Unmarried,52100,-46900,2015-02-24,Multi-Vehicle Collision,Rear Collision,Minor Damage,Fire,Sc,Springfield,5455 Tree Ridge,22,3,No,0,0,?,78300,15660,7830,54810,Bmw,X5,2009,0,Bmw*X5*2009,Springfield_Sc,475483,818167
156,37,277767,2010-06-28,OH,100/300,500,1080.13,0,606290,Male,Associate,Protective-Serv,Reading,Other-Relative,0,-61000,2015-01-04,Multi-Vehicle Collision,Rear Collision,Major Damage,Ambulance,Pa,Springfield,5778 Pine Ridge,15,3,Yes,0,3,No,41490,4610,4610,32270,Nissan,Pathfinder,2001,0,Nissan*Pathfinder*2001,Springfield_Pa,606290,277767
195,36,842618,2001-11-06,IN,100/300,2000,1346.18,0,611852,Female,Associate,Machine-Op-Inspct,Camping,Wife,57800,-53300,2015-02-25,Multi-Vehicle Collision,Front Collision,Total Loss,Fire,Sc,Hillsdale,3797 Solo Lane,14,3,Yes,2,3,Yes,68970,12540,6270,50160,Chevrolet,Tahoe,2007,0,Chevrolet*Tahoe*2007,Hillsdale_Sc,611852,842618
369,55,577810,2013-04-15,OH,250/500,2000,1589.54,0,444734,Male,College,Handlers-Cleaners,Camping,Husband,55400,0,2015-01-27,Multi-Vehicle Collision,Rear Collision,Minor Damage,Police,Va,Arlington,9373 Pine Hwy,6,3,?,2,0,Yes,85300,17060,8530,59710,Toyota,Highlander,2003,0,Toyota*Highlander*2003,Arlington_Va,444734,577810
271,40,873114,1995-12-07,IL,100/300,1000,1251.65,0,433683,Female,Associate,Other-Service,Camping,Wife,71200,0,2015-02-19,Parked Car,?,Minor Damage,Nan,Ny,Hillsdale,1365 Francis Ave,6,1,No,0,0,No,3080,560,280,2240,Audi,A3,2012,0,Audi*A3*2012,Hillsdale_Ny,433683,873114
332,47,994538,1991-11-01,IL,100/300,2000,1083.01,0,448882,Male,Md,Craft-Repair,Paintball,Other-Relative,91900,0,2015-01-31,Multi-Vehicle Collision,Front Collision,Major Damage,Police,Wv,Arlington,9239 Washington Ridge,22,4,Yes,2,0,?,71760,11040,11040,49680,Jeep,Grand Cherokee,2010,1,Jeep*Grand Cherokee*2010,Arlington_Wv,448882,994538
107,26,727792,2014-05-19,OH,100/300,500,974.59,0,466838,Female,Jd,Armed-Forces,Skydiving,Wife,62800,0,2015-01-18,Multi-Vehicle Collision,Rear Collision,Minor Damage,Ambulance,Ny,Arlington,3416 Washington Drive,14,3,?,1,0,No,59700,11940,11940,35820,Nissan,Ultima,2002,0,Nissan*Ultima*2002,Arlington_Ny,466838,727792
217,39,522506,1992-03-15,IL,500/1000,2000,1399.85,0,605490,Female,Masters,Other-Service,Skydiving,Other-Relative,49900,-19800,2015-01-10,Multi-Vehicle Collision,Front Collision,Minor Damage,Fire,Ny,Columbus,1923 2nd Hwy,16,3,No,0,2,?,64920,10820,10820,43280,Ford,Fusion,1997,0,Ford*Fusion*1997,Columbus_Ny,605490,522506
243,43,367595,2006-02-03,IN,500/1000,500,1307.74,0,466137,Female,Associate,Machine-Op-Inspct,Board-Games,Own-Child,0,-75700,2015-01-28,Multi-Vehicle Collision,Front Collision,Major Damage,Ambulance,Sc,Riverwood,6451 1st Hwy,10,3,?,0,1,No,37530,4170,4170,29190,Jeep,Wrangler,2008,0,Jeep*Wrangler*2008,Riverwood_Sc,466137,367595
296,42,586104,2003-03-16,IN,250/500,2000,1219.27,0,466970,Male,Associate,Tech-Support,Paintball,Husband,53100,-63400,2015-02-16,Multi-Vehicle Collision,Side Collision,Total Loss,Ambulance,Wv,Columbus,1267 Francis Hwy,9,3,Yes,1,2,No,64080,7120,7120,49840,Saab,93,2012,0,Saab*93*2012,Columbus_Wv,466970,586104
264,41,424862,2002-10-16,OH,100/300,500,1411.3,0,474801,Male,Phd,Prof-Specialty,Cross-Fit,Unmarried,55600,0,2015-02-08,Single Vehicle Collision,Rear Collision,Minor Damage,Other,Pa,Northbrook,4158 Washington Lane,4,1,No,1,0,?,60390,10980,5490,43920,Bmw,M5,2004,1,Bmw*M5*2004,Northbrook_Pa,474801,424862
108,33,512813,1990-01-27,IL,100/300,2000,694.45,0,450703,Female,Jd,Armed-Forces,Exercise,Not-In-Family,0,0,2015-01-20,Multi-Vehicle Collision,Side Collision,Major Damage,Police,Wv,Northbend,3796 Cherokee Drive,6,3,?,0,1,Yes,64350,5850,11700,46800,Nissan,Pathfinder,2011,1,Nissan*Pathfinder*2011,Northbend_Wv,450703,512813
32,38,356768,2010-03-11,IL,100/300,500,1006.77,6000000,478172,Female,College,Other-Service,Sleeping,Own-Child,0,0,2015-02-06,Multi-Vehicle Collision,Side Collision,Minor Damage,Police,Sc,Northbend,7434 Oak Hwy,15,3,Yes,2,1,Yes,70900,14180,7090,49630,Bmw,X6,1997,0,Bmw*X6*1997,Northbend_Sc,478172,356768
259,39,330506,1995-09-19,OH,250/500,1000,1422.36,0,604668,Female,Jd,Craft-Repair,Movies,Unmarried,0,-83900,2015-01-24,Multi-Vehicle Collision,Side Collision,Minor Damage,Fire,Pa,Columbus,5178 Weaver Hwy,12,3,No,1,3,?,46560,7760,7760,31040,Nissan,Ultima,2012,0,Nissan*Ultima*2012,Columbus_Pa,604668,330506
186,33,779075,2010-02-27,IN,100/300,1000,1348.32,0,469429,Female,Associate,Craft-Repair,Cross-Fit,Wife,37600,-37600,2015-01-14,Vehicle Theft,?,Trivial Damage,Police,Ny,Arlington,8477 Francis Hwy,3,1,No,2,1,?,4730,860,860,3010,Chevrolet,Malibu,2013,1,Chevrolet*Malibu*2013,Arlington_Ny,469429,779075
201,40,799501,1991-12-28,OH,250/500,2000,1315.56,0,471806,Female,Phd,Transport-Moving,Video-Games,Not-In-Family,0,0,2015-02-18,Vehicle Theft,?,Minor Damage,Police,Sc,Northbrook,7693 Britain Lane,14,1,Yes,0,0,Yes,6820,1240,1240,4340,Jeep,Grand Cherokee,2003,0,Jeep*Grand Cherokee*2003,Northbrook_Sc,471806,799501
436,58,987905,2002-04-30,OH,250/500,2000,1407.01,5000000,475705,Male,Phd,Tech-Support,Sleeping,Other-Relative,47400,-27600,2015-01-10,Single Vehicle Collision,Rear Collision,Major Damage,Police,Wv,Riverwood,3658 Rock Drive,10,1,?,0,2,?,59900,11980,5990,41930,Bmw,X5,1997,1,Bmw*X5*1997,Riverwood_Wv,475705,987905
189,36,967756,2007-04-28,OH,250/500,2000,1388.58,0,459122,Female,Md,Priv-House-Serv,Basketball,Own-Child,0,-49400,2015-02-13,Multi-Vehicle Collision,Side Collision,Major Damage,Police,Wv,Riverwood,2617 Andromedia Drive,17,3,?,1,3,Yes,79560,13260,13260,53040,Ford,Escape,2009,0,Ford*Escape*2009,Riverwood_Wv,459122,967756
105,33,830414,1996-07-08,IL,500/1000,500,1310.76,0,476737,Female,High School,Adm-Clerical,Kayaking,Not-In-Family,0,-40900,2015-02-17,Single Vehicle Collision,Front Collision,Total Loss,Other,Va,Northbrook,9279 Oak Hwy,8,1,Yes,0,1,?,70290,12780,6390,51120,Accura,Mdx,2008,0,Accura*Mdx*2008,Northbrook_Va,476737,830414
163,31,127313,2002-04-01,IN,100/300,1000,1004.63,6000000,460359,Male,Jd,Priv-House-Serv,Hiking,Not-In-Family,26900,0,2015-01-07,Multi-Vehicle Collision,Rear Collision,Total Loss,Ambulance,Sc,Hillsdale,3439 Andromedia Hwy,14,3,Yes,2,0,No,63910,5810,11620,46480,Suburu,Forrestor,1999,0,Suburu*Forrestor*1999,Hillsdale_Sc,460359,127313
219,40,786957,2006-10-29,OH,100/300,500,1134.91,0,452735,Female,Associate,Transport-Moving,Golf,Not-In-Family,68700,0,2015-01-29,Vehicle Theft,?,Trivial Damage,Nan,Sc,Riverwood,5901 Elm Drive,6,1,?,1,0,No,6400,640,640,5120,Toyota,Camry,1997,0,Toyota*Camry*1997,Riverwood_Sc,452735,786957
88,25,332892,2007-10-25,IN,250/500,1000,1194.0,0,613583,Female,Jd,Handlers-Cleaners,Movies,Husband,0,0,2015-02-13,Single Vehicle Collision,Rear Collision,Major Damage,Ambulance,Sc,Northbrook,3982 Washington Hwy,6,1,Yes,1,2,Yes,66780,7420,7420,51940,Ford,Escape,2013,1,Ford*Escape*2013,Northbrook_Sc,613583,332892
40,39,448642,2001-03-28,IN,500/1000,1000,1248.25,4000000,605692,Female,College,Sales,Hiking,Own-Child,0,-33300,2015-02-01,Parked Car,?,Minor Damage,Police,Va,Northbrook,3376 5th Drive,8,1,No,0,2,?,8760,1460,1460,5840,Bmw,3 Series,2013,0,Bmw*3 Series*2013,Northbrook_Va,605692,448642
284,42,526039,1995-05-04,OH,100/300,500,1338.54,-1000000,438178,Male,Associate,Machine-Op-Inspct,Kayaking,Wife,0,0,2015-01-29,Single Vehicle Collision,Side Collision,Major Damage,Ambulance,Nc,Arlington,3936 Tree Drive,13,1,Yes,0,1,?,94160,8560,17120,68480,Chevrolet,Malibu,1996,0,Chevrolet*Malibu*1996,Arlington_Nc,438178,526039
59,40,444422,2011-09-28,IL,250/500,2000,782.23,0,449221,Male,College,Protective-Serv,Golf,Other-Relative,64200,-32300,2015-02-06,Multi-Vehicle Collision,Front Collision,Total Loss,Ambulance,Oh,Springfield,6605 Tree Ave,0,3,?,0,2,No,51570,5730,11460,34380,Bmw,X5,2010,0,Bmw*X5*2010,Springfield_Oh,449221,444422
39,31,689500,2003-01-28,IL,250/500,2000,1366.9,0,459322,Female,High School,Handlers-Cleaners,Polo,Husband,0,-15700,2015-01-28,Multi-Vehicle Collision,Rear Collision,Major Damage,Fire,Nc,Northbend,3102 Apache St,14,3,?,1,0,No,52700,10540,10540,31620,Bmw,X6,2014,1,Bmw*X6*2014,Northbend_Nc,459322,689500
147,34,806081,2011-02-01,IL,500/1000,1000,1275.81,0,472657,Male,High School,Sales,Dancing,Wife,0,-48300,2015-01-21,Single Vehicle Collision,Side Collision,Minor Damage,Fire,Ny,Columbus,7756 Pine Hwy,13,1,Yes,2,2,?,101010,15540,15540,69930,Mercedes,Ml350,1998,0,Mercedes*Ml350*1998,Columbus_Ny,472657,806081
156,37,384618,1993-02-09,IN,250/500,500,1090.65,0,608331,Male,High School,Exec-Managerial,Golf,Unmarried,0,-51800,2015-01-16,Multi-Vehicle Collision,Rear Collision,Minor Damage,Police,Nc,Columbus,7142 5th Lane,16,4,?,1,2,Yes,53400,5340,5340,42720,Honda,Civic,2010,1,Honda*Civic*2010,Columbus_Nc,608331,384618
123,31,756459,2005-08-05,IN,250/500,500,1326.0,0,438546,Female,Associate,Prof-Specialty,Basketball,Wife,0,-54600,2015-02-17,Single Vehicle Collision,Side Collision,Total Loss,Fire,Sc,Northbrook,2914 Oak Drive,13,1,?,1,2,No,72120,12020,12020,48080,Mercedes,Ml350,2009,0,Mercedes*Ml350*2009,Northbrook_Sc,438546,756459
231,43,655787,2006-06-17,IL,250/500,2000,972.47,0,441981,Male,College,Protective-Serv,Reading,Wife,0,-58100,2015-02-01,Multi-Vehicle Collision,Front Collision,Minor Damage,Police,Pa,Hillsdale,6522 Apache Drive,15,3,Yes,2,2,Yes,77100,7710,15420,53970,Audi,A3,2010,0,Audi*A3*2010,Hillsdale_Pa,441981,655787
247,39,419954,1993-12-07,IL,100/300,500,806.31,0,602177,Female,College,Handlers-Cleaners,Dancing,Wife,0,0,2015-02-25,Parked Car,?,Trivial Damage,Police,Sc,Northbend,5279 Pine Ridge,3,1,?,2,3,?,3300,600,0,2700,Dodge,Ram,2003,0,Dodge*Ram*2003,Northbend_Sc,602177,419954
194,35,275092,2012-03-14,IL,500/1000,500,1416.24,0,441659,Female,Md,Adm-Clerical,Golf,Not-In-Family,0,0,2015-02-26,Parked Car,?,Minor Damage,Nan,Wv,Northbend,8078 Britain Hwy,7,1,Yes,1,0,?,5940,1080,540,4320,Nissan,Pathfinder,2003,0,Nissan*Pathfinder*2003,Northbend_Wv,441659,275092
119,27,515698,1997-08-05,IN,250/500,2000,1097.64,0,614812,Male,High School,Transport-Moving,Video-Games,Other-Relative,27100,0,2015-02-06,Multi-Vehicle Collision,Rear Collision,Major Damage,Other,Pa,Northbend,1133 Apache St,16,2,No,1,0,?,63720,7080,21240,35400,Accura,Tl,2006,0,Accura*Tl*2006,Northbend_Pa,614812,515698
259,43,132871,2009-07-05,IL,100/300,500,947.75,0,458470,Female,Masters,Farming-Fishing,Base-Jumping,Not-In-Family,0,-39300,2015-02-03,Vehicle Theft,?,Trivial Damage,Police,Sc,Riverwood,2873 Flute Ave,15,1,No,1,3,No,7680,1280,640,5760,Audi,A5,2008,0,Audi*A5*2008,Riverwood_Sc,458470,132871
107,31,714929,1994-11-25,IL,100/300,2000,1018.73,5000000,469646,Male,Associate,Handlers-Cleaners,Yachting,Own-Child,20000,-82700,2015-01-27,Multi-Vehicle Collision,Side Collision,Total Loss,Police,Ny,Riverwood,8509 Apache St,21,3,Yes,1,2,?,93730,14420,21630,57680,Honda,Crv,2001,0,Honda*Crv*2001,Riverwood_Ny,469646,714929
48,44,297816,1997-02-03,IL,100/300,2000,1400.74,0,611118,Male,College,Sales,Base-Jumping,Other-Relative,34000,-55600,2015-01-21,Multi-Vehicle Collision,Rear Collision,Major Damage,Police,Nc,Arlington,8245 4th Hwy,23,3,Yes,0,2,?,87300,17460,17460,52380,Jeep,Wrangler,2013,0,Jeep*Wrangler*2013,Arlington_Nc,611118,297816
267,40,426708,2009-10-09,IL,250/500,500,1155.53,5000000,465158,Male,Jd,Transport-Moving,Camping,Wife,0,-35200,2015-01-24,Parked Car,?,Trivial Damage,Police,Ny,Columbus,3094 Best Lane,5,1,?,0,2,No,5670,1260,630,3780,Ford,F150,1997,0,Ford*F150*1997,Columbus_Ny,465158,426708
286,47,615047,2002-11-20,IN,250/500,500,1386.93,0,457130,Male,High School,Priv-House-Serv,Bungie-Jumping,Husband,54100,-77600,2015-01-17,Multi-Vehicle Collision,Rear Collision,Minor Damage,Other,Ny,Springfield,8188 Tree Ave,15,3,Yes,0,0,No,65800,13160,6580,46060,Accura,Tl,2001,0,Accura*Tl*2001,Springfield_Ny,457130,615047
175,34,771236,1995-05-29,OH,100/300,500,915.29,0,607893,Female,Jd,Handlers-Cleaners,Base-Jumping,Wife,82400,-57100,2015-02-23,Single Vehicle Collision,Front Collision,Major Damage,Other,Ny,Arlington,5224 5th Lane,14,1,?,2,1,Yes,36720,4080,4080,28560,Honda,Accord,2009,1,Honda*Accord*2009,Arlington_Ny,607893,771236
111,29,235869,2011-01-22,IL,250/500,500,1239.55,2000000,464736,Female,Phd,Farming-Fishing,Kayaking,Own-Child,0,0,2015-01-09,Single Vehicle Collision,Side Collision,Major Damage,Fire,Sc,Riverwood,2230 1st St,1,1,?,1,1,Yes,52800,4800,9600,38400,Mercedes,Ml350,1996,1,Mercedes*Ml350*1996,Riverwood_Sc,464736,235869
151,37,931625,2012-10-18,IN,250/500,500,1366.42,0,476198,Female,Associate,Protective-Serv,Cross-Fit,Unmarried,44000,0,2015-02-15,Multi-Vehicle Collision,Rear Collision,Total Loss,Fire,Sc,Arlington,6719 Flute St,14,3,No,1,2,Yes,59100,5910,5910,47280,Nissan,Maxima,1998,1,Nissan*Maxima*1998,Arlington_Sc,476198,931625
156,37,371635,1991-10-13,OH,500/1000,1000,1086.48,6000000,444903,Male,Associate,Machine-Op-Inspct,Hiking,Unmarried,0,-53800,2015-01-16,Multi-Vehicle Collision,Rear Collision,Total Loss,Other,Ny,Northbrook,8064 4th Ave,17,3,?,1,1,Yes,77440,14080,7040,56320,Suburu,Legacy,1999,0,Suburu*Legacy*1999,Northbrook_Ny,444903,371635
165,36,427199,2010-10-01,IL,250/500,2000,1247.87,0,464336,Male,Masters,Armed-Forces,Golf,Husband,0,-39700,2015-01-14,Multi-Vehicle Collision,Side Collision,Total Loss,Fire,Ny,Northbend,2469 Francis Lane,20,3,No,2,2,No,45700,4570,4570,36560,Bmw,3 Series,2008,0,Bmw*3 Series*2008,Northbend_Ny,464336,427199
253,41,261315,2013-04-10,OH,100/300,2000,1312.75,0,471453,Female,Phd,Sales,Dancing,Other-Relative,81300,0,2015-01-01,Multi-Vehicle Collision,Rear Collision,Major Damage,Other,Sc,Springfield,4671 5th Ridge,10,3,No,2,2,Yes,80740,7340,14680,58720,Toyota,Camry,2014,1,Toyota*Camry*2014,Springfield_Sc,471453,261315
10,26,582973,2008-06-11,IN,100/300,2000,765.64,0,466191,Male,Md,Sales,Base-Jumping,Not-In-Family,0,-22200,2015-02-16,Multi-Vehicle Collision,Front Collision,Major Damage,Ambulance,Sc,Northbrook,6985 Maple Lane,3,3,?,0,3,?,31350,2850,5700,22800,Honda,Accord,2001,1,Honda*Accord*2001,Northbrook_Sc,466191,582973
158,33,278091,2013-12-04,OH,100/300,2000,1327.41,0,440930,Female,Associate,Handlers-Cleaners,Skydiving,Other-Relative,0,-38600,2015-01-04,Single Vehicle Collision,Side Collision,Total Loss,Other,Sc,Hillsdale,7791 Britain Ridge,0,1,?,0,0,?,35000,3500,7000,24500,Suburu,Legacy,2012,0,Suburu*Legacy*2012,Hillsdale_Sc,440930,278091
436,59,153154,2010-08-21,OH,500/1000,1000,1338.55,0,430380,Male,Phd,Protective-Serv,Board-Games,Own-Child,39000,0,2015-01-12,Multi-Vehicle Collision,Side Collision,Total Loss,Police,Wv,Hillsdale,6355 4th Hwy,10,3,?,2,2,No,68000,13600,6800,47600,Toyota,Corolla,2014,0,Toyota*Corolla*2014,Hillsdale_Wv,430380,153154
91,30,515217,2010-06-18,IL,250/500,2000,1316.63,8000000,613178,Female,Masters,Machine-Op-Inspct,Golf,Unmarried,43900,0,2015-01-08,Multi-Vehicle Collision,Side Collision,Minor Damage,Other,Sc,Northbend,3495 Britain Drive,13,3,Yes,2,0,?,84500,13000,13000,58500,Bmw,X6,2009,0,Bmw*X6*2009,Northbend_Sc,613178,515217
256,42,860497,1992-04-10,IL,500/1000,1000,1286.44,0,460564,Female,Md,Transport-Moving,Bungie-Jumping,Wife,0,-39500,2015-01-22,Single Vehicle Collision,Rear Collision,Minor Damage,Police,Wv,Northbend,2980 Sky Ridge,14,1,No,2,1,?,75500,7550,15100,52850,Nissan,Ultima,1998,0,Nissan*Ultima*1998,Northbend_Wv,460564,860497
274,46,351741,1997-02-03,OH,500/1000,1000,1372.18,0,439929,Male,High School,Exec-Managerial,Bungie-Jumping,Not-In-Family,0,0,2015-01-13,Multi-Vehicle Collision,Side Collision,Total Loss,Other,Wv,Riverwood,5914 Oak Ave,22,3,No,1,3,?,90600,15100,15100,60400,Bmw,X5,2009,0,Bmw*X5*2009,Riverwood_Wv,439929,351741
275,45,403737,1991-12-06,IN,500/1000,2000,1447.77,0,605756,Female,Associate,Adm-Clerical,Camping,Wife,39400,-63900,2015-01-18,Multi-Vehicle Collision,Side Collision,Total Loss,Ambulance,Va,Northbend,3835 5th Ave,8,3,Yes,1,1,?,64320,5360,10720,48240,Accura,Mdx,1998,0,Accura*Mdx*1998,Northbend_Va,605756,403737
1,33,162004,1995-09-19,IL,250/500,500,903.32,0,451184,Female,High School,Transport-Moving,Yachting,Not-In-Family,0,0,2015-01-19,Multi-Vehicle Collision,Rear Collision,Minor Damage,Police,Ny,Northbend,5925 Tree Hwy,1,3,?,1,0,?,31700,6340,3170,22190,Toyota,Highlander,2006,0,Toyota*Highlander*2006,Northbend_Ny,451184,162004
85,30,740384,1993-10-29,IN,500/1000,1000,1454.42,0,459588,Male,Associate,Protective-Serv,Reading,Other-Relative,51600,-73900,2015-01-31,Single Vehicle Collision,Side Collision,Major Damage,Other,Ny,Springfield,6250 1st Ridge,19,1,Yes,0,1,Yes,74280,12380,12380,49520,Suburu,Forrestor,2006,1,Suburu*Forrestor*2006,Springfield_Ny,459588,740384
233,37,876714,1991-11-03,IL,100/300,2000,1603.42,0,616637,Female,High School,Sales,Video-Games,Wife,61600,-30200,2015-02-06,Single Vehicle Collision,Front Collision,Total Loss,Fire,Ny,Columbus,1346 5th Lane,17,1,Yes,0,2,Yes,80520,13420,6710,60390,Toyota,Corolla,2005,0,Toyota*Corolla*2005,Columbus_Ny,616637,876714
142,30,951543,2002-07-09,IN,250/500,2000,1616.58,0,447979,Male,Jd,Adm-Clerical,Polo,Husband,58500,-46800,2015-02-04,Multi-Vehicle Collision,Rear Collision,Major Damage,Other,Sc,Hillsdale,1128 Maple Lane,13,3,Yes,0,3,Yes,63600,6360,12720,44520,Dodge,Ram,2010,0,Dodge*Ram*2010,Hillsdale_Sc,447979,951543
266,44,576723,1999-12-07,IL,250/500,500,1611.83,0,460176,Male,High School,Handlers-Cleaners,Movies,Husband,0,0,2015-01-02,Single Vehicle Collision,Front Collision,Total Loss,Police,Wv,Riverwood,6309 Cherokee Ave,4,1,?,1,2,Yes,32800,3280,3280,26240,Bmw,3 Series,2012,0,Bmw*3 Series*2012,Riverwood_Wv,460176,576723
350,50,391003,2005-07-01,OH,500/1000,500,889.13,0,459429,Female,Masters,Priv-House-Serv,Board-Games,Other-Relative,0,0,2015-02-26,Multi-Vehicle Collision,Rear Collision,Total Loss,Police,Pa,Northbend,4618 Flute Ave,14,3,No,0,2,No,44190,9820,4910,29460,Audi,A3,2015,0,Audi*A3*2015,Northbend_Pa,459429,391003
97,26,225865,1991-11-04,IL,250/500,1000,1252.08,0,465456,Male,College,Exec-Managerial,Sleeping,Not-In-Family,0,0,2015-02-08,Multi-Vehicle Collision,Rear Collision,Major Damage,Other,Va,Springfield,6191 Oak Lane,4,2,Yes,2,2,No,50400,10080,5040,35280,Honda,Crv,2000,1,Honda*Crv*2000,Springfield_Va,465456,225865
399,55,984948,1993-04-14,IL,500/1000,2000,995.56,0,464665,Male,Jd,Tech-Support,Sleeping,Not-In-Family,0,-65400,2015-02-07,Multi-Vehicle Collision,Side Collision,Total Loss,Police,Ny,Northbend,1316 Britain Ridge,23,3,Yes,1,1,Yes,88400,17680,8840,61880,Nissan,Pathfinder,2010,0,Nissan*Pathfinder*2010,Northbend_Ny,464665,984948
305,49,890328,2009-08-23,IL,100/300,2000,1347.92,0,430853,Female,High School,Farming-Fishing,Bungie-Jumping,Own-Child,0,-42100,2015-02-17,Multi-Vehicle Collision,Front Collision,Total Loss,Fire,Ny,Hillsdale,5924 Maple Drive,21,3,Yes,0,2,?,66550,12100,6050,48400,Volkswagen,Jetta,2003,0,Volkswagen*Jetta*2003,Hillsdale_Ny,430853,890328
276,47,803294,1993-06-18,IN,100/300,1000,1724.09,0,615712,Male,Phd,Craft-Repair,Yachting,Own-Child,0,0,2015-01-12,Multi-Vehicle Collision,Rear Collision,Minor Damage,Police,Ny,Arlington,8917 Tree Ridge,23,3,Yes,0,0,?,65780,5980,11960,47840,Chevrolet,Tahoe,2014,0,Chevrolet*Tahoe*2014,Arlington_Ny,615712,803294
257,40,414913,2012-07-17,IN,250/500,500,1379.93,0,608228,Male,Md,Armed-Forces,Base-Jumping,Husband,0,0,2015-02-01,Multi-Vehicle Collision,Side Collision,Major Damage,Other,Ny,Columbus,3966 Francis Ridge,6,3,?,0,2,Yes,51810,9420,4710,37680,Audi,A3,2002,1,Audi*A3*2002,Columbus_Ny,608228,414913
78,31,414519,1999-01-25,IN,250/500,1000,1554.64,4000000,457535,Male,Phd,Protective-Serv,Board-Games,Own-Child,0,-27900,2015-02-03,Single Vehicle Collision,Front Collision,Major Damage,Other,Wv,Springfield,1507 Solo Ave,21,1,No,1,0,No,55660,5060,10120,40480,Honda,Crv,2009,1,Honda*Crv*2009,Springfield_Wv,457535,414519
129,28,818413,1990-02-23,OH,500/1000,1000,1377.94,0,442540,Male,Masters,Machine-Op-Inspct,Base-Jumping,Not-In-Family,0,0,2015-02-21,Single Vehicle Collision,Side Collision,Major Damage,Fire,Ny,Springfield,4272 Oak Ridge,23,1,?,2,3,?,44640,9920,4960,29760,Toyota,Camry,2005,0,Toyota*Camry*2005,Springfield_Ny,442540,818413
283,46,487356,2000-08-30,IL,500/1000,2000,1313.33,0,455332,Female,Phd,Transport-Moving,Reading,Husband,53500,-73600,2015-01-09,Multi-Vehicle Collision,Front Collision,Major Damage,Ambulance,Ny,Riverwood,4434 Lincoln Ave,3,3,?,1,3,No,77660,7060,14120,56480,Nissan,Maxima,2004,1,Nissan*Maxima*2004,Riverwood_Ny,455332,487356
85,25,159768,2008-09-03,IN,250/500,500,1259.02,0,439534,Female,Jd,Tech-Support,Base-Jumping,Unmarried,67000,-53600,2015-02-16,Parked Car,?,Trivial Damage,Nan,Sc,Northbend,7529 Solo Ridge,8,1,No,2,2,?,5640,940,940,3760,Nissan,Ultima,2005,0,Nissan*Ultima*2005,Northbend_Sc,439534,159768
101,26,865839,1991-08-02,IL,500/1000,1000,1371.88,0,462420,Female,Md,Prof-Specialty,Reading,Husband,0,0,2015-02-04,Parked Car,?,Trivial Damage,Nan,Va,Arlington,8096 Apache Hwy,4,1,?,2,2,?,3190,580,580,2030,Suburu,Legacy,1995,0,Suburu*Legacy*1995,Arlington_Va,462420,865839
96,30,406567,2001-09-25,OH,100/300,500,1399.27,6000000,448913,Male,College,Prof-Specialty,Hiking,Wife,38900,-48700,2015-02-24,Single Vehicle Collision,Side Collision,Total Loss,Fire,Nc,Arlington,9417 Tree Hwy,22,1,?,0,0,Yes,53440,0,6680,46760,Ford,Escape,2004,0,Ford*Escape*2004,Arlington_Nc,448913,406567
121,31,623032,2007-03-11,IL,500/1000,1000,1061.98,6000000,440837,Female,Jd,Armed-Forces,Camping,Unmarried,0,0,2015-02-01,Single Vehicle Collision,Rear Collision,Minor Damage,Police,Wv,Hillsdale,3809 Texas Lane,16,1,No,0,1,Yes,65250,7250,7250,50750,Bmw,3 Series,2002,0,Bmw*3 Series*2002,Hillsdale_Wv,440837,623032
176,39,935442,2010-11-20,OH,250/500,500,1365.46,4000000,466634,Male,College,Armed-Forces,Sleeping,Unmarried,0,-56600,2015-02-05,Multi-Vehicle Collision,Side Collision,Minor Damage,Fire,Sc,Columbus,1540 Apache Lane,14,3,No,2,1,No,44280,4920,4920,34440,Chevrolet,Silverado,2008,0,Chevrolet*Silverado*2008,Columbus_Sc,466634,935442
159,37,106873,1998-08-28,IL,500/1000,1000,894.4,0,446435,Male,Associate,Tech-Support,Camping,Wife,0,-53700,2015-01-07,Single Vehicle Collision,Rear Collision,Total Loss,Police,Ny,Springfield,2337 Lincoln Hwy,13,1,Yes,2,0,No,70290,7810,7810,54670,Dodge,Ram,1999,0,Dodge*Ram*1999,Springfield_Ny,446435,106873
120,30,563878,2002-07-16,IN,250/500,500,956.69,0,438237,Female,Associate,Priv-House-Serv,Movies,Husband,39600,-64300,2015-02-06,Single Vehicle Collision,Front Collision,Minor Damage,Other,Ny,Hillsdale,6770 1st St,20,1,?,1,1,Yes,87100,8710,8710,69680,Saab,92X,2000,0,Saab*92X*2000,Hillsdale_Ny,438237,563878
212,35,620855,1990-04-29,IN,500/1000,2000,1123.89,0,468313,Male,Md,Priv-House-Serv,Video-Games,Unmarried,35400,-49200,2015-01-21,Multi-Vehicle Collision,Front Collision,Total Loss,Fire,Ny,Columbus,4119 Texas St,0,3,?,1,3,?,50380,4580,4580,41220,Suburu,Forrestor,1996,0,Suburu*Forrestor*1996,Columbus_Ny,468313,620855
290,45,583169,1998-02-01,IL,100/300,500,1085.03,0,476303,Female,Jd,Sales,Cross-Fit,Wife,0,-61000,2015-03-01,Multi-Vehicle Collision,Side Collision,Total Loss,Police,Va,Arlington,4347 2nd Ridge,23,3,Yes,2,2,No,64800,12960,6480,45360,Audi,A3,2014,1,Audi*A3*2014,Arlington_Va,476303,583169
299,42,337677,2008-07-20,OH,100/300,2000,1437.33,0,450339,Female,Associate,Craft-Repair,Movies,Wife,25000,0,2015-02-24,Single Vehicle Collision,Rear Collision,Minor Damage,Other,Sc,Columbus,1091 1st Drive,13,1,Yes,1,3,No,70400,12800,12800,44800,Bmw,3 Series,2000,0,Bmw*3 Series*2000,Columbus_Sc,450339,337677
66,26,445973,1998-11-13,IL,250/500,1000,988.29,0,476502,Male,College,Armed-Forces,Skydiving,Own-Child,0,0,2015-02-02,Single Vehicle Collision,Rear Collision,Major Damage,Police,Ny,Northbend,8203 Lincoln Ave,8,1,?,2,2,Yes,57860,0,10520,47340,Suburu,Impreza,2008,1,Suburu*Impreza*2008,Northbend_Ny,476502,445973
334,47,156694,2001-05-24,IL,500/1000,500,1238.89,0,600561,Male,Masters,Protective-Serv,Sleeping,Other-Relative,0,0,2015-01-31,Vehicle Theft,?,Minor Damage,Nan,Wv,Northbend,9154 MLK Hwy,3,1,?,0,3,No,6240,960,960,4320,Ford,Fusion,2011,0,Ford*Fusion*2011,Northbend_Wv,600561,156694
216,38,421940,2014-06-03,IN,100/300,1000,1384.64,5000000,600754,Female,Associate,Tech-Support,Board-Games,Unmarried,0,0,2015-01-09,Single Vehicle Collision,Rear Collision,Total Loss,Police,Va,Columbus,5780 4th Ave,16,1,?,2,3,No,66600,16650,11100,38850,Jeep,Grand Cherokee,2012,1,Jeep*Grand Cherokee*2012,Columbus_Va,600754,421940
86,28,613226,1991-08-22,IN,100/300,2000,1595.07,0,439304,Male,Phd,Transport-Moving,Hiking,Unmarried,75800,0,2015-02-23,Single Vehicle Collision,Side Collision,Minor Damage,Police,Va,Hillsdale,6945 Texas Hwy,19,1,Yes,0,2,Yes,70920,11820,11820,47280,Jeep,Wrangler,2002,0,Jeep*Wrangler*2002,Hillsdale_Va,439304,613226
429,56,804410,1998-12-12,OH,250/500,1000,1127.89,6000000,460722,Male,Associate,Machine-Op-Inspct,Skydiving,Own-Child,67400,-43800,2015-01-28,Single Vehicle Collision,Rear Collision,Minor Damage,Ambulance,Wv,Springfield,5639 1st Ridge,0,1,Yes,2,0,Yes,39480,6580,6580,26320,Suburu,Forrestor,2002,0,Suburu*Forrestor*2002,Springfield_Wv,460722,804410
257,43,553565,1999-02-18,IN,500/1000,2000,929.7,6000000,618632,Female,Phd,Handlers-Cleaners,Base-Jumping,Husband,46400,-74300,2015-01-14,Single Vehicle Collision,Front Collision,Total Loss,Other,Va,Arlington,3834 Pine St,12,1,?,2,2,Yes,63240,10540,5270,47430,Mercedes,E400,2005,0,Mercedes*E400*2005,Arlington_Va,618632,553565
15,34,399524,1997-10-30,IL,100/300,1000,1829.63,0,452204,Male,Jd,Tech-Support,Cross-Fit,Not-In-Family,56700,0,2015-02-03,Multi-Vehicle Collision,Side Collision,Total Loss,Other,Sc,Arlington,1358 Maple St,21,3,Yes,1,0,?,67650,12300,6150,49200,Audi,A5,2009,0,Audi*A5*2009,Arlington_Sc,452204,399524
230,39,331595,1999-11-29,IL,100/300,1000,904.7,7000000,454530,Female,Md,Craft-Repair,Bungie-Jumping,Unmarried,68600,-22300,2015-02-17,Single Vehicle Collision,Front Collision,Major Damage,Fire,Sc,Riverwood,7460 Apache Lane,0,1,?,1,3,No,74200,14840,14840,44520,Accura,Tl,2002,1,Accura*Tl*2002,Riverwood_Sc,454530,331595
250,43,380067,2013-07-07,OH,500/1000,1000,1243.84,0,474848,Female,Jd,Tech-Support,Polo,Own-Child,47900,-73400,2015-01-30,Single Vehicle Collision,Side Collision,Minor Damage,Other,Va,Columbus,5771 Sky Ave,22,1,Yes,1,3,No,64900,12980,12980,38940,Volkswagen,Jetta,2011,0,Volkswagen*Jetta*2011,Columbus_Va,474848,380067
270,44,701521,2003-07-05,IL,500/1000,2000,1030.95,0,435985,Female,Associate,Machine-Op-Inspct,Paintball,Other-Relative,47200,0,2015-02-03,Multi-Vehicle Collision,Rear Collision,Major Damage,Ambulance,Nc,Northbend,2865 Maple Lane,20,3,?,1,0,No,35900,7180,3590,25130,Audi,A3,2007,1,Audi*A3*2007,Northbend_Nc,435985,701521
65,26,360770,2005-09-21,IN,100/300,500,1285.03,3000000,457942,Female,High School,Craft-Repair,Camping,Unmarried,0,-41500,2015-02-03,Single Vehicle Collision,Rear Collision,Minor Damage,Fire,Va,Riverwood,8940 Elm Ave,0,1,No,1,3,?,52200,5220,10440,36540,Honda,Crv,2011,0,Honda*Crv*2011,Riverwood_Va,457942,360770
475,57,958785,1995-02-18,OH,100/300,500,1216.56,0,436522,Male,Masters,Adm-Clerical,Skydiving,Own-Child,67400,-83200,2015-01-31,Single Vehicle Collision,Front Collision,Minor Damage,Police,Sc,Hillsdale,1215 Pine Hwy,20,1,?,0,2,No,78000,6500,13000,58500,Suburu,Forrestor,2000,0,Suburu*Forrestor*2000,Hillsdale_Sc,436522,958785
77,27,797934,1999-04-07,IN,500/1000,2000,966.26,0,471704,Female,High School,Adm-Clerical,Base-Jumping,Own-Child,56400,-32800,2015-02-06,Multi-Vehicle Collision,Front Collision,Minor Damage,Ambulance,Ny,Springfield,6874 Maple Ridge,1,3,Yes,0,0,?,67200,6720,6720,53760,Volkswagen,Passat,1995,0,Volkswagen*Passat*1995,Springfield_Ny,471704,797934
256,43,883980,2014-12-13,OH,100/300,500,1203.17,0,455810,Female,Md,Prof-Specialty,Golf,Unmarried,56700,-65600,2015-02-06,Single Vehicle Collision,Rear Collision,Total Loss,Fire,Wv,Hillsdale,8834 Elm Drive,11,1,No,0,0,?,63250,11500,5750,46000,Nissan,Ultima,1997,0,Nissan*Ultima*1997,Hillsdale_Wv,455810,883980
229,37,340614,1997-06-01,IL,250/500,2000,1212.12,0,446544,Female,Md,Craft-Repair,Paintball,Not-In-Family,65600,0,2015-01-29,Multi-Vehicle Collision,Side Collision,Major Damage,Other,Wv,Columbus,8542 Lincoln Ridge,14,3,Yes,1,1,Yes,68760,11460,5730,51570,Ford,Fusion,1995,0,Ford*Fusion*1995,Columbus_Wv,446544,340614
110,28,435784,2013-07-13,OH,250/500,1000,1573.93,0,461919,Male,College,Other-Service,Movies,Other-Relative,30400,0,2015-01-07,Multi-Vehicle Collision,Side Collision,Minor Damage,Police,Ny,Springfield,9397 Francis St,20,3,Yes,0,2,?,65040,10840,10840,43360,Suburu,Impreza,2010,0,Suburu*Impreza*2010,Springfield_Ny,461919,435784
177,33,563837,2002-12-30,IL,100/300,1000,1609.67,0,470128,Male,College,Adm-Clerical,Yachting,Wife,0,-13200,2015-01-20,Single Vehicle Collision,Side Collision,Major Damage,Ambulance,Sc,Springfield,4907 Andromedia Drive,22,1,?,1,3,?,82800,20700,13800,48300,Jeep,Grand Cherokee,2004,1,Jeep*Grand Cherokee*2004,Springfield_Sc,470128,563837
292,44,200827,1997-02-28,OH,500/1000,500,1097.57,0,462836,Male,Phd,Priv-House-Serv,Basketball,Unmarried,0,0,2015-02-28,Single Vehicle Collision,Side Collision,Total Loss,Other,Sc,Columbus,4429 Washington St,12,1,No,1,0,Yes,61700,6170,6170,49360,Saab,93,2005,0,Saab*93*2005,Columbus_Sc,462836,200827
451,61,533941,1998-06-18,IN,250/500,2000,1618.65,2000000,475407,Female,Associate,Transport-Moving,Polo,Unmarried,0,-42600,2015-02-04,Multi-Vehicle Collision,Rear Collision,Major Damage,Ambulance,Oh,Columbus,2651 MLK Lane,3,3,Yes,2,1,Yes,78100,15620,7810,54670,Chevrolet,Tahoe,1997,1,Chevrolet*Tahoe*1997,Columbus_Oh,475407,533941
61,24,265026,1996-02-08,IN,100/300,500,922.67,0,473611,Female,College,Priv-House-Serv,Paintball,Other-Relative,47400,0,2015-01-12,Multi-Vehicle Collision,Rear Collision,Major Damage,Ambulance,Sc,Northbend,2942 1st Lane,15,3,Yes,2,1,?,65520,9360,9360,46800,Toyota,Highlander,2011,1,Toyota*Highlander*2011,Northbend_Sc,473611,265026
150,30,354481,2004-11-17,IN,100/300,1000,1342.02,0,608425,Male,Md,Prof-Specialty,Polo,Own-Child,0,0,2015-02-28,Parked Car,?,Trivial Damage,Nan,Va,Arlington,6317 Best St,8,1,Yes,0,2,No,4500,450,450,3600,Saab,93,1999,0,Saab*93*1999,Arlington_Va,608425,354481
283,41,566720,2012-10-25,OH,100/300,500,1195.01,0,476227,Female,Associate,Sales,Reading,Own-Child,60700,-54300,2015-01-08,Multi-Vehicle Collision,Side Collision,Major Damage,Other,Wv,Northbend,1555 Washington Lane,13,3,No,0,2,?,42700,0,6100,36600,Mercedes,Ml350,2011,1,Mercedes*Ml350*2011,Northbend_Wv,476227,566720
291,46,832746,2006-04-13,OH,500/1000,1000,994.74,0,452701,Female,High School,Adm-Clerical,Polo,Own-Child,0,-55300,2015-01-25,Parked Car,?,Minor Damage,Police,Sc,Hillsdale,1919 4th Lane,8,1,No,2,2,Yes,5580,620,620,4340,Volkswagen,Passat,2005,1,Volkswagen*Passat*2005,Hillsdale_Sc,452701,832746
162,31,386690,2006-02-21,IN,100/300,1000,1050.24,0,456789,Female,Masters,Adm-Clerical,Chess,Wife,30700,0,2015-02-26,Parked Car,?,Minor Damage,Nan,Nc,Arlington,5480 3rd Ridge,7,1,?,0,0,No,3600,360,720,2520,Bmw,X5,2013,1,Bmw*X5*2013,Arlington_Nc,456789,386690
154,36,979285,2003-12-17,IL,250/500,2000,1313.51,7000000,600904,Female,Masters,Exec-Managerial,Dancing,Own-Child,68500,0,2015-02-03,Vehicle Theft,?,Trivial Damage,Nan,Sc,Northbrook,8864 Tree Ridge,9,1,?,2,0,?,2800,280,280,2240,Volkswagen,Passat,2015,0,Volkswagen*Passat*2015,Northbrook_Sc,600904,979285
289,47,594722,1999-07-31,OH,500/1000,2000,1102.29,0,450889,Female,Associate,Adm-Clerical,Hiking,Own-Child,73000,-37900,2015-01-31,Single Vehicle Collision,Front Collision,Minor Damage,Ambulance,Va,Northbend,2777 Solo Drive,15,1,No,1,0,Yes,54000,6000,6000,42000,Toyota,Highlander,1996,0,Toyota*Highlander*1996,Northbend_Va,450889,594722
10,19,216738,2014-08-05,IN,250/500,1000,1185.78,0,478837,Female,Jd,Craft-Repair,Yachting,Wife,0,-60700,2015-02-01,Single Vehicle Collision,Side Collision,Minor Damage,Police,Nc,Northbend,9929 Rock Drive,5,1,?,0,2,?,48950,4450,8900,35600,Accura,Tl,2011,1,Accura*Tl*2011,Northbend_Nc,478837,216738
309,47,369048,2011-06-05,IL,500/1000,500,1527.95,0,611322,Male,Phd,Exec-Managerial,Hiking,Other-Relative,69400,0,2015-02-21,Multi-Vehicle Collision,Rear Collision,Major Damage,Other,Wv,Northbend,4143 Maple Ridge,15,4,Yes,0,1,?,77800,15560,15560,46680,Dodge,Ram,2002,0,Dodge*Ram*2002,Northbend_Wv,611322,369048
396,57,514424,1992-10-11,IN,100/300,1000,1366.39,0,438180,Male,High School,Protective-Serv,Exercise,Other-Relative,0,-22400,2015-01-30,Multi-Vehicle Collision,Front Collision,Major Damage,Other,Nc,Columbus,7121 Rock St,22,3,Yes,2,1,No,52560,11680,5840,35040,Saab,93,1995,0,Saab*93*1995,Columbus_Nc,438180,514424
273,41,954191,2010-02-17,OH,500/1000,1000,1403.9,0,449793,Female,Phd,Farming-Fishing,Dancing,Own-Child,0,0,2015-01-31,Multi-Vehicle Collision,Side Collision,Total Loss,Police,Va,Riverwood,9067 Texas Ave,16,2,?,1,2,Yes,44110,4010,8020,32080,Honda,Accord,2015,0,Honda*Accord*2015,Riverwood_Va,449793,954191
129,30,150181,2007-05-06,IL,500/1000,2000,927.23,0,450730,Female,Phd,Sales,Video-Games,Husband,51500,0,2015-01-13,Single Vehicle Collision,Front Collision,Total Loss,Other,Sc,Hillsdale,9245 Weaver Ridge,7,1,No,1,3,?,74360,13520,6760,54080,Suburu,Forrestor,2009,0,Suburu*Forrestor*2009,Hillsdale_Sc,450730,150181
140,31,388671,1997-05-01,OH,250/500,2000,1554.86,6000000,608758,Female,Jd,Armed-Forces,Base-Jumping,Wife,59000,0,2015-02-16,Parked Car,?,Minor Damage,Nan,Wv,Arlington,4585 Francis Ave,2,1,Yes,1,2,?,6120,680,680,4760,Honda,Civic,2002,1,Honda*Civic*2002,Arlington_Wv,608758,388671
419,53,457244,1998-01-28,IL,500/1000,2000,736.07,6000000,445339,Male,College,Transport-Moving,Chess,Unmarried,45700,0,2015-02-04,Multi-Vehicle Collision,Side Collision,Minor Damage,Police,Sc,Northbend,6738 Francis Hwy,17,4,?,0,0,Yes,62280,5190,10380,46710,Suburu,Forrestor,2012,0,Suburu*Forrestor*2012,Northbend_Sc,445339,457244
315,44,206667,1993-05-05,IL,250/500,1000,974.16,6000000,438328,Female,Masters,Sales,Reading,Other-Relative,0,-56800,2015-02-07,Multi-Vehicle Collision,Front Collision,Total Loss,Other,Ny,Springfield,7576 Pine Ridge,12,3,?,1,0,Yes,26730,4860,4860,17010,Volkswagen,Jetta,2006,0,Volkswagen*Jetta*2006,Springfield_Ny,438328,206667
72,29,745200,1994-08-06,OH,500/1000,500,973.8,0,479913,Female,Associate,Craft-Repair,Exercise,Own-Child,0,-85900,2015-01-16,Single Vehicle Collision,Rear Collision,Major Damage,Ambulance,Wv,Arlington,9105 Tree Lane,9,1,?,1,0,No,66200,6620,6620,52960,Dodge,Neon,2013,0,Dodge*Neon*2013,Arlington_Wv,479913,745200
32,26,412703,2014-11-14,OH,100/300,2000,1260.32,6000000,460760,Male,Jd,Other-Service,Polo,Not-In-Family,0,-79800,2015-02-28,Single Vehicle Collision,Side Collision,Total Loss,Fire,Va,Northbrook,2299 Britain Drive,16,1,?,1,2,?,45500,9100,4550,31850,Toyota,Corolla,2009,0,Toyota*Corolla*2009,Northbrook_Va,460760,412703
230,41,736771,1991-12-14,IN,100/300,1000,1464.03,0,444797,Male,Jd,Transport-Moving,Sleeping,Own-Child,0,0,2015-02-08,Multi-Vehicle Collision,Side Collision,Minor Damage,Ambulance,Ny,Springfield,1914 Francis St,19,3,?,2,0,?,53040,4420,4420,44200,Audi,A3,2006,0,Audi*A3*2006,Springfield_Ny,444797,736771
157,32,347984,2009-10-21,OH,100/300,2000,617.11,0,436711,Male,College,Other-Service,Reading,Other-Relative,0,-54100,2015-01-02,Multi-Vehicle Collision,Front Collision,Major Damage,Other,Va,Columbus,6658 Weaver St,14,3,?,1,2,No,50800,10160,5080,35560,Mercedes,E400,2013,1,Mercedes*E400*2013,Columbus_Va,436711,347984
265,41,626074,1997-09-29,IN,250/500,2000,1724.46,6000000,432491,Female,Associate,Craft-Repair,Sleeping,Own-Child,81800,0,2015-01-13,Multi-Vehicle Collision,Side Collision,Total Loss,Police,Sc,Northbend,1985 5th Ave,18,3,?,1,3,?,44200,4420,4420,35360,Audi,A5,2014,0,Audi*A5*2014,Northbend_Sc,432491,626074
47,34,218109,2003-12-31,IL,500/1000,500,1161.31,0,617527,Female,Phd,Exec-Managerial,Base-Jumping,Other-Relative,64800,-24300,2015-01-07,Single Vehicle Collision,Front Collision,Minor Damage,Police,Sc,Springfield,1707 Sky Ave,23,1,Yes,1,3,?,62920,11440,5720,45760,Chevrolet,Malibu,2012,0,Chevrolet*Malibu*2012,Springfield_Sc,617527,218109
113,29,999435,2008-01-01,OH,250/500,2000,1091.73,0,601213,Male,Phd,Exec-Managerial,Golf,Not-In-Family,36100,-42300,2015-01-05,Multi-Vehicle Collision,Rear Collision,Minor Damage,Other,Ny,Springfield,6456 Andromedia Drive,15,3,?,0,2,Yes,49950,5550,5550,38850,Nissan,Ultima,2004,1,Nissan*Ultima*2004,Springfield_Ny,601213,999435
289,46,858060,2004-05-31,IL,250/500,2000,1209.07,0,604138,Male,Jd,Armed-Forces,Chess,Unmarried,0,0,2015-02-28,Single Vehicle Collision,Rear Collision,Minor Damage,Ambulance,Nc,Arlington,5649 Texas Ave,18,1,Yes,0,1,Yes,56430,6270,6270,43890,Bmw,3 Series,1995,1,Bmw*3 Series*1995,Arlington_Nc,604138,858060
254,41,500384,2013-12-18,IL,250/500,2000,1241.04,0,431361,Female,Masters,Protective-Serv,Board-Games,Own-Child,0,0,2015-01-04,Single Vehicle Collision,Front Collision,Minor Damage,Police,Ny,Riverwood,1220 MLK Ave,16,1,No,2,2,Yes,100210,18220,18220,63770,Audi,A5,2014,0,Audi*A5*2014,Riverwood_Ny,431361,500384
115,30,903785,2000-08-24,OH,500/1000,500,1757.21,0,477695,Male,High School,Prof-Specialty,Base-Jumping,Wife,46400,0,2015-02-02,Multi-Vehicle Collision,Front Collision,Minor Damage,Fire,Ny,Northbend,1589 Pine St,12,3,No,1,0,Yes,49140,5460,5460,38220,Ford,F150,2007,0,Ford*F150*2007,Northbend_Ny,477695,903785
236,38,873859,1992-10-14,OH,250/500,1000,802.24,0,612597,Female,College,Other-Service,Paintball,Not-In-Family,0,-62500,2015-02-23,Single Vehicle Collision,Side Collision,Major Damage,Ambulance,Wv,Northbrook,8906 Elm Lane,16,1,No,0,1,?,66840,16710,5570,44560,Mercedes,E400,2014,0,Mercedes*E400*2014,Northbrook_Wv,612597,873859
7,21,204294,1991-11-16,IN,500/1000,1000,1342.72,0,445638,Male,Associate,Machine-Op-Inspct,Camping,Wife,0,-45300,2015-02-10,Single Vehicle Collision,Front Collision,Total Loss,Other,Ny,Hillsdale,2654 Elm Drive,21,1,?,1,2,?,62460,6940,6940,48580,Honda,Accord,2003,0,Honda*Accord*2003,Hillsdale_Ny,445638,204294
208,36,467106,1995-10-08,OH,100/300,2000,1209.41,5000000,476185,Male,Jd,Machine-Op-Inspct,Base-Jumping,Wife,0,0,2015-02-16,Multi-Vehicle Collision,Side Collision,Total Loss,Other,Ny,Columbus,6681 Texas Ridge,15,3,Yes,0,1,?,62810,11420,11420,39970,Nissan,Ultima,1999,0,Nissan*Ultima*1999,Columbus_Ny,476185,467106
126,33,357713,2007-10-28,OH,500/1000,1000,1141.71,2000000,435995,Female,Jd,Priv-House-Serv,Sleeping,Own-Child,36700,-73400,2015-01-04,Single Vehicle Collision,Front Collision,Major Damage,Ambulance,Wv,Northbrook,7782 Rock St,21,1,Yes,1,2,?,54160,6770,6770,40620,Suburu,Legacy,2009,0,Suburu*Legacy*2009,Northbrook_Wv,435995,357713
48,35,890026,2008-05-16,IL,100/300,500,1090.03,0,430232,Female,Jd,Exec-Managerial,Golf,Unmarried,0,-51000,2015-01-30,Single Vehicle Collision,Rear Collision,Major Damage,Ambulance,Wv,Arlington,9286 Oak Ave,1,1,Yes,0,2,No,48400,9680,4840,33880,Saab,92X,2005,0,Saab*92X*2005,Arlington_Wv,430232,890026
297,48,751612,2009-06-22,IN,250/500,1000,1464.73,3000000,443861,Male,Phd,Exec-Managerial,Golf,Other-Relative,54900,-36700,2015-01-25,Multi-Vehicle Collision,Side Collision,Total Loss,Fire,Ny,Arlington,8758 5th St,17,3,?,0,0,No,51480,5720,5720,40040,Toyota,Highlander,2013,0,Toyota*Highlander*2013,Arlington_Ny,443861,751612
160,36,876680,2012-05-10,OH,100/300,1000,1118.58,0,460801,Female,High School,Prof-Specialty,Board-Games,Husband,0,-36600,2015-01-22,Multi-Vehicle Collision,Rear Collision,Total Loss,Fire,Ny,Columbus,7281 Maple Hwy,5,3,No,2,1,No,51700,5170,10340,36190,Saab,95,2003,0,Saab*95*2003,Columbus_Ny,460801,876680
406,58,756981,2003-10-02,OH,250/500,2000,1117.04,0,605121,Male,Md,Exec-Managerial,Video-Games,Own-Child,0,-42700,2015-01-01,Multi-Vehicle Collision,Front Collision,Total Loss,Other,Wv,Northbend,7571 Elm Ridge,15,3,?,1,2,?,65520,10920,5460,49140,Volkswagen,Jetta,2009,0,Volkswagen*Jetta*2009,Northbend_Wv,605121,756981
157,31,121439,1990-08-02,IN,500/1000,500,1257.83,7000000,458622,Male,High School,Farming-Fishing,Reading,Own-Child,40700,-41600,2015-02-14,Multi-Vehicle Collision,Rear Collision,Major Damage,Other,Oh,Arlington,6738 Washington Hwy,2,4,No,2,2,No,47700,4770,9540,33390,Accura,Tl,2011,1,Accura*Tl*2011,Arlington_Oh,458622,121439
146,31,411289,1997-09-16,OH,250/500,2000,1082.72,0,478661,Female,Phd,Machine-Op-Inspct,Video-Games,Not-In-Family,61400,-57500,2015-01-15,Vehicle Theft,?,Minor Damage,Nan,Sc,Northbend,4188 Britain Ave,3,1,Yes,2,0,No,5220,580,580,4060,Accura,Mdx,2015,0,Accura*Mdx*2015,Northbend_Sc,478661,411289
409,57,538466,1995-07-29,IN,100/300,1000,1191.8,6000000,435299,Male,High School,Protective-Serv,Exercise,Unmarried,55600,0,2015-01-06,Single Vehicle Collision,Side Collision,Major Damage,Other,Ny,Riverwood,6934 Lincoln Ave,19,1,No,1,0,?,73320,6110,12220,54990,Ford,Fusion,2012,0,Ford*Fusion*2012,Riverwood_Ny,435299,538466
252,46,932097,2005-09-06,IN,100/300,1000,1242.02,0,601961,Male,Masters,Adm-Clerical,Dancing,Wife,0,-28800,2015-02-08,Single Vehicle Collision,Front Collision,Minor Damage,Fire,Va,Hillsdale,6390 Apache St,17,1,Yes,0,2,Yes,74900,14980,7490,52430,Jeep,Grand Cherokee,2003,0,Jeep*Grand Cherokee*2003,Hillsdale_Va,601961,932097
6,27,463727,1992-08-05,OH,250/500,500,1075.71,0,604328,Female,High School,Prof-Specialty,Dancing,Unmarried,0,-47400,2015-02-17,Vehicle Theft,?,Trivial Damage,Police,Wv,Columbus,7615 Weaver Drive,7,1,?,0,1,Yes,3190,580,290,2320,Saab,95,2015,0,Saab*95*2015,Columbus_Wv,604328,463727
103,33,552618,1993-01-22,IN,100/300,1000,969.88,6000000,614385,Male,Md,Armed-Forces,Exercise,Own-Child,0,0,2015-01-21,Single Vehicle Collision,Rear Collision,Minor Damage,Ambulance,Ny,Columbus,6409 Cherokee Drive,21,1,No,1,0,Yes,76920,12820,6410,57690,Chevrolet,Malibu,2002,0,Chevrolet*Malibu*2002,Columbus_Ny,614385,552618
369,53,936638,1995-05-20,OH,250/500,2000,1459.93,0,438584,Female,Masters,Priv-House-Serv,Video-Games,Not-In-Family,0,0,2015-02-09,Multi-Vehicle Collision,Front Collision,Total Loss,Police,Wv,Springfield,1123 5th Lane,10,2,Yes,1,3,No,77990,7090,14180,56720,Jeep,Wrangler,2012,0,Jeep*Wrangler*2012,Springfield_Wv,438584,936638
261,46,348814,1992-09-24,IL,500/1000,1000,1245.61,0,478703,Male,Md,Transport-Moving,Base-Jumping,Own-Child,0,0,2015-02-12,Single Vehicle Collision,Front Collision,Total Loss,Fire,Ny,Columbus,5168 5th Ave,11,1,Yes,1,0,?,59670,9180,9180,41310,Ford,Escape,2008,0,Ford*Escape*2008,Columbus_Ny,478703,348814
159,33,944102,2007-07-20,IN,100/300,2000,1462.76,0,615683,Female,College,Craft-Repair,Skydiving,Husband,69200,-36900,2015-02-24,Multi-Vehicle Collision,Rear Collision,Major Damage,Ambulance,Ny,Columbus,3697 Apache Drive,23,3,Yes,2,0,No,44880,8160,4080,32640,Mercedes,C300,2004,1,Mercedes*C300*2004,Columbus_Ny,615683,944102
344,51,689901,1992-04-28,IN,100/300,2000,1398.46,0,455672,Male,Associate,Sales,Skydiving,Other-Relative,0,0,2015-02-02,Single Vehicle Collision,Side Collision,Minor Damage,Ambulance,Nc,Northbend,1910 Sky Ave,14,1,?,0,2,No,82830,7530,15060,60240,Audi,A5,2004,0,Audi*A5*2004,Northbend_Nc,455672,689901
437,60,901083,1998-01-19,OH,500/1000,1000,1269.64,0,602942,Female,College,Armed-Forces,Cross-Fit,Unmarried,48800,0,2015-02-14,Single Vehicle Collision,Front Collision,Minor Damage,Other,Sc,Riverwood,8954 Apache Lane,10,1,No,1,3,No,84480,7680,15360,61440,Chevrolet,Silverado,2012,1,Chevrolet*Silverado*2012,Riverwood_Sc,602942,901083
65,30,396224,2009-09-08,IN,100/300,500,1455.65,4000000,616706,Female,College,Transport-Moving,Skydiving,Wife,0,-66300,2015-02-15,Multi-Vehicle Collision,Side Collision,Total Loss,Fire,Wv,Hillsdale,3110 Lincoln Lane,6,3,?,2,3,No,79800,15960,7980,55860,Honda,Civic,1999,0,Honda*Civic*1999,Hillsdale_Wv,616706,396224
280,41,682178,1994-12-18,OH,500/1000,2000,1140.31,0,473243,Male,Md,Adm-Clerical,Exercise,Husband,29300,-64700,2015-02-28,Multi-Vehicle Collision,Rear Collision,Minor Damage,Police,Wv,Arlington,6035 Rock Ave,10,3,?,0,3,Yes,53020,9640,9640,33740,Toyota,Corolla,1999,0,Toyota*Corolla*1999,Arlington_Wv,473243,682178
269,45,596298,1996-08-23,IN,500/1000,500,1330.46,0,435552,Female,High School,Machine-Op-Inspct,Sleeping,Wife,54800,-64100,2015-01-18,Multi-Vehicle Collision,Side Collision,Total Loss,Police,Va,Hillsdale,2220 1st Lane,5,3,?,0,0,No,24200,2200,4400,17600,Suburu,Forrestor,2008,0,Suburu*Forrestor*2008,Hillsdale_Va,435552,596298
275,40,253005,1991-11-20,OH,250/500,2000,1190.6,0,434206,Male,Masters,Exec-Managerial,Camping,Unmarried,0,-45300,2015-01-06,Single Vehicle Collision,Rear Collision,Minor Damage,Fire,Oh,Riverwood,4972 Francis Lane,17,1,?,1,3,Yes,43230,7860,7860,27510,Chevrolet,Silverado,2001,0,Chevrolet*Silverado*2001,Riverwood_Oh,434206,253005
265,45,985924,1998-10-28,OH,250/500,500,972.5,0,469895,Female,College,Exec-Managerial,Cross-Fit,Unmarried,0,0,2015-01-19,Vehicle Theft,?,Trivial Damage,Nan,Nc,Springfield,6957 Weaver Drive,3,1,No,2,3,No,3190,290,580,2320,Ford,Escape,1995,0,Ford*Escape*1995,Springfield_Nc,469895,985924
283,43,631565,1997-07-14,IN,100/300,2000,1161.91,0,457722,Female,Associate,Adm-Clerical,Polo,Not-In-Family,0,-50400,2015-01-17,Parked Car,?,Minor Damage,Nan,Wv,Northbrook,1512 Rock Lane,9,1,?,0,3,No,5850,1300,650,3900,Bmw,M5,2006,0,Bmw*M5*2006,Northbrook_Wv,457722,631565
84,29,630998,2003-04-09,OH,250/500,1000,1117.17,0,473645,Female,High School,Machine-Op-Inspct,Video-Games,Not-In-Family,0,-29900,2015-02-12,Parked Car,?,Trivial Damage,Police,Sc,Arlington,3693 Pine Ave,6,1,Yes,2,0,Yes,6820,620,1240,4960,Bmw,3 Series,2005,0,Bmw*3 Series*2005,Arlington_Sc,473645,630998
247,44,926665,1992-02-04,OH,250/500,2000,1101.51,0,619108,Female,College,Farming-Fishing,Camping,Not-In-Family,64000,0,2015-02-11,Multi-Vehicle Collision,Front Collision,Minor Damage,Fire,Ny,Riverwood,9879 Apache Drive,22,3,No,2,2,No,69480,11580,11580,46320,Chevrolet,Tahoe,2008,0,Chevrolet*Tahoe*2008,Riverwood_Ny,619108,926665
56,29,302669,2006-06-29,IL,100/300,1000,1523.17,0,610479,Male,Masters,Prof-Specialty,Movies,Own-Child,0,0,2015-02-21,Multi-Vehicle Collision,Front Collision,Major Damage,Fire,Pa,Northbend,2494 Andromedia Drive,10,3,?,1,2,Yes,94560,7880,15760,70920,Jeep,Grand Cherokee,1995,0,Jeep*Grand Cherokee*1995,Northbend_Pa,610479,302669
210,39,620020,1997-06-21,OH,500/1000,1000,984.45,0,474998,Male,Associate,Armed-Forces,Paintball,Unmarried,0,0,2015-01-02,Vehicle Theft,?,Minor Damage,Nan,Nc,Riverwood,4615 Embaracadero Ave,4,1,Yes,1,2,?,7800,780,780,6240,Dodge,Ram,1997,0,Dodge*Ram*1997,Riverwood_Nc,474998,620020
108,32,439828,2006-09-07,OH,500/1000,2000,1257.0,4000000,616341,Female,High School,Machine-Op-Inspct,Basketball,Unmarried,63900,-43700,2015-01-11,Single Vehicle Collision,Front Collision,Total Loss,Other,Wv,Northbrook,1929 Britain Drive,23,1,No,1,3,No,61270,5570,11140,44560,Suburu,Legacy,1999,0,Suburu*Legacy*1999,Northbrook_Wv,616341,439828
328,49,971295,2001-10-01,OH,500/1000,500,1434.51,0,460535,Female,Masters,Transport-Moving,Bungie-Jumping,Wife,0,0,2015-02-23,Single Vehicle Collision,Rear Collision,Total Loss,Police,Ny,Riverwood,5051 Elm St,19,1,?,0,2,Yes,71440,8930,8930,53580,Mercedes,Ml350,2005,0,Mercedes*Ml350*2005,Riverwood_Ny,460535,971295
186,37,165565,2009-02-20,OH,250/500,2000,1628.0,0,606487,Female,Jd,Priv-House-Serv,Exercise,Unmarried,0,0,2015-01-28,Single Vehicle Collision,Rear Collision,Total Loss,Ambulance,Ny,Hillsdale,9910 Maple Ave,22,1,Yes,1,2,Yes,55600,11120,5560,38920,Jeep,Grand Cherokee,2009,0,Jeep*Grand Cherokee*2009,Hillsdale_Ny,606487,165565
277,44,936543,2001-06-26,IN,500/1000,500,1412.31,0,620737,Male,High School,Priv-House-Serv,Board-Games,Unmarried,0,0,2015-02-01,Vehicle Theft,?,Trivial Damage,Police,Nc,Riverwood,5602 Britain St,6,1,No,1,3,No,5000,1000,500,3500,Jeep,Wrangler,2005,0,Jeep*Wrangler*2005,Riverwood_Nc,620737,936543
138,33,296960,1997-01-18,IL,250/500,500,1362.87,5000000,445904,Female,Jd,Exec-Managerial,Paintball,Own-Child,56900,-56900,2015-02-24,Single Vehicle Collision,Side Collision,Minor Damage,Other,Ny,Springfield,6889 Cherokee St,6,1,No,2,0,?,95810,14740,14740,66330,Bmw,X5,2007,0,Bmw*X5*2007,Springfield_Ny,445904,296960
208,41,501692,2014-06-24,IN,100/300,1000,1134.68,0,464145,Female,College,Tech-Support,Chess,Husband,0,0,2015-01-20,Single Vehicle Collision,Rear Collision,Major Damage,Ambulance,Sc,Northbend,3926 Rock Lane,18,1,No,2,2,?,69300,6930,13860,48510,Volkswagen,Jetta,1996,0,Volkswagen*Jetta*1996,Northbend_Sc,464145,501692
147,37,525224,1992-10-02,IN,250/500,1000,1306.78,0,466818,Male,Md,Prof-Specialty,Video-Games,Other-Relative,0,0,2015-01-14,Single Vehicle Collision,Front Collision,Total Loss,Ambulance,Sc,Northbend,6717 Best Drive,22,1,?,1,0,No,81120,13520,20280,47320,Toyota,Camry,1995,0,Toyota*Camry*1995,Northbend_Sc,466818,525224
8,21,355085,2012-10-09,IN,500/1000,500,1021.9,0,464237,Male,High School,Handlers-Cleaners,Hiking,Husband,0,0,2015-02-05,Single Vehicle Collision,Front Collision,Major Damage,Other,Wv,Columbus,6117 4th Ave,21,1,?,0,0,?,91260,14040,14040,63180,Toyota,Corolla,2012,0,Toyota*Corolla*2012,Columbus_Wv,464237,355085
297,48,830729,1993-02-10,IN,100/300,1000,1538.6,0,618455,Female,Md,Other-Service,Kayaking,Wife,0,-54700,2015-01-11,Single Vehicle Collision,Side Collision,Minor Damage,Fire,Sc,Northbend,2668 Cherokee St,12,1,?,0,0,?,60600,6060,12120,42420,Ford,Fusion,2004,0,Ford*Fusion*2004,Northbend_Sc,618455,830729
150,31,651948,1994-09-28,IN,500/1000,1000,1354.5,0,456602,Male,Masters,Machine-Op-Inspct,Base-Jumping,Husband,52800,0,2015-01-02,Multi-Vehicle Collision,Front Collision,Major Damage,Ambulance,Ny,Arlington,6838 Flute Lane,6,3,?,0,3,Yes,64800,6480,12960,45360,Suburu,Forrestor,2000,1,Suburu*Forrestor*2000,Arlington_Ny,456602,651948
4,34,424358,2003-05-24,OH,500/1000,500,1282.93,0,616126,Female,College,Exec-Managerial,Basketball,Other-Relative,0,0,2015-02-12,Multi-Vehicle Collision,Side Collision,Major Damage,Police,Wv,Northbrook,6583 MLK Ridge,0,4,?,0,0,?,66880,6080,12160,48640,Chevrolet,Silverado,1996,1,Chevrolet*Silverado*1996,Northbrook_Wv,616126,424358
210,35,131478,1991-12-25,IL,500/1000,1000,1346.27,0,468508,Male,Masters,Farming-Fishing,Cross-Fit,Not-In-Family,44900,-91400,2015-01-03,Single Vehicle Collision,Front Collision,Total Loss,Ambulance,Wv,Arlington,6492 4th Lane,11,1,No,0,2,?,58200,5820,5820,46560,Bmw,X5,2013,0,Bmw*X5*2013,Arlington_Wv,468508,131478
91,31,268833,1999-09-18,IN,100/300,1000,1338.4,4000000,431937,Female,High School,Priv-House-Serv,Polo,Own-Child,63600,0,2015-02-25,Single Vehicle Collision,Side Collision,Minor Damage,Police,Nc,Hillsdale,7299 Apache St,19,1,?,1,0,No,60570,6730,6730,47110,Nissan,Maxima,2011,0,Nissan*Maxima*2011,Hillsdale_Nc,431937,268833
167,36,287489,1994-02-03,IL,100/300,1000,949.44,0,448603,Female,Masters,Exec-Managerial,Camping,Other-Relative,0,-38400,2015-01-19,Multi-Vehicle Collision,Rear Collision,Major Damage,Ambulance,Nc,Springfield,2756 Britain Hwy,22,3,?,0,0,No,69680,8710,8710,52260,Mercedes,Ml350,2008,1,Mercedes*Ml350*2008,Springfield_Nc,448603,287489
467,58,808153,2003-01-18,IN,500/1000,2000,977.4,0,444500,Male,Masters,Transport-Moving,Bungie-Jumping,Own-Child,82200,0,2015-01-03,Single Vehicle Collision,Front Collision,Total Loss,Fire,Ny,Columbus,9360 3rd Drive,2,1,Yes,2,3,No,55700,5570,11140,38990,Nissan,Maxima,2014,0,Nissan*Maxima*2014,Columbus_Ny,444500,808153
264,47,687639,2005-03-07,IN,250/500,2000,1181.46,10000000,601117,Female,Jd,Transport-Moving,Sleeping,Other-Relative,0,-67400,2015-02-12,Multi-Vehicle Collision,Front Collision,Total Loss,Ambulance,Oh,Arlington,1655 Francis Hwy,16,4,Yes,1,2,Yes,62370,5670,5670,51030,Dodge,Neon,2001,0,Dodge*Neon*2001,Arlington_Oh,601117,687639
270,45,497347,2003-08-23,OH,500/1000,500,1187.53,0,615383,Female,Phd,Priv-House-Serv,Yachting,Not-In-Family,83200,-53300,2015-02-24,Multi-Vehicle Collision,Side Collision,Total Loss,Other,Va,Columbus,9720 Lincoln Hwy,23,3,?,0,0,Yes,54340,9880,0,44460,Saab,92X,2005,0,Saab*92X*2005,Columbus_Va,615383,497347
310,48,439660,2002-07-11,OH,100/300,1000,845.16,0,434342,Female,Masters,Priv-House-Serv,Base-Jumping,Other-Relative,0,0,2015-02-25,Single Vehicle Collision,Front Collision,Major Damage,Police,Nc,Northbend,7066 Texas Ave,21,1,Yes,1,0,No,55170,6130,6130,42910,Audi,A5,2005,1,Audi*A5*2005,Northbend_Nc,434342,439660
143,34,847123,2014-03-19,IL,100/300,500,1442.27,0,435100,Male,College,Priv-House-Serv,Exercise,Wife,67900,0,2015-02-17,Single Vehicle Collision,Front Collision,Minor Damage,Other,Ny,Columbus,9728 Britain Hwy,10,1,?,2,3,Yes,58500,11700,5850,40950,Dodge,Ram,1999,0,Dodge*Ram*1999,Columbus_Ny,435100,847123
146,32,172307,1993-12-06,OH,100/300,2000,1276.43,0,431278,Male,Associate,Priv-House-Serv,Skydiving,Own-Child,0,0,2015-02-09,Single Vehicle Collision,Rear Collision,Major Damage,Fire,Nc,Riverwood,4486 Cherokee Ridge,12,1,?,0,3,?,59940,6660,6660,46620,Honda,Crv,1995,0,Honda*Crv*1995,Riverwood_Nc,431278,172307
102,28,810189,1999-08-29,OH,250/500,500,1075.41,0,445648,Male,Md,Machine-Op-Inspct,Reading,Wife,55200,0,2015-02-15,Single Vehicle Collision,Side Collision,Total Loss,Police,Pa,Northbend,8021 Flute Ave,6,1,No,1,0,No,73400,7340,7340,58720,Dodge,Neon,1996,0,Dodge*Neon*1996,Northbend_Pa,445648,810189
61,23,432068,2007-03-09,IL,100/300,500,1111.72,0,448857,Male,Jd,Exec-Managerial,Bungie-Jumping,Other-Relative,54600,0,2015-02-25,Single Vehicle Collision,Side Collision,Major Damage,Fire,Pa,Riverwood,2774 Apache Drive,6,1,?,1,2,?,41850,4650,4650,32550,Suburu,Legacy,1997,0,Suburu*Legacy*1997,Riverwood_Pa,448857,432068
255,44,903203,2004-01-03,OH,500/1000,2000,814.96,6000000,435267,Female,Phd,Priv-House-Serv,Chess,Not-In-Family,68500,0,2015-02-05,Parked Car,?,Trivial Damage,Police,Nc,Hillsdale,2787 MLK St,7,1,?,2,2,No,6400,640,1280,4480,Mercedes,Ml350,2005,1,Mercedes*Ml350*2005,Hillsdale_Nc,435267,903203
211,40,253085,1991-04-25,IL,500/1000,1000,1575.86,0,461275,Female,Phd,Other-Service,Sleeping,Own-Child,0,0,2015-01-12,Vehicle Theft,?,Trivial Damage,Police,Wv,Northbrook,9847 Elm St,3,1,No,1,1,No,3190,580,290,2320,Audi,A5,2004,0,Audi*A5*2004,Northbrook_Wv,461275,253085
61,29,180720,1995-03-14,IN,250/500,1000,1115.27,0,613816,Male,Jd,Handlers-Cleaners,Polo,Unmarried,0,-66000,2015-01-01,Parked Car,?,Trivial Damage,Nan,Va,Hillsdale,4629 Elm Ridge,10,1,Yes,2,1,Yes,5900,590,590,4720,Nissan,Pathfinder,2010,0,Nissan*Pathfinder*2010,Hillsdale_Va,613816,180720
108,31,492224,2005-12-09,IN,500/1000,2000,1175.7,0,608767,Male,Masters,Protective-Serv,Yachting,Not-In-Family,0,0,2015-02-19,Single Vehicle Collision,Rear Collision,Total Loss,Fire,Ny,Columbus,5585 Washington Drive,14,1,No,0,2,No,57330,6370,6370,44590,Dodge,Neon,2006,0,Dodge*Neon*2006,Columbus_Ny,608767,492224
303,50,411477,2001-12-25,OH,100/300,500,793.15,0,620869,Male,Md,Tech-Support,Board-Games,Own-Child,54600,-45500,2015-01-14,Multi-Vehicle Collision,Front Collision,Total Loss,Other,Wv,Hillsdale,3925 Sky St,17,3,No,0,3,No,81960,13660,13660,54640,Dodge,Neon,2008,0,Dodge*Neon*2008,Hillsdale_Wv,620869,411477
152,33,107181,1999-11-14,IN,250/500,500,942.51,0,478981,Female,Phd,Transport-Moving,Exercise,Wife,0,0,2015-01-30,Single Vehicle Collision,Side Collision,Major Damage,Fire,Sc,Hillsdale,3903 Oak Ave,16,1,Yes,0,0,?,70400,6400,19200,44800,Suburu,Legacy,2001,1,Suburu*Legacy*2001,Hillsdale_Sc,478981,107181
120,34,312940,2001-10-27,IN,500/1000,1000,1056.71,0,464630,Female,Jd,Protective-Serv,Paintball,Not-In-Family,77900,0,2015-01-20,Parked Car,?,Minor Damage,Nan,Va,Columbus,3805 Lincoln Hwy,3,1,No,2,1,?,3770,580,580,2610,Jeep,Grand Cherokee,2002,0,Jeep*Grand Cherokee*2002,Columbus_Va,464630,312940
144,36,855186,1993-10-31,IN,500/1000,2000,1255.68,6000000,466303,Female,Associate,Sales,Reading,Other-Relative,23600,-15600,2015-02-18,Parked Car,?,Minor Damage,Nan,Nc,Arlington,4055 2nd Drive,7,1,No,0,0,?,7400,740,1480,5180,Dodge,Neon,2014,0,Dodge*Neon*2014,Arlington_Nc,466303,855186
414,52,373935,2003-02-13,IN,500/1000,500,1335.13,0,452647,Female,High School,Farming-Fishing,Chess,Unmarried,44000,-71000,2015-01-07,Single Vehicle Collision,Rear Collision,Total Loss,Police,Sc,Northbend,3707 Oak Ridge,13,1,Yes,1,1,?,54810,6090,6090,42630,Chevrolet,Silverado,1999,1,Chevrolet*Silverado*1999,Northbend_Sc,452647,373935
163,37,812989,2004-03-06,IN,250/500,500,1178.95,6000000,441370,Female,Jd,Priv-House-Serv,Dancing,Own-Child,0,-67300,2015-01-16,Single Vehicle Collision,Rear Collision,Total Loss,Fire,Ny,Springfield,7327 Lincoln Drive,20,1,Yes,2,3,Yes,49400,4940,9880,34580,Jeep,Wrangler,2005,0,Jeep*Wrangler*2005,Springfield_Ny,441370,812989
352,53,993840,2013-07-12,IL,250/500,500,1793.16,0,619166,Male,Associate,Tech-Support,Exercise,Wife,0,0,2015-01-15,Single Vehicle Collision,Front Collision,Minor Damage,Fire,Nc,Riverwood,9369 Flute Hwy,23,1,Yes,2,2,No,68750,12500,6250,50000,Chevrolet,Malibu,2009,0,Chevrolet*Malibu*2009,Riverwood_Nc,619166,993840
27,32,327856,2014-08-27,OH,100/300,500,1008.38,0,472803,Female,Phd,Adm-Clerical,Yachting,Other-Relative,37900,0,2015-02-01,Single Vehicle Collision,Front Collision,Total Loss,Ambulance,Sc,Arlington,4239 Weaver Ave,11,1,No,1,0,?,61500,12300,6150,43050,Dodge,Neon,2013,0,Dodge*Neon*2013,Arlington_Sc,472803,327856
239,39,506333,1990-06-22,IL,100/300,500,1396.83,0,442308,Female,Masters,Other-Service,Reading,Husband,0,0,2015-01-06,Multi-Vehicle Collision,Rear Collision,Major Damage,Ambulance,Wv,Northbend,6044 Weaver Drive,0,4,?,0,3,No,76890,6990,13980,55920,Bmw,X6,2007,0,Bmw*X6*2007,Northbend_Wv,442308,506333
33,32,263159,2008-03-07,OH,100/300,500,1402.78,5000000,469383,Female,Phd,Other-Service,Base-Jumping,Husband,70300,-50300,2015-02-02,Single Vehicle Collision,Rear Collision,Minor Damage,Ambulance,Ny,Northbrook,8879 1st Drive,2,1,Yes,0,1,?,56070,6230,12460,37380,Toyota,Camry,2012,0,Toyota*Camry*2012,Northbrook_Ny,469383,263159
88,30,372912,1992-08-05,IN,100/300,1000,1437.88,0,614383,Female,College,Transport-Moving,Reading,Husband,42800,-51200,2015-02-25,Single Vehicle Collision,Side Collision,Total Loss,Fire,Sc,Northbrook,9488 Best Drive,3,1,No,2,0,Yes,56000,14000,0,42000,Chevrolet,Malibu,2003,0,Chevrolet*Malibu*2003,Northbrook_Sc,614383,372912
101,33,552788,1991-09-03,IL,500/1000,1000,1313.64,0,438617,Female,College,Priv-House-Serv,Board-Games,Unmarried,12100,0,2015-02-10,Parked Car,?,Trivial Damage,Nan,Ny,Hillsdale,7500 Texas Ridge,3,1,Yes,1,0,No,4290,780,390,3120,Audi,A3,1997,0,Audi*A3*1997,Hillsdale_Ny,438617,552788
20,37,722747,2011-09-02,IL,250/500,500,1482.14,0,613936,Female,Associate,Transport-Moving,Reading,Husband,33000,-43600,2015-02-22,Multi-Vehicle Collision,Rear Collision,Total Loss,Other,Ny,Arlington,2048 3rd Ridge,15,3,?,2,1,No,60750,6750,6750,47250,Suburu,Forrestor,2003,0,Suburu*Forrestor*2003,Arlington_Ny,613936,722747
126,30,248467,2012-10-06,IL,250/500,2000,1171.75,0,472163,Female,Associate,Machine-Op-Inspct,Board-Games,Not-In-Family,46500,-42700,2015-01-31,Single Vehicle Collision,Side Collision,Minor Damage,Other,Ny,Northbend,3419 Apache St,23,1,?,2,3,No,48730,4430,4430,39870,Chevrolet,Malibu,2011,0,Chevrolet*Malibu*2011,Northbend_Ny,472163,248467
264,43,955953,2014-01-18,IL,500/1000,2000,1353.33,0,447458,Male,Associate,Adm-Clerical,Video-Games,Not-In-Family,0,-8500,2015-02-12,Multi-Vehicle Collision,Front Collision,Minor Damage,Police,Wv,Springfield,9875 MLK Ave,9,3,Yes,2,0,No,95150,17300,17300,60550,Ford,Escape,2007,0,Ford*Escape*2007,Springfield_Wv,447458,955953
78,24,910622,1992-03-22,IN,100/300,500,1175.51,0,474792,Male,Masters,Craft-Repair,Yachting,Husband,0,0,2015-01-06,Vehicle Theft,?,Minor Damage,Police,Ny,Columbus,3553 Texas Ave,20,1,?,0,1,Yes,7480,680,680,6120,Dodge,Neon,2003,0,Dodge*Neon*2003,Columbus_Ny,474792,910622
123,28,137675,2012-12-03,IL,100/300,2000,1836.02,0,470559,Male,Masters,Transport-Moving,Movies,Own-Child,38000,-41200,2015-01-01,Single Vehicle Collision,Side Collision,Major Damage,Ambulance,Nc,Riverwood,4335 1st St,5,1,?,2,1,Yes,79800,13300,6650,59850,Volkswagen,Passat,2011,1,Volkswagen*Passat*2011,Riverwood_Nc,470559,137675
347,51,343421,1996-10-18,OH,500/1000,500,1480.79,9000000,432399,Female,Md,Priv-House-Serv,Board-Games,Unmarried,0,-12100,2015-01-07,Single Vehicle Collision,Side Collision,Total Loss,Other,Nc,Hillsdale,9070 Tree Ave,15,1,Yes,0,2,?,103560,8630,17260,77670,Jeep,Wrangler,1997,0,Jeep*Wrangler*1997,Hillsdale_Nc,432399,343421
163,38,413192,1997-10-02,IN,500/1000,2000,1453.92,0,607605,Female,Phd,Other-Service,Yachting,Other-Relative,51700,0,2015-02-21,Single Vehicle Collision,Side Collision,Minor Damage,Ambulance,Ny,Hillsdale,3900 Texas St,13,1,Yes,2,3,?,79500,15900,7950,55650,Accura,Mdx,1995,0,Accura*Mdx*1995,Hillsdale_Ny,607605,413192
271,44,247801,2008-03-18,OH,250/500,500,1340.71,0,600153,Female,High School,Tech-Support,Base-Jumping,Other-Relative,0,0,2015-02-14,Single Vehicle Collision,Rear Collision,Minor Damage,Other,Sc,Riverwood,9657 5th Ave,16,1,No,2,2,No,76230,6930,13860,55440,Volkswagen,Passat,1997,1,Volkswagen*Passat*1997,Riverwood_Sc,600153,247801
410,54,171147,2010-08-29,IL,100/300,2000,714.03,0,465979,Male,Md,Protective-Serv,Board-Games,Own-Child,0,-17000,2015-02-16,Single Vehicle Collision,Side Collision,Minor Damage,Ambulance,Wv,Northbend,5765 Washington St,0,1,Yes,0,2,No,59520,9920,9920,39680,Honda,Accord,2001,0,Honda*Accord*2001,Northbend_Wv,465979,171147
448,57,431283,2005-03-31,IL,100/300,2000,1376.16,0,466555,Female,Phd,Tech-Support,Hiking,Own-Child,38600,-50300,2015-02-04,Multi-Vehicle Collision,Front Collision,Major Damage,Police,Sc,Arlington,5997 Embaracadero Drive,10,3,No,2,1,?,47760,5970,5970,35820,Suburu,Impreza,2013,1,Suburu*Impreza*2013,Arlington_Sc,466555,431283
218,41,461962,2013-12-25,IL,100/300,500,914.22,0,444155,Male,Jd,Prof-Specialty,Golf,Wife,37900,-72900,2015-01-22,Multi-Vehicle Collision,Side Collision,Total Loss,Police,Ny,Springfield,1738 Solo Lane,14,3,No,2,0,No,84590,15380,7690,61520,Saab,93,2013,0,Saab*93*2013,Springfield_Ny,444155,461962
43,38,149467,2014-03-11,OH,500/1000,1000,1601.47,0,465764,Male,Phd,Handlers-Cleaners,Skydiving,Other-Relative,64400,0,2015-02-15,Multi-Vehicle Collision,Front Collision,Total Loss,Other,Sc,Columbus,2903 Weaver Drive,1,3,Yes,2,2,?,61650,6850,6850,47950,Nissan,Ultima,2006,0,Nissan*Ultima*2006,Columbus_Sc,465764,149467
33,33,758740,1997-08-04,IL,500/1000,1000,1096.79,6000000,446898,Female,Associate,Handlers-Cleaners,Dancing,Unmarried,45500,-60600,2015-01-07,Single Vehicle Collision,Rear Collision,Major Damage,Police,Va,Springfield,8926 Texas Ridge,16,1,?,2,1,?,81400,8140,8140,65120,Bmw,M5,1998,0,Bmw*M5*1998,Springfield_Va,446898,758740
126,34,628337,2007-11-14,IN,100/300,2000,1078.22,0,453274,Female,Masters,Transport-Moving,Camping,Wife,54500,0,2015-02-23,Multi-Vehicle Collision,Side Collision,Major Damage,Fire,Sc,Northbend,4231 3rd Ave,2,3,No,0,1,Yes,58410,10620,5310,42480,Chevrolet,Tahoe,2007,0,Chevrolet*Tahoe*2007,Northbend_Sc,453274,628337
411,56,574637,1992-07-30,IL,250/500,1000,1595.28,0,479320,Female,College,Protective-Serv,Exercise,Other-Relative,0,0,2015-01-06,Multi-Vehicle Collision,Side Collision,Major Damage,Ambulance,Va,Springfield,8049 4th St,23,3,?,0,0,?,38610,3510,3510,31590,Volkswagen,Passat,2007,0,Volkswagen*Passat*2007,Springfield_Va,479320,574637
225,37,373600,2000-12-01,OH,100/300,1000,1217.84,5000000,443462,Female,High School,Farming-Fishing,Yachting,Not-In-Family,49600,0,2015-02-07,Multi-Vehicle Collision,Front Collision,Minor Damage,Fire,Wv,Northbrook,6501 5th Drive,19,3,?,2,2,No,57600,9600,9600,38400,Volkswagen,Passat,2015,0,Volkswagen*Passat*2015,Northbrook_Wv,443462,373600
35,35,930032,2002-09-10,IL,100/300,2000,1117.42,0,446158,Female,Phd,Protective-Serv,Kayaking,Not-In-Family,0,-51900,2015-02-14,Multi-Vehicle Collision,Side Collision,Minor Damage,Fire,Nc,Hillsdale,7909 Andromedia Hwy,23,3,No,2,2,No,53190,5910,11820,35460,Volkswagen,Jetta,1996,0,Volkswagen*Jetta*1996,Hillsdale_Nc,446158,930032
460,57,396590,1997-11-07,OH,100/300,2000,1567.37,0,602514,Female,Jd,Craft-Repair,Skydiving,Husband,62500,0,2015-02-15,Single Vehicle Collision,Front Collision,Major Damage,Other,Ny,Riverwood,5865 Sky Lane,10,1,?,2,3,No,58300,5830,11660,40810,Nissan,Maxima,2014,1,Nissan*Maxima*2014,Riverwood_Ny,602514,396590
195,38,238412,1993-05-18,IL,500/1000,2000,1294.93,6000000,477356,Male,Md,Tech-Support,Video-Games,Unmarried,38000,-50300,2015-02-14,Multi-Vehicle Collision,Front Collision,Minor Damage,Ambulance,Wv,Springfield,1957 Washington Ave,12,3,Yes,1,2,No,64620,7180,0,57440,Dodge,Neon,2003,0,Dodge*Neon*2003,Springfield_Wv,477356,238412
360,51,484321,1996-07-11,IL,250/500,1000,1152.12,0,434669,Male,Phd,Armed-Forces,Hiking,Not-In-Family,0,-62400,2015-02-05,Multi-Vehicle Collision,Side Collision,Total Loss,Ambulance,Wv,Riverwood,7649 Texas St,15,3,No,2,0,Yes,90480,15080,15080,60320,Bmw,X6,2000,0,Bmw*X6*2000,Riverwood_Wv,434669,484321
300,49,795847,1995-12-17,IL,100/300,1000,1441.21,0,609322,Female,Phd,Farming-Fishing,Kayaking,Wife,0,0,2015-01-04,Vehicle Theft,?,Trivial Damage,Nan,Sc,Columbus,1992 Britain Drive,3,1,No,1,0,No,7080,1180,1180,4720,Nissan,Maxima,2001,0,Nissan*Maxima*2001,Columbus_Sc,609322,795847
245,42,218456,2002-07-16,IL,500/1000,1000,1575.74,7000000,614265,Male,Jd,Exec-Managerial,Chess,Other-Relative,0,-68900,2015-02-20,Parked Car,?,Minor Damage,Police,Pa,Springfield,9685 Sky Ridge,19,1,?,2,2,?,6490,590,1180,4720,Toyota,Camry,2011,1,Toyota*Camry*2011,Springfield_Pa,614265,218456
146,36,792673,2013-04-12,OH,500/1000,2000,1233.96,0,606177,Female,Masters,Other-Service,Golf,Other-Relative,34500,-60600,2015-02-05,Multi-Vehicle Collision,Side Collision,Total Loss,Police,Nc,Hillsdale,3457 Texas Lane,16,3,No,1,1,No,55900,5590,5590,44720,Nissan,Ultima,2015,0,Nissan*Ultima*2015,Hillsdale_Nc,606177,792673
67,29,662256,1995-11-13,IL,250/500,1000,1861.43,0,461514,Male,High School,Adm-Clerical,Polo,Husband,60400,-67800,2015-01-15,Single Vehicle Collision,Rear Collision,Major Damage,Other,Sc,Columbus,7693 Cherokee Lane,16,1,No,0,3,Yes,63800,6380,6380,51040,Saab,92X,1998,1,Saab*92X*1998,Columbus_Sc,461514,662256
380,56,971338,2004-11-04,OH,100/300,1000,1570.86,0,454685,Male,Md,Farming-Fishing,Cross-Fit,Other-Relative,66000,0,2015-01-05,Single Vehicle Collision,Side Collision,Total Loss,Police,Va,Northbend,3167 4th Ridge,10,1,?,0,1,Yes,58160,7270,7270,43620,Saab,95,1996,1,Saab*95*1996,Northbend_Va,454685,971338
389,53,714738,1998-03-21,IL,500/1000,2000,791.47,0,477260,Male,Masters,Armed-Forces,Chess,Unmarried,0,0,2015-01-01,Vehicle Theft,?,Minor Damage,Police,Nc,Riverwood,1617 Rock Drive,6,1,No,1,2,No,6300,630,1260,4410,Mercedes,C300,2001,1,Mercedes*C300*2001,Riverwood_Nc,477260,714738
317,46,753844,1999-07-22,IN,250/500,1000,1012.78,0,469126,Male,Md,Sales,Yachting,Other-Relative,43700,0,2015-01-26,Single Vehicle Collision,Front Collision,Major Damage,Fire,Wv,Arlington,7877 3rd Ridge,18,1,No,2,1,No,104610,19020,19020,66570,Mercedes,Ml350,1999,1,Mercedes*Ml350*1999,Arlington_Wv,469126,753844
264,44,976645,2010-02-28,IL,100/300,500,1047.06,6000000,443402,Male,College,Exec-Managerial,Sleeping,Wife,0,0,2015-02-13,Multi-Vehicle Collision,Rear Collision,Major Damage,Fire,Sc,Springfield,9325 Lincoln Drive,20,3,No,0,2,No,69850,12700,6350,50800,Ford,Fusion,1999,0,Ford*Fusion*1999,Springfield_Sc,443402,976645
20,21,918037,2005-01-30,OH,250/500,1000,1390.29,0,479408,Female,Masters,Priv-House-Serv,Polo,Other-Relative,0,-41200,2015-01-14,Single Vehicle Collision,Rear Collision,Minor Damage,Fire,Pa,Northbrook,5855 Apache St,14,1,No,0,0,?,62900,12580,6290,44030,Accura,Mdx,2006,0,Accura*Mdx*2006,Northbrook_Pa,479408,918037
116,30,996253,2001-11-29,IN,500/1000,500,951.46,0,467227,Male,Jd,Handlers-Cleaners,Golf,Not-In-Family,0,-35500,2015-01-31,Multi-Vehicle Collision,Front Collision,Major Damage,Other,Wv,Riverwood,1328 Texas Lane,8,3,No,0,3,?,59670,6630,6630,46410,Volkswagen,Passat,2004,1,Volkswagen*Passat*2004,Riverwood_Wv,467227,996253
222,40,373731,2012-12-24,IL,100/300,1000,1226.78,0,468433,Male,Jd,Armed-Forces,Camping,Unmarried,49600,-49200,2015-01-22,Multi-Vehicle Collision,Rear Collision,Minor Damage,Other,Ny,Springfield,4567 Pine Ave,17,2,Yes,2,0,?,81500,16300,8150,57050,Bmw,3 Series,2013,0,Bmw*3 Series*2013,Springfield_Ny,468433,373731
439,56,836272,1997-05-11,OH,100/300,500,1280.9,0,604289,Male,High School,Armed-Forces,Video-Games,Own-Child,48900,-40900,2015-01-30,Single Vehicle Collision,Rear Collision,Minor Damage,Ambulance,Nc,Springfield,7575 Pine St,9,1,No,2,0,?,50000,15000,5000,30000,Jeep,Wrangler,2009,0,Jeep*Wrangler*2009,Springfield_Nc,604289,836272
66,28,167231,1994-01-26,IN,100/300,2000,1472.77,0,471366,Male,Associate,Adm-Clerical,Exercise,Husband,0,-31700,2015-02-17,Single Vehicle Collision,Front Collision,Total Loss,Other,Ny,Springfield,2850 Washington St,0,1,?,2,1,?,48290,8780,8780,30730,Nissan,Maxima,1995,0,Nissan*Maxima*1995,Springfield_Ny,471366,167231
128,29,743330,2010-11-04,OH,500/1000,1000,1878.44,0,450746,Male,High School,Other-Service,Golf,Husband,0,-76000,2015-02-20,Single Vehicle Collision,Rear Collision,Total Loss,Fire,Va,Riverwood,9169 Cherokee Hwy,2,1,No,0,0,?,59070,5370,5370,48330,Chevrolet,Malibu,2003,0,Chevrolet*Malibu*2003,Riverwood_Va,450746,743330
69,24,807369,1992-06-19,IN,500/1000,500,1418.5,0,614948,Female,High School,Armed-Forces,Yachting,Other-Relative,0,0,2015-02-04,Multi-Vehicle Collision,Rear Collision,Minor Damage,Police,Ny,Springfield,6443 Washington Ridge,23,3,?,0,0,No,63300,12660,6330,44310,Dodge,Ram,2012,0,Dodge*Ram*2012,Springfield_Ny,614948,807369
294,46,735307,2010-06-02,IL,100/300,500,1532.8,0,473935,Male,College,Prof-Specialty,Exercise,Own-Child,0,0,2015-02-23,Single Vehicle Collision,Side Collision,Total Loss,Other,Sc,Northbend,6751 5th Hwy,8,1,No,0,3,Yes,65780,11960,11960,41860,Mercedes,Ml350,2013,0,Mercedes*Ml350*2013,Northbend_Sc,473935,735307
19,29,789208,2002-10-12,OH,250/500,500,1304.35,0,617267,Male,Jd,Transport-Moving,Cross-Fit,Not-In-Family,0,0,2015-02-08,Multi-Vehicle Collision,Front Collision,Total Loss,Ambulance,Ny,Columbus,2289 Weaver Ridge,6,3,No,0,2,?,75400,11600,11600,52200,Dodge,Neon,2005,1,Dodge*Neon*2005,Columbus_Ny,617267,789208
191,33,585324,2008-02-25,OH,500/1000,2000,1551.61,0,470670,Male,High School,Armed-Forces,Movies,Unmarried,45000,-30400,2015-02-21,Vehicle Theft,?,Minor Damage,Nan,Wv,Arlington,8306 1st Drive,3,1,Yes,1,1,No,2250,250,250,1750,Toyota,Corolla,2005,0,Toyota*Corolla*2005,Arlington_Wv,470670,585324
4,39,498759,1996-09-05,IL,100/300,1000,1326.98,6000000,450368,Female,High School,Machine-Op-Inspct,Reading,Unmarried,64200,0,2015-01-13,Multi-Vehicle Collision,Front Collision,Minor Damage,Ambulance,Va,Northbend,2603 Andromedia Hwy,14,3,Yes,1,3,?,54120,4510,9020,40590,Jeep,Grand Cherokee,2007,0,Jeep*Grand Cherokee*2007,Northbend_Va,450368,498759
298,49,795004,1998-03-16,OH,250/500,500,862.92,0,448809,Male,Md,Machine-Op-Inspct,Camping,Wife,0,-71700,2015-01-17,Multi-Vehicle Collision,Side Collision,Major Damage,Other,Ny,Northbrook,6479 Francis Ave,16,3,No,0,2,No,69480,11580,11580,46320,Saab,95,2007,0,Saab*95*2007,Northbrook_Ny,448809,795004
231,43,203250,2010-04-22,IN,100/300,2000,1331.69,0,469653,Female,Masters,Adm-Clerical,Reading,Not-In-Family,0,0,2015-02-18,Single Vehicle Collision,Rear Collision,Minor Damage,Police,Ny,Northbend,6428 Andromedia Lane,12,1,?,1,2,No,66950,10300,10300,46350,Chevrolet,Malibu,2015,0,Chevrolet*Malibu*2015,Northbend_Ny,469653,203250
338,47,430794,2008-01-25,OH,250/500,2000,1486.04,0,615688,Female,Associate,Armed-Forces,Board-Games,Own-Child,0,-56200,2015-01-14,Multi-Vehicle Collision,Rear Collision,Major Damage,Other,Oh,Northbrook,9081 Cherokee Hwy,1,3,No,2,3,?,64100,12820,6410,44870,Dodge,Ram,2014,1,Dodge*Ram*2014,Northbrook_Oh,615688,430794
261,46,156636,2000-09-10,IN,100/300,1000,870.55,0,465631,Male,Phd,Prof-Specialty,Camping,Unmarried,0,-49400,2015-01-27,Single Vehicle Collision,Rear Collision,Minor Damage,Other,Sc,Springfield,1532 Washington St,19,1,?,0,3,?,80280,13380,13380,53520,Chevrolet,Tahoe,2013,0,Chevrolet*Tahoe*2013,Springfield_Sc,465631,156636
321,44,284143,2008-04-23,IL,500/1000,2000,1344.56,6000000,443344,Male,Associate,Machine-Op-Inspct,Hiking,Husband,0,-39100,2015-02-12,Vehicle Theft,?,Trivial Damage,Police,Ny,Northbend,4625 MLK Drive,7,1,?,1,2,No,4680,520,0,4160,Accura,Mdx,1999,0,Accura*Mdx*1999,Northbend_Ny,443344,284143
0,32,740518,2011-02-18,OH,500/1000,1000,1377.04,0,441363,Male,College,Tech-Support,Base-Jumping,Wife,61400,-41100,2015-01-17,Multi-Vehicle Collision,Rear Collision,Minor Damage,Ambulance,Ny,Springfield,1529 Elm Ridge,6,4,?,1,1,No,39720,6620,6620,26480,Accura,Mdx,2002,0,Accura*Mdx*2002,Springfield_Ny,441363,740518
405,58,445289,2012-04-24,IL,250/500,500,1237.88,0,462683,Male,Md,Exec-Managerial,Exercise,Not-In-Family,0,-46900,2015-01-13,Single Vehicle Collision,Front Collision,Major Damage,Police,Ny,Arlington,2086 Francis Drive,11,1,?,0,0,?,63580,5780,5780,52020,Mercedes,Ml350,1997,1,Mercedes*Ml350*1997,Arlington_Ny,462683,445289
304,49,599262,2001-09-25,IN,100/300,1000,1525.86,0,463184,Female,Phd,Craft-Repair,Camping,Own-Child,0,0,2015-01-21,Single Vehicle Collision,Side Collision,Minor Damage,Other,Nc,Northbend,9066 Best Ridge,2,1,Yes,1,1,Yes,73370,13340,6670,53360,Saab,95,2013,0,Saab*95*2013,Northbend_Nc,463184,599262
1,29,357949,2006-05-24,OH,500/1000,500,854.58,0,612826,Female,Jd,Craft-Repair,Paintball,Other-Relative,52200,0,2015-01-01,Single Vehicle Collision,Side Collision,Minor Damage,Police,Sc,Northbrook,7178 Best Drive,15,1,?,2,3,Yes,86790,7890,23670,55230,Honda,Crv,2003,0,Honda*Crv*2003,Northbrook_Sc,612826,357949
26,39,493161,1992-01-30,IN,250/500,1000,770.76,0,433155,Male,Masters,Tech-Support,Sleeping,Husband,0,-53700,2015-02-18,Single Vehicle Collision,Side Collision,Major Damage,Police,Wv,Columbus,9821 Francis Ave,0,1,No,0,2,?,49800,9960,4980,34860,Mercedes,Ml350,2015,0,Mercedes*Ml350*2015,Columbus_Wv,433155,493161
202,38,320251,2009-01-24,IL,100/300,2000,1132.74,0,616120,Female,Associate,Armed-Forces,Exercise,Husband,0,-37500,2015-02-04,Single Vehicle Collision,Side Collision,Major Damage,Other,Wv,Hillsdale,7061 Cherokee Drive,12,1,Yes,1,1,No,77440,7040,14080,56320,Nissan,Ultima,2005,0,Nissan*Ultima*2005,Hillsdale_Wv,616120,320251
289,48,231127,1995-08-29,IL,500/1000,500,1173.37,8000000,461744,Female,Phd,Handlers-Cleaners,Board-Games,Own-Child,0,-42700,2015-01-09,Single Vehicle Collision,Front Collision,Total Loss,Other,Sc,Springfield,1325 1st Lane,1,1,?,1,0,?,42900,8580,0,34320,Accura,Tl,1999,0,Accura*Tl*1999,Springfield_Sc,461744,231127
61,26,766193,2011-07-31,OH,100/300,2000,1188.28,6000000,475916,Female,Jd,Farming-Fishing,Skydiving,Wife,0,-53800,2015-02-14,Multi-Vehicle Collision,Rear Collision,Major Damage,Fire,Va,Hillsdale,3769 Sky St,16,2,Yes,1,0,No,53820,11960,5980,35880,Ford,F150,2015,1,Ford*F150*2015,Hillsdale_Va,475916,766193
334,46,555374,2013-01-05,IL,100/300,1000,876.88,6000000,454434,Male,Md,Sales,Reading,Other-Relative,0,0,2015-01-03,Single Vehicle Collision,Rear Collision,Minor Damage,Police,Wv,Hillsdale,8489 Pine Hwy,2,1,No,2,1,No,57330,12740,6370,38220,Jeep,Grand Cherokee,1998,0,Jeep*Grand Cherokee*1998,Hillsdale_Wv,454434,555374
12,24,491484,1994-11-18,IL,500/1000,1000,1143.95,0,464353,Female,Phd,Tech-Support,Paintball,Other-Relative,51400,0,2015-02-04,Multi-Vehicle Collision,Rear Collision,Minor Damage,Police,Ny,Riverwood,6329 Apache Ave,13,3,No,2,1,?,53370,5930,5930,41510,Nissan,Ultima,2011,0,Nissan*Ultima*2011,Riverwood_Ny,464353,491484
86,29,925128,2014-08-30,IL,100/300,2000,1409.06,0,610302,Male,High School,Prof-Specialty,Yachting,Husband,74200,-68100,2015-01-30,Single Vehicle Collision,Front Collision,Minor Damage,Police,Ny,Northbrook,9293 Pine Lane,0,1,No,2,2,Yes,62920,9680,14520,38720,Accura,Mdx,2005,0,Accura*Mdx*2005,Northbrook_Ny,610302,925128
83,24,265093,2006-01-01,IN,500/1000,1000,1070.63,0,462106,Female,High School,Machine-Op-Inspct,Board-Games,Unmarried,0,0,2015-02-20,Multi-Vehicle Collision,Front Collision,Total Loss,Fire,Ny,Arlington,9224 Sky Drive,0,3,?,0,1,No,61600,6160,12320,43120,Honda,Crv,2003,0,Honda*Crv*2003,Arlington_Ny,462106,265093
126,30,267808,1998-09-10,IL,500/1000,2000,916.13,0,431389,Male,College,Sales,Golf,Unmarried,55300,-58400,2015-01-07,Multi-Vehicle Collision,Rear Collision,Total Loss,Police,Ny,Northbend,8862 Maple Ridge,16,3,Yes,2,0,No,74160,6180,12360,55620,Mercedes,E400,2002,0,Mercedes*E400*2002,Northbend_Ny,431389,267808
209,38,116735,2010-01-28,OH,250/500,500,1191.5,0,442866,Male,High School,Priv-House-Serv,Reading,Husband,38600,-52900,2015-01-31,Single Vehicle Collision,Rear Collision,Total Loss,Police,Wv,Arlington,3492 Flute Lane,8,1,No,2,0,?,80100,8900,8900,62300,Audi,A3,2015,0,Audi*A3*2015,Arlington_Wv,442866,116735
283,48,963680,2003-01-04,OH,500/1000,1000,1474.66,0,446755,Female,Jd,Sales,Paintball,Husband,0,-46200,2015-02-17,Parked Car,?,Trivial Damage,Police,Ny,Hillsdale,6484 Tree Drive,9,1,?,2,3,No,6560,820,820,4920,Volkswagen,Jetta,2003,0,Volkswagen*Jetta*2003,Hillsdale_Ny,446755,963680
194,34,445694,2004-05-24,IL,250/500,1000,1193.45,0,464743,Male,Jd,Other-Service,Hiking,Not-In-Family,0,0,2015-01-24,Single Vehicle Collision,Rear Collision,Total Loss,Ambulance,Wv,Northbend,4554 Sky Ave,11,1,?,2,1,Yes,58800,11760,5880,41160,Nissan,Pathfinder,1997,0,Nissan*Pathfinder*1997,Northbend_Wv,464743,445694
184,38,215534,1994-09-12,IL,250/500,1000,1437.53,0,437889,Female,College,Transport-Moving,Chess,Not-In-Family,0,0,2015-02-02,Multi-Vehicle Collision,Side Collision,Minor Damage,Ambulance,Pa,Northbrook,5201 Texas Hwy,6,3,?,0,2,No,53730,11940,5970,35820,Dodge,Ram,2013,1,Dodge*Ram*2013,Northbrook_Pa,437889,215534
479,60,232854,1997-07-07,IL,100/300,2000,1304.83,0,473638,Female,College,Other-Service,Cross-Fit,Husband,0,0,2015-01-09,Single Vehicle Collision,Rear Collision,Total Loss,Ambulance,Ny,Arlington,3982 Weaver Lane,18,1,No,0,0,No,60600,5050,10100,45450,Honda,Civic,2001,0,Honda*Civic*2001,Arlington_Ny,473638,232854
284,48,168260,1991-03-01,OH,250/500,1000,1168.8,0,444232,Female,Jd,Tech-Support,Movies,Other-Relative,0,-42400,2015-02-28,Single Vehicle Collision,Side Collision,Total Loss,Other,Ny,Northbrook,3660 Andromedia Hwy,11,1,?,0,3,Yes,35750,6500,3250,26000,Mercedes,E400,2001,0,Mercedes*E400*2001,Northbrook_Ny,444232,168260
65,27,538955,2001-09-29,IN,100/300,1000,1164.97,0,477695,Female,College,Adm-Clerical,Exercise,Wife,43000,-42500,2015-01-17,Single Vehicle Collision,Front Collision,Total Loss,Ambulance,Wv,Arlington,7135 Flute Lane,17,1,?,1,2,Yes,42840,3570,7140,32130,Chevrolet,Silverado,2004,0,Chevrolet*Silverado*2004,Arlington_Wv,477695,538955
222,39,243226,2012-01-10,IL,250/500,1000,1232.72,0,458237,Male,High School,Armed-Forces,Hiking,Own-Child,87800,-51200,2015-02-09,Multi-Vehicle Collision,Front Collision,Major Damage,Fire,Sc,Springfield,4414 Solo Drive,21,3,?,1,0,No,87960,14660,14660,58640,Jeep,Wrangler,1999,1,Jeep*Wrangler*1999,Springfield_Sc,458237,243226
196,41,246435,2001-07-05,IL,250/500,2000,1800.76,0,441499,Male,Jd,Protective-Serv,Camping,Other-Relative,0,-78600,2015-01-14,Multi-Vehicle Collision,Rear Collision,Minor Damage,Ambulance,Sc,Hillsdale,2920 5th Ave,0,3,No,1,0,No,47800,4780,4780,38240,Jeep,Grand Cherokee,2009,0,Jeep*Grand Cherokee*2009,Hillsdale_Sc,441499,246435
253,43,582480,1991-08-07,IL,500/1000,500,1187.01,7000000,613436,Female,Associate,Tech-Support,Exercise,Unmarried,46300,-33000,2015-02-02,Vehicle Theft,?,Trivial Damage,Police,Ny,Northbrook,2986 MLK Drive,9,1,No,0,1,?,3840,640,640,2560,Chevrolet,Tahoe,2014,0,Chevrolet*Tahoe*2014,Northbrook_Ny,613436,582480
280,43,345539,2012-07-24,IN,100/300,1000,1559.34,0,448912,Male,Jd,Transport-Moving,Hiking,Own-Child,0,-51600,2015-02-17,Single Vehicle Collision,Front Collision,Total Loss,Fire,Ny,Riverwood,1580 Maple Lane,1,1,No,0,2,?,77000,14000,7000,56000,Accura,Rsx,2004,0,Accura*Rsx*2004,Riverwood_Ny,448912,345539
5,26,924318,2014-07-27,IL,250/500,2000,1137.02,0,468872,Female,Phd,Farming-Fishing,Skydiving,Not-In-Family,31500,0,2015-01-25,Single Vehicle Collision,Rear Collision,Total Loss,Ambulance,Wv,Springfield,3706 Texas Hwy,22,1,Yes,1,3,?,88110,16020,16020,56070,Audi,A5,2003,0,Audi*A5*2003,Springfield_Wv,468872,924318
220,42,726880,1994-08-08,IN,100/300,1000,1281.72,0,619811,Male,College,Farming-Fishing,Hiking,Other-Relative,33500,-49500,2015-02-13,Multi-Vehicle Collision,Rear Collision,Minor Damage,Fire,Sc,Northbend,9109 Britain Drive,20,4,No,0,2,Yes,47740,4340,4340,39060,Honda,Civic,2005,0,Honda*Civic*2005,Northbend_Sc,619811,726880
85,30,190588,2001-12-09,OH,100/300,1000,796.35,0,614166,Female,Md,Craft-Repair,Video-Games,Own-Child,72400,-77000,2015-02-20,Multi-Vehicle Collision,Rear Collision,Total Loss,Fire,Sc,Northbend,2290 4th Ave,9,3,Yes,2,1,Yes,58960,5360,10720,42880,Ford,F150,2004,0,Ford*F150*2004,Northbend_Sc,614166,190588
266,46,246705,1990-03-14,OH,250/500,500,1270.02,0,456600,Female,Associate,Tech-Support,Skydiving,Own-Child,0,-45800,2015-01-08,Parked Car,?,Minor Damage,Police,Nc,Northbrook,4232 Britain Ridge,5,1,No,1,2,?,2160,480,240,1440,Toyota,Corolla,2004,0,Toyota*Corolla*2004,Northbrook_Nc,456600,246705
41,26,619589,2006-03-28,IL,100/300,1000,1383.13,0,618405,Female,Jd,Prof-Specialty,Exercise,Own-Child,46700,0,2015-02-28,Vehicle Theft,?,Trivial Damage,Police,Sc,Riverwood,6677 Andromedia Drive,12,1,Yes,1,1,?,6890,530,1060,5300,Jeep,Grand Cherokee,1997,0,Jeep*Grand Cherokee*1997,Riverwood_Sc,618405,619589
316,45,164988,2013-12-23,IL,100/300,2000,1290.74,5000000,430832,Female,High School,Prof-Specialty,Kayaking,Husband,58300,0,2015-02-12,Multi-Vehicle Collision,Side Collision,Major Damage,Ambulance,Va,Springfield,5868 Sky Hwy,6,3,No,2,0,Yes,78870,7170,14340,57360,Suburu,Legacy,2013,0,Suburu*Legacy*2013,Springfield_Va,430832,164988
285,47,729534,1991-09-30,IN,100/300,1000,1216.68,0,610989,Female,Masters,Sales,Basketball,Other-Relative,55100,0,2015-01-06,Vehicle Theft,?,Trivial Damage,Police,Sc,Columbus,3053 Lincoln Drive,8,1,No,1,1,No,2700,300,300,2100,Ford,F150,2013,0,Ford*F150*2013,Columbus_Sc,610989,729534
379,54,505014,2001-12-27,IL,100/300,500,1251.16,0,447750,Female,Associate,Machine-Op-Inspct,Kayaking,Not-In-Family,41400,0,2015-02-15,Single Vehicle Collision,Front Collision,Total Loss,Ambulance,Wv,Riverwood,7041 Tree Ridge,14,1,?,0,1,No,75960,6330,6330,63300,Jeep,Grand Cherokee,2010,0,Jeep*Grand Cherokee*2010,Riverwood_Wv,447750,505014
15,34,920826,2005-04-07,IN,250/500,2000,1586.41,0,608708,Female,High School,Sales,Video-Games,Other-Relative,33500,-58900,2015-01-20,Single Vehicle Collision,Front Collision,Major Damage,Police,Wv,Northbrook,7223 Embaracadero St,10,1,Yes,1,3,?,75570,6870,13740,54960,Bmw,X5,2010,1,Bmw*X5*2010,Northbrook_Wv,608708,920826
354,48,534982,2003-04-08,IL,500/1000,2000,1526.11,5000000,469650,Female,Masters,Sales,Exercise,Unmarried,0,0,2015-01-03,Single Vehicle Collision,Front Collision,Minor Damage,Police,Sc,Columbus,8081 Flute Ridge,12,1,?,2,3,Yes,90240,15040,15040,60160,Chevrolet,Malibu,1995,0,Chevrolet*Malibu*1995,Columbus_Sc,469650,534982
342,53,110408,2005-11-14,IN,100/300,1000,1028.44,0,602304,Female,College,Prof-Specialty,Dancing,Not-In-Family,0,0,2015-01-26,Single Vehicle Collision,Front Collision,Major Damage,Ambulance,Sc,Springfield,8618 Texas Lane,12,1,?,0,0,No,80960,14720,7360,58880,Accura,Mdx,2000,0,Accura*Mdx*2000,Springfield_Sc,602304,110408
169,38,283052,2005-01-07,IL,100/300,1000,1555.94,0,459878,Male,Phd,Craft-Repair,Skydiving,Own-Child,23300,0,2015-01-25,Multi-Vehicle Collision,Front Collision,Total Loss,Other,Va,Riverwood,3508 Washington St,12,3,No,1,3,Yes,79080,6590,13180,59310,Mercedes,C300,2012,0,Mercedes*C300*2012,Riverwood_Va,459878,283052
339,49,840806,1994-02-14,IN,500/1000,2000,1570.77,0,441142,Male,Jd,Adm-Clerical,Paintball,Not-In-Family,98800,-65300,2015-01-18,Vehicle Theft,?,Minor Damage,Nan,Sc,Columbus,2193 4th Ridge,13,1,No,0,3,No,6820,1240,620,4960,Mercedes,Ml350,2009,0,Mercedes*Ml350*2009,Columbus_Sc,441142,840806
259,42,382394,1996-01-23,OH,100/300,2000,1170.53,0,465667,Female,Phd,Armed-Forces,Sleeping,Wife,65000,-49200,2015-01-12,Multi-Vehicle Collision,Rear Collision,Total Loss,Fire,Wv,Northbend,8897 Sky St,17,3,No,1,2,Yes,62590,5690,11380,45520,Nissan,Pathfinder,2006,0,Nissan*Pathfinder*2006,Northbend_Wv,465667,382394
65,23,876699,1999-12-12,OH,250/500,1000,1099.95,0,473109,Female,College,Sales,Dancing,Wife,0,-71900,2015-01-15,Single Vehicle Collision,Side Collision,Major Damage,Other,Ny,Arlington,9611 Pine Ridge,14,1,No,1,0,Yes,52400,6550,6550,39300,Accura,Mdx,2005,1,Accura*Mdx*2005,Arlington_Ny,473109,876699
254,46,871432,2004-07-15,IL,250/500,2000,1472.43,0,619794,Male,Md,Tech-Support,Basketball,Husband,0,-90600,2015-01-10,Multi-Vehicle Collision,Front Collision,Major Damage,Ambulance,Wv,Arlington,7825 1st Ridge,3,3,?,1,3,Yes,63580,5780,11560,46240,Volkswagen,Jetta,2004,0,Volkswagen*Jetta*2004,Arlington_Wv,619794,871432
440,55,379882,2012-11-07,IL,250/500,500,1275.62,0,602258,Female,Associate,Priv-House-Serv,Reading,Other-Relative,0,-56200,2015-01-23,Multi-Vehicle Collision,Side Collision,Minor Damage,Police,Ny,Riverwood,3039 Oak Hwy,18,3,Yes,2,1,No,61400,6140,6140,49120,Nissan,Ultima,1995,0,Nissan*Ultima*1995,Riverwood_Ny,602258,379882
478,63,852002,2009-06-29,IL,250/500,1000,1292.3,0,479724,Male,High School,Adm-Clerical,Paintball,Own-Child,47600,0,2015-02-21,Parked Car,?,Minor Damage,Nan,Va,Northbend,8204 Pine Lane,5,1,Yes,1,3,No,4700,940,470,3290,Dodge,Neon,2007,1,Dodge*Neon*2007,Northbend_Va,479724,852002
230,44,372891,2000-06-26,IN,250/500,2000,1009.37,0,442210,Female,College,Prof-Specialty,Hiking,Other-Relative,45400,-39400,2015-02-17,Single Vehicle Collision,Front Collision,Total Loss,Fire,Sc,Riverwood,9787 Andromedia Ave,19,1,No,0,2,Yes,74140,13480,13480,47180,Bmw,X5,2015,0,Bmw*X5*2015,Riverwood_Sc,442210,372891
138,30,689034,2002-01-09,OH,500/1000,500,1093.07,4000000,463291,Female,Phd,Other-Service,Reading,Wife,27700,-72400,2015-01-06,Single Vehicle Collision,Front Collision,Major Damage,Other,Va,Hillsdale,9633 Rock Hwy,0,1,?,2,2,No,83160,6930,13860,62370,Volkswagen,Jetta,2011,0,Volkswagen*Jetta*2011,Hillsdale_Va,463291,689034
239,41,743092,2013-11-11,OH,250/500,1000,1325.44,7000000,474898,Female,Jd,Farming-Fishing,Paintball,Other-Relative,51400,-6300,2015-02-18,Parked Car,?,Trivial Damage,Police,Nc,Arlington,6303 1st Drive,22,1,?,0,2,Yes,10790,1660,830,8300,Mercedes,E400,2013,0,Mercedes*E400*2013,Arlington_Nc,474898,743092
93,31,599174,2008-01-14,IL,100/300,2000,1017.18,0,431354,Female,Md,Prof-Specialty,Paintball,Husband,0,0,2015-02-17,Multi-Vehicle Collision,Rear Collision,Major Damage,Police,Nc,Arlington,2014 Rock Ave,21,3,Yes,1,3,No,48070,8740,8740,30590,Saab,92X,2014,0,Saab*92X*2014,Arlington_Nc,431354,599174
37,25,421092,2003-03-04,OH,100/300,1000,1221.17,0,617460,Female,Masters,Protective-Serv,Golf,Not-In-Family,49300,0,2015-01-24,Multi-Vehicle Collision,Rear Collision,Minor Damage,Ambulance,Sc,Northbrook,8983 Tree St,4,3,Yes,0,0,Yes,51030,5670,11340,34020,Suburu,Impreza,1996,0,Suburu*Impreza*1996,Northbrook_Sc,617460,421092
254,40,349658,1994-06-07,IN,100/300,500,1927.87,0,609317,Male,Md,Prof-Specialty,Yachting,Husband,0,0,2015-01-21,Single Vehicle Collision,Front Collision,Minor Damage,Fire,Va,Arlington,6260 5th Lane,10,1,Yes,0,1,?,43280,0,5410,37870,Honda,Civic,1996,1,Honda*Civic*1996,Arlington_Va,609317,349658
131,29,811042,2013-07-04,IN,250/500,1000,978.27,0,479821,Female,Associate,Sales,Paintball,Own-Child,65700,0,2015-02-03,Single Vehicle Collision,Front Collision,Major Damage,Fire,Sc,Hillsdale,2725 Britain Ridge,5,1,?,1,3,No,76400,15280,7640,53480,Suburu,Forrestor,2003,0,Suburu*Forrestor*2003,Hillsdale_Sc,479821,811042
230,43,505316,2002-06-30,IN,100/300,2000,1221.14,0,473394,Male,Md,Prof-Specialty,Board-Games,Wife,48100,0,2015-01-07,Single Vehicle Collision,Side Collision,Total Loss,Ambulance,Va,Hillsdale,3089 Oak Ridge,13,1,?,0,2,?,75460,13720,13720,48020,Audi,A5,2002,0,Audi*A5*2002,Hillsdale_Va,473394,505316
313,50,116645,2004-06-30,OH,100/300,2000,1255.62,0,603882,Male,Md,Armed-Forces,Polo,Unmarried,0,0,2015-02-02,Multi-Vehicle Collision,Side Collision,Major Damage,Other,Oh,Northbrook,6206 3rd Ridge,18,3,Yes,2,1,Yes,69000,13800,6900,48300,Ford,F150,1995,1,Ford*F150*1995,Northbrook_Oh,603882,116645
210,38,950880,1998-12-19,IN,250/500,500,999.52,0,615229,Male,Jd,Tech-Support,Golf,Other-Relative,0,0,2015-01-13,Vehicle Theft,?,Minor Damage,Police,Va,Springfield,7240 5th Ridge,6,1,?,1,2,No,8640,1440,720,6480,Accura,Tl,2008,0,Accura*Tl*2008,Springfield_Va,615229,950880
101,29,788502,2014-08-31,OH,250/500,500,1380.89,0,620197,Male,Phd,Armed-Forces,Dancing,Own-Child,30000,-53000,2015-02-28,Multi-Vehicle Collision,Rear Collision,Minor Damage,Ambulance,Sc,Arlington,8100 3rd Ave,0,3,?,2,1,?,67210,12220,12220,42770,Bmw,X6,1996,0,Bmw*X6*1996,Arlington_Sc,620197,788502
153,37,627486,2005-11-10,IN,500/1000,500,1010.77,0,438215,Male,High School,Transport-Moving,Basketball,Unmarried,52300,-55600,2015-01-16,Multi-Vehicle Collision,Side Collision,Total Loss,Ambulance,Nc,Arlington,3282 4th Lane,5,3,?,0,3,No,42500,4250,4250,34000,Volkswagen,Jetta,1999,0,Volkswagen*Jetta*1999,Arlington_Nc,438215,627486
337,53,498842,2000-05-04,OH,100/300,500,1205.86,0,444583,Male,Associate,Armed-Forces,Basketball,Wife,0,-34600,2015-02-01,Single Vehicle Collision,Rear Collision,Minor Damage,Fire,Sc,Arlington,3227 Maple Ave,8,1,Yes,0,1,No,86400,14400,7200,64800,Accura,Rsx,2001,0,Accura*Rsx*2001,Arlington_Sc,444583,498842
360,51,550294,2001-11-26,IL,500/1000,1000,1526.61,0,471866,Male,Masters,Handlers-Cleaners,Chess,Not-In-Family,0,-32900,2015-01-30,Vehicle Theft,?,Minor Damage,Police,Sc,Hillsdale,4264 Lincoln Ridge,5,1,Yes,2,2,?,4620,840,840,2940,Dodge,Ram,2009,1,Dodge*Ram*2009,Hillsdale_Sc,471866,550294
428,53,328387,2014-05-06,IL,100/300,1000,1496.44,0,616884,Female,High School,Tech-Support,Camping,Unmarried,0,0,2015-02-16,Parked Car,?,Trivial Damage,Police,Nc,Springfield,2215 Best Ave,9,1,Yes,2,2,No,6930,630,1260,5040,Honda,Crv,2013,0,Honda*Crv*2013,Springfield_Nc,616884,328387
204,40,540152,1991-01-27,IL,100/300,500,1256.2,0,448310,Female,Jd,Sales,Hiking,Not-In-Family,0,0,2015-01-07,Multi-Vehicle Collision,Side Collision,Minor Damage,Other,Sc,Northbend,5363 Weaver Lane,10,3,Yes,1,2,Yes,41700,8340,8340,25020,Saab,95,2013,0,Saab*95*2013,Northbend_Sc,448310,540152
364,51,385932,1992-04-28,IL,100/300,500,1268.35,0,478902,Male,Masters,Transport-Moving,Board-Games,Wife,0,0,2015-01-10,Single Vehicle Collision,Rear Collision,Major Damage,Other,Ny,Northbrook,2397 Cherokee Ave,16,1,Yes,2,1,No,77330,14060,14060,49210,Volkswagen,Jetta,2014,1,Volkswagen*Jetta*2014,Northbrook_Ny,478902,385932
185,35,618682,2000-03-04,IN,500/1000,2000,1421.59,0,442695,Male,College,Other-Service,Sleeping,Own-Child,0,0,2015-01-31,Vehicle Theft,?,Trivial Damage,Police,Wv,Arlington,9794 Embaracadero St,8,1,?,2,3,Yes,4950,900,450,3600,Ford,F150,2011,0,Ford*F150*2011,Arlington_Wv,442695,618682
63,26,550930,1995-10-12,IL,500/1000,500,1500.04,6000000,613826,Male,Phd,Craft-Repair,Polo,Own-Child,0,-36500,2015-02-13,Vehicle Theft,?,Minor Damage,Police,Nc,Northbrook,1810 Elm Hwy,5,1,No,0,2,Yes,5160,860,860,3440,Accura,Tl,2004,0,Accura*Tl*2004,Northbrook_Nc,613826,550930
210,35,998192,2014-04-25,IL,100/300,500,1433.24,0,476203,Female,College,Exec-Managerial,Yachting,Not-In-Family,0,-19500,2015-02-22,Multi-Vehicle Collision,Side Collision,Total Loss,Fire,Wv,Riverwood,9603 Texas Lane,11,3,No,2,1,?,24570,2730,2730,19110,Saab,95,2006,1,Saab*95*2006,Riverwood_Wv,476203,998192
194,38,663938,2011-01-26,IN,100/300,2000,1231.25,0,604333,Female,Phd,Craft-Repair,Movies,Not-In-Family,46500,0,2015-01-08,Multi-Vehicle Collision,Rear Collision,Minor Damage,Ambulance,Wv,Arlington,5650 Sky Drive,15,3,?,1,0,?,53680,4880,9760,39040,Toyota,Camry,2011,0,Toyota*Camry*2011,Arlington_Wv,604333,663938
294,49,756870,1996-01-26,IN,500/1000,500,1135.43,0,442604,Male,Masters,Farming-Fishing,Bungie-Jumping,Own-Child,22700,0,2015-02-04,Multi-Vehicle Collision,Side Collision,Total Loss,Police,Wv,Columbus,9633 MLK Lane,23,3,Yes,1,1,Yes,42900,3900,3900,35100,Chevrolet,Malibu,2010,0,Chevrolet*Malibu*2010,Columbus_Wv,442604,756870
272,41,337158,1991-04-08,OH,250/500,2000,945.73,5000000,435663,Male,Md,Protective-Serv,Chess,Wife,38600,-42800,2015-02-04,Single Vehicle Collision,Front Collision,Minor Damage,Fire,Ny,Arlington,4981 Flute Hwy,23,1,No,0,0,No,84100,16820,8410,58870,Ford,Escape,2009,1,Ford*Escape*2009,Arlington_Ny,435663,337158
27,27,919875,2002-06-29,IN,100/300,2000,1118.76,0,470866,Female,College,Adm-Clerical,Dancing,Own-Child,0,-55800,2015-02-26,Single Vehicle Collision,Front Collision,Total Loss,Fire,Ny,Northbrook,9078 Francis Ridge,23,1,?,1,3,?,61560,6840,6840,47880,Ford,Fusion,2008,0,Ford*Fusion*2008,Northbrook_Ny,470866,919875
251,39,315631,1999-04-09,IN,500/1000,2000,1231.98,0,612908,Female,Associate,Other-Service,Hiking,Not-In-Family,0,-31700,2015-01-08,Single Vehicle Collision,Rear Collision,Minor Damage,Police,Ny,Hillsdale,1381 Francis Ave,10,1,Yes,0,0,?,44240,5530,5530,33180,Dodge,Ram,1997,0,Dodge*Ram*1997,Hillsdale_Ny,612908,315631
180,33,113464,2009-04-19,IN,500/1000,2000,1005.47,0,441871,Female,Jd,Protective-Serv,Hiking,Own-Child,58100,-49000,2015-02-15,Multi-Vehicle Collision,Rear Collision,Minor Damage,Ambulance,Va,Columbus,6435 Texas Ave,12,4,?,2,3,Yes,57700,11540,5770,40390,Jeep,Grand Cherokee,2002,0,Jeep*Grand Cherokee*2002,Columbus_Va,441871,113464
392,50,556415,1991-08-22,OH,100/300,2000,1108.97,0,431496,Female,Phd,Exec-Managerial,Exercise,Not-In-Family,68400,-66800,2015-01-14,Single Vehicle Collision,Side Collision,Minor Damage,Other,Wv,Springfield,1248 MLK Ridge,4,1,No,2,2,Yes,108030,16620,16620,74790,Saab,92X,2002,0,Saab*92X*2002,Springfield_Wv,431496,556415
143,30,250249,1991-11-28,IN,100/300,500,1392.39,5000000,436499,Female,High School,Exec-Managerial,Dancing,Unmarried,0,-65700,2015-01-12,Single Vehicle Collision,Rear Collision,Minor Damage,Fire,Sc,Riverwood,3323 1st Lane,16,1,No,2,0,Yes,54300,10860,5430,38010,Toyota,Highlander,2010,0,Toyota*Highlander*2010,Riverwood_Sc,436499,250249
371,54,403776,2012-04-27,IN,100/300,2000,1317.97,0,469853,Male,High School,Craft-Repair,Movies,Wife,34700,-81000,2015-01-18,Multi-Vehicle Collision,Front Collision,Major Damage,Ambulance,Sc,Columbus,6971 Best Ridge,18,3,?,1,2,?,32280,5380,5380,21520,Ford,Fusion,2010,1,Ford*Fusion*2010,Columbus_Sc,469853,403776
292,42,396002,2007-03-04,IN,250/500,1000,1588.22,0,605369,Male,Jd,Machine-Op-Inspct,Camping,Other-Relative,0,-53800,2015-01-15,Multi-Vehicle Collision,Rear Collision,Total Loss,Other,Wv,Riverwood,7488 Lincoln Lane,15,3,Yes,1,1,No,84600,16920,8460,59220,Chevrolet,Malibu,2007,0,Chevrolet*Malibu*2007,Riverwood_Wv,605369,396002
165,35,976908,2012-12-31,IL,250/500,500,900.02,6000000,448466,Male,College,Craft-Repair,Camping,Own-Child,0,-49900,2015-02-24,Single Vehicle Collision,Front Collision,Total Loss,Other,Sc,Springfield,9007 Francis Hwy,8,1,No,1,3,Yes,69700,6970,6970,55760,Bmw,3 Series,2008,0,Bmw*3 Series*2008,Springfield_Sc,448466,976908
158,33,509489,2013-12-21,OH,100/300,1000,1744.64,3000000,432786,Male,Jd,Prof-Specialty,Movies,Unmarried,0,0,2015-02-07,Multi-Vehicle Collision,Rear Collision,Total Loss,Ambulance,Wv,Springfield,1491 Francis Ridge,4,3,No,0,1,No,36400,3640,7280,25480,Volkswagen,Jetta,1998,0,Volkswagen*Jetta*1998,Springfield_Wv,432786,509489
241,39,485295,2005-04-28,OH,250/500,1000,1260.56,0,473591,Female,Jd,Adm-Clerical,Paintball,Own-Child,0,-54900,2015-02-22,Multi-Vehicle Collision,Side Collision,Minor Damage,Police,Sc,Northbrook,3659 Oak Lane,20,3,No,0,2,Yes,37520,4690,4690,28140,Jeep,Wrangler,2010,0,Jeep*Wrangler*2010,Northbrook_Sc,473591,485295
103,33,361829,1994-09-17,OH,500/1000,2000,1021.14,0,618418,Female,Masters,Other-Service,Paintball,Wife,69500,-47700,2015-01-19,Multi-Vehicle Collision,Side Collision,Major Damage,Ambulance,Ny,Northbend,4176 Britain Hwy,1,3,No,2,3,?,79090,14380,14380,50330,Dodge,Ram,2014,0,Dodge*Ram*2014,Northbend_Ny,618418,361829
402,54,603632,2003-08-16,OH,250/500,2000,1285.09,0,444558,Male,Jd,Farming-Fishing,Board-Games,Not-In-Family,48000,-79600,2015-02-28,Single Vehicle Collision,Rear Collision,Major Damage,Other,Ny,Springfield,5189 Francis Drive,19,1,No,0,2,Yes,67770,7530,15060,45180,Mercedes,Ml350,2013,1,Mercedes*Ml350*2013,Springfield_Ny,444558,603632
102,32,783494,2014-09-02,OH,100/300,500,1537.07,3000000,457733,Male,Jd,Tech-Support,Chess,Wife,0,0,2015-02-04,Single Vehicle Collision,Side Collision,Total Loss,Other,Oh,Northbend,6515 Oak Lane,11,1,No,1,0,No,47400,9480,4740,33180,Chevrolet,Silverado,2004,1,Chevrolet*Silverado*2004,Northbend_Oh,457733,783494
182,40,439049,2011-12-12,IN,100/300,1000,1022.42,0,466161,Male,Phd,Other-Service,Skydiving,Husband,50000,-56900,2015-02-17,Single Vehicle Collision,Front Collision,Total Loss,Other,Sc,Northbend,7168 Andromedia Ridge,13,1,Yes,0,2,?,71100,7110,14220,49770,Audi,A3,2008,0,Audi*A3*2008,Northbend_Sc,466161,439049
282,46,502634,1991-08-17,OH,100/300,2000,1558.86,0,450800,Male,Md,Other-Service,Dancing,Wife,51100,-75100,2015-02-17,Single Vehicle Collision,Front Collision,Minor Damage,Police,Ny,Springfield,7954 Tree Ridge,2,1,?,2,2,No,69400,13880,6940,48580,Bmw,M5,2012,0,Bmw*M5*2012,Springfield_Ny,450800,502634
222,39,378588,2004-02-29,OH,500/1000,500,1757.87,0,458993,Male,High School,Transport-Moving,Board-Games,Not-In-Family,71400,0,2015-01-17,Multi-Vehicle Collision,Rear Collision,Major Damage,Other,Sc,Northbrook,1956 Apache St,9,3,Yes,2,1,?,55000,5000,10000,40000,Saab,93,1996,1,Saab*93*1996,Northbrook_Sc,458993,378588
415,52,794731,2015-02-22,IN,250/500,1000,973.5,0,468634,Male,Phd,Machine-Op-Inspct,Polo,Not-In-Family,50400,0,2015-02-02,Multi-Vehicle Collision,Rear Collision,Total Loss,Police,Wv,Arlington,9918 Andromedia Drive,15,2,Yes,1,3,Yes,51090,7860,7860,35370,Toyota,Highlander,2003,0,Toyota*Highlander*2003,Arlington_Wv,468634,794731
51,34,641934,2013-12-25,OH,500/1000,500,1430.8,0,461264,Male,Phd,Machine-Op-Inspct,Camping,Unmarried,0,0,2015-02-12,Single Vehicle Collision,Side Collision,Major Damage,Fire,Ny,Springfield,5499 Flute Ridge,23,1,?,2,3,No,64200,6420,19260,38520,Honda,Civic,2007,1,Honda*Civic*2007,Springfield_Ny,461264,641934
255,45,113516,1990-10-13,IL,500/1000,500,1192.27,0,600184,Male,High School,Sales,Base-Jumping,Own-Child,0,-40200,2015-01-04,Single Vehicle Collision,Front Collision,Total Loss,Other,Nc,Riverwood,3311 2nd Drive,16,1,No,2,0,Yes,67320,12240,12240,42840,Ford,Fusion,2006,0,Ford*Fusion*2006,Riverwood_Nc,600184,113516
143,31,425631,2014-07-05,IL,250/500,500,1163.83,0,604874,Male,Associate,Protective-Serv,Movies,Husband,37700,0,2015-02-21,Multi-Vehicle Collision,Side Collision,Major Damage,Other,Nc,Arlington,7609 Rock St,21,4,Yes,2,0,?,76120,6920,13840,55360,Audi,A5,1999,0,Audi*A5*1999,Arlington_Nc,604874,425631
130,28,542245,1991-11-25,OH,500/1000,1000,1003.15,0,462377,Female,Jd,Farming-Fishing,Movies,Other-Relative,0,-38500,2015-01-23,Multi-Vehicle Collision,Front Collision,Minor Damage,Ambulance,Sc,Hillsdale,4652 Flute Drive,21,2,Yes,2,1,No,85020,13080,13080,58860,Ford,Fusion,2010,0,Ford*Fusion*2010,Hillsdale_Sc,462377,542245
242,41,512894,1990-10-02,OH,250/500,2000,1153.54,6000000,619657,Male,Masters,Protective-Serv,Polo,Unmarried,0,-57000,2015-02-12,Multi-Vehicle Collision,Rear Collision,Minor Damage,Fire,Ny,Northbrook,6853 Sky Hwy,3,3,No,0,1,?,68090,12380,12380,43330,Toyota,Corolla,2009,0,Toyota*Corolla*2009,Northbrook_Ny,619657,512894
96,27,633090,2009-02-17,IL,100/300,1000,1631.1,0,437323,Female,High School,Priv-House-Serv,Exercise,Wife,0,0,2015-01-23,Parked Car,?,Trivial Damage,Police,Wv,Arlington,7780 Flute Lane,4,1,?,1,2,No,6030,670,670,4690,Nissan,Pathfinder,2007,0,Nissan*Pathfinder*2007,Arlington_Wv,437323,633090
180,35,464234,2005-07-17,IL,500/1000,1000,1252.48,0,432148,Male,Md,Machine-Op-Inspct,Yachting,Wife,0,-55800,2015-02-10,Vehicle Theft,?,Minor Damage,Nan,Oh,Springfield,1687 3rd Lane,17,1,?,1,3,No,5100,1020,510,3570,Chevrolet,Malibu,2000,0,Chevrolet*Malibu*2000,Springfield_Oh,432148,464234
150,30,290162,1994-03-12,IN,100/300,1000,1677.26,0,439690,Male,College,Sales,Yachting,Own-Child,40100,0,2015-01-10,Vehicle Theft,?,Trivial Damage,Police,Wv,Springfield,6378 Britain Ave,7,1,Yes,1,3,Yes,4590,510,510,3570,Volkswagen,Jetta,2013,0,Volkswagen*Jetta*2013,Springfield_Wv,439690,290162
463,59,638155,1994-08-03,IL,250/500,1000,979.73,0,601848,Female,Jd,Exec-Managerial,Yachting,Not-In-Family,51700,0,2015-02-12,Multi-Vehicle Collision,Front Collision,Major Damage,Other,Sc,Columbus,1306 Andromedia St,14,2,?,1,2,No,72400,7240,14480,50680,Chevrolet,Tahoe,1999,1,Chevrolet*Tahoe*1999,Columbus_Sc,601848,638155
472,64,911429,2012-08-25,IN,250/500,500,989.24,0,615821,Male,Masters,Other-Service,Skydiving,Not-In-Family,0,0,2015-02-21,Single Vehicle Collision,Front Collision,Major Damage,Fire,Ny,Northbrook,3664 Francis Ridge,13,1,No,2,3,No,70900,14180,7090,49630,Mercedes,Ml350,2002,0,Mercedes*Ml350*2002,Northbrook_Ny,615821,911429
75,25,106186,2011-12-02,IL,500/1000,1000,1389.86,0,472475,Female,Associate,Priv-House-Serv,Hiking,Husband,0,0,2015-01-18,Multi-Vehicle Collision,Side Collision,Total Loss,Other,Wv,Springfield,5985 Lincoln Lane,23,2,?,2,3,Yes,65100,6510,6510,52080,Saab,93,2011,0,Saab*93*2011,Springfield_Wv,472475,106186
193,40,311783,2005-02-25,OH,100/300,500,1233.85,0,457463,Female,College,Handlers-Cleaners,Chess,Husband,0,0,2015-02-28,Multi-Vehicle Collision,Side Collision,Total Loss,Ambulance,Pa,Hillsdale,3706 4th Hwy,23,3,?,2,1,Yes,64260,0,14280,49980,Ford,Escape,1999,0,Ford*Escape*1999,Hillsdale_Pa,457463,311783
43,43,528385,1997-11-07,IL,500/1000,500,1320.39,0,604861,Female,Associate,Armed-Forces,Yachting,Not-In-Family,0,0,2015-01-19,Single Vehicle Collision,Rear Collision,Major Damage,Ambulance,Wv,Arlington,6603 Francis Hwy,16,1,?,2,1,?,79970,7270,21810,50890,Honda,Crv,1996,1,Honda*Crv*1996,Arlington_Wv,604861,528385
253,41,228403,2004-04-20,IN,100/300,1000,1435.09,0,471519,Female,College,Machine-Op-Inspct,Bungie-Jumping,Not-In-Family,36600,0,2015-01-11,Single Vehicle Collision,Rear Collision,Total Loss,Police,Sc,Northbrook,7069 4th Hwy,17,1,No,2,0,?,56610,6290,6290,44030,Chevrolet,Tahoe,1995,0,Chevrolet*Tahoe*1995,Northbrook_Sc,471519,228403
152,30,209177,2009-11-17,IN,500/1000,500,1448.54,0,618682,Female,Jd,Craft-Repair,Polo,Wife,58600,0,2015-02-11,Single Vehicle Collision,Side Collision,Major Damage,Fire,Va,Northbrook,5093 Flute Lane,9,1,Yes,1,1,?,84590,7690,7690,69210,Toyota,Highlander,2000,1,Toyota*Highlander*2000,Northbrook_Va,618682,209177
160,38,497929,2009-09-19,OH,250/500,500,1733.56,0,441425,Male,High School,Sales,Sleeping,Wife,0,-43800,2015-01-09,Multi-Vehicle Collision,Side Collision,Major Damage,Fire,Sc,Hillsdale,5894 Flute Drive,13,3,No,2,1,Yes,66780,7420,14840,44520,Mercedes,Ml350,1996,0,Mercedes*Ml350*1996,Hillsdale_Sc,441425,497929
56,36,735844,2009-11-08,IN,100/300,500,1533.07,0,609336,Male,Jd,Farming-Fishing,Exercise,Own-Child,0,-28800,2015-01-20,Single Vehicle Collision,Rear Collision,Major Damage,Police,Nc,Springfield,8459 Apache Ave,13,1,Yes,1,2,Yes,58500,0,6500,52000,Ford,Escape,2001,0,Ford*Escape*2001,Springfield_Nc,609336,735844
286,41,710741,2001-09-12,IL,100/300,500,1106.77,0,603320,Female,College,Prof-Specialty,Golf,Other-Relative,45500,-62500,2015-02-26,Parked Car,?,Trivial Damage,Police,Wv,Columbus,7447 Lincoln Ridge,3,1,?,2,0,No,5000,500,500,4000,Dodge,Ram,2003,0,Dodge*Ram*2003,Columbus_Wv,603320,710741
3,29,276804,1992-11-27,IL,100/300,500,995.7,5000000,615446,Female,Jd,Priv-House-Serv,Chess,Unmarried,0,0,2015-02-02,Parked Car,?,Trivial Damage,Police,Pa,Springfield,1821 Andromedia Ridge,3,1,?,2,1,?,5000,500,1000,3500,Mercedes,E400,2008,1,Mercedes*E400*2008,Springfield_Pa,615446,276804
286,41,507545,1998-12-07,IL,250/500,1000,1298.85,6000000,435967,Female,High School,Sales,Camping,Other-Relative,71300,-70300,2015-01-04,Multi-Vehicle Collision,Front Collision,Major Damage,Ambulance,Ny,Columbus,6859 Flute Ridge,16,3,?,1,3,Yes,54450,6050,12100,36300,Saab,92X,2007,0,Saab*92X*2007,Columbus_Ny,435967,507545
239,38,485642,1990-08-25,OH,250/500,1000,1276.73,5000000,610246,Female,Masters,Handlers-Cleaners,Bungie-Jumping,Other-Relative,0,0,2015-02-19,Multi-Vehicle Collision,Front Collision,Major Damage,Police,Wv,Northbrook,4175 Elm Ridge,12,3,No,1,3,?,61920,6880,6880,48160,Saab,93,2003,0,Saab*93*2003,Northbrook_Wv,610246,485642
64,29,796375,2011-10-22,OH,250/500,2000,1202.28,0,479327,Male,High School,Exec-Managerial,Cross-Fit,Other-Relative,0,-61400,2015-01-12,Single Vehicle Collision,Side Collision,Minor Damage,Ambulance,Va,Hillsdale,5007 Oak St,4,1,?,1,2,No,43700,4370,4370,34960,Nissan,Pathfinder,2007,1,Nissan*Pathfinder*2007,Hillsdale_Va,479327,796375
98,31,171183,1990-02-01,IN,100/300,500,671.92,0,468300,Male,Masters,Machine-Op-Inspct,Bungie-Jumping,Wife,0,-26400,2015-01-24,Single Vehicle Collision,Front Collision,Minor Damage,Other,Nc,Riverwood,5790 Flute Ridge,3,1,?,2,0,?,64080,7120,7120,49840,Ford,Escape,1997,0,Ford*Escape*1997,Riverwood_Nc,468300,171183
16,35,110084,1990-11-27,IL,250/500,1000,1358.03,0,612660,Male,Jd,Sales,Chess,Own-Child,59300,-31400,2015-02-17,Single Vehicle Collision,Rear Collision,Total Loss,Other,Sc,Hillsdale,8704 Britain Lane,0,1,No,2,1,?,55000,10000,10000,35000,Volkswagen,Jetta,2008,1,Volkswagen*Jetta*2008,Hillsdale_Sc,612660,110084
70,27,714784,2004-07-16,IN,250/500,1000,1008.79,4000000,466691,Female,Masters,Adm-Clerical,Video-Games,Own-Child,46000,0,2015-01-13,Vehicle Theft,?,Trivial Damage,Police,Wv,Columbus,7816 MLK Lane,19,1,No,2,3,?,4400,0,550,3850,Toyota,Camry,2000,0,Toyota*Camry*2000,Columbus_Wv,466691,714784
75,27,143924,1993-12-10,OH,100/300,1000,1141.1,0,468515,Male,Jd,Armed-Forces,Movies,Other-Relative,0,0,2015-02-28,Multi-Vehicle Collision,Side Collision,Minor Damage,Police,Sc,Hillsdale,3618 Maple Lane,15,2,?,0,1,Yes,71640,5970,11940,53730,Toyota,Highlander,2008,0,Toyota*Highlander*2008,Hillsdale_Sc,468515,143924
246,44,996850,1995-03-08,OH,100/300,1000,1397.0,0,614521,Male,High School,Machine-Op-Inspct,Reading,Not-In-Family,0,0,2015-01-03,Single Vehicle Collision,Rear Collision,Minor Damage,Other,Ny,Arlington,7705 Lincoln Drive,6,1,No,1,0,No,61740,6860,6860,48020,Accura,Mdx,1997,0,Accura*Mdx*1997,Arlington_Ny,614521,996850
110,27,284834,2009-08-03,OH,500/1000,1000,1664.66,0,465921,Female,Associate,Priv-House-Serv,Golf,Own-Child,0,-66200,2015-02-05,Single Vehicle Collision,Side Collision,Total Loss,Ambulance,Sc,Springfield,8602 Washington Ridge,3,1,?,0,3,?,57500,5750,5750,46000,Audi,A3,2010,0,Audi*A3*2010,Springfield_Sc,465921,284834
236,39,830878,1996-11-03,IN,250/500,1000,1151.39,4000000,604555,Female,Masters,Exec-Managerial,Reading,Wife,0,-63900,2015-01-01,Parked Car,?,Minor Damage,Police,Ny,Springfield,2832 Andromedia Lane,17,1,Yes,0,0,?,8700,870,1740,6090,Accura,Rsx,2003,0,Accura*Rsx*2003,Springfield_Ny,604555,830878
267,46,270208,2004-08-09,OH,100/300,2000,1546.01,0,616276,Female,Md,Adm-Clerical,Polo,Wife,0,0,2015-01-06,Multi-Vehicle Collision,Front Collision,Total Loss,Police,Va,Riverwood,9760 4th Hwy,4,4,No,2,1,?,77100,15420,7710,53970,Volkswagen,Jetta,1996,0,Volkswagen*Jetta*1996,Riverwood_Va,616276,270208
463,57,407958,1991-07-20,IL,250/500,500,1063.67,0,463356,Male,Masters,Priv-House-Serv,Dancing,Wife,0,0,2015-02-03,Single Vehicle Collision,Front Collision,Minor Damage,Police,Ny,Springfield,2509 Rock Drive,14,1,No,2,0,Yes,59400,6600,6600,46200,Dodge,Neon,1995,0,Dodge*Neon*1995,Springfield_Ny,463356,407958
303,46,832300,2005-01-14,IN,100/300,1000,709.14,0,450184,Male,Masters,Machine-Op-Inspct,Kayaking,Husband,0,0,2015-02-12,Multi-Vehicle Collision,Rear Collision,Minor Damage,Fire,Ny,Northbrook,2063 Weaver St,3,3,No,1,0,No,54890,9980,4990,39920,Toyota,Corolla,2006,0,Toyota*Corolla*2006,Northbrook_Ny,450184,832300
137,30,927205,2011-12-16,IL,250/500,500,1039.55,0,466393,Male,Md,Exec-Managerial,Kayaking,Unmarried,55600,-59700,2015-02-16,Multi-Vehicle Collision,Front Collision,Minor Damage,Other,Wv,Columbus,3818 Texas Ridge,4,3,?,2,1,?,74030,6730,13460,53840,Chevrolet,Tahoe,2005,0,Chevrolet*Tahoe*2005,Columbus_Wv,466393,927205
56,42,655356,1996-07-07,IL,250/500,500,1339.39,0,471786,Female,Associate,Adm-Clerical,Chess,Not-In-Family,0,0,2015-02-25,Single Vehicle Collision,Rear Collision,Total Loss,Other,Ny,Columbus,3929 Elm Ave,13,1,?,1,2,Yes,61490,11180,11180,39130,Bmw,X5,1998,0,Bmw*X5*1998,Columbus_Ny,471786,655356
75,27,831053,1992-08-05,IN,250/500,1000,1202.75,0,602289,Male,High School,Handlers-Cleaners,Board-Games,Not-In-Family,57900,-90100,2015-01-21,Multi-Vehicle Collision,Front Collision,Minor Damage,Police,Sc,Northbrook,9911 Britain Lane,23,3,No,0,2,Yes,79560,6630,13260,59670,Volkswagen,Passat,2003,0,Volkswagen*Passat*2003,Northbrook_Sc,602289,831053
131,33,432740,1990-10-09,IL,100/300,2000,1081.17,0,445120,Male,Md,Sales,Yachting,Wife,0,-65200,2015-01-28,Parked Car,?,Minor Damage,Police,Ny,Northbend,3246 Britain Ridge,3,1,?,0,1,No,4900,490,490,3920,Toyota,Camry,2010,0,Toyota*Camry*2010,Northbend_Ny,445120,432740
153,34,893853,1994-02-27,IL,250/500,500,991.39,0,449260,Male,High School,Tech-Support,Paintball,Other-Relative,45600,-61400,2015-02-27,Multi-Vehicle Collision,Side Collision,Total Loss,Other,Wv,Springfield,2696 Cherokee Ridge,0,3,?,1,0,No,77770,14140,14140,49490,Nissan,Pathfinder,2000,0,Nissan*Pathfinder*2000,Springfield_Wv,449260,893853
255,43,594988,2007-05-06,IN,500/1000,500,984.02,0,472724,Female,Jd,Transport-Moving,Board-Games,Unmarried,75800,0,2015-02-10,Multi-Vehicle Collision,Side Collision,Major Damage,Fire,Sc,Columbus,5249 4th Ave,14,2,?,2,2,?,74700,7470,14940,52290,Nissan,Maxima,2007,1,Nissan*Maxima*2007,Columbus_Sc,472724,594988
103,26,979544,2014-04-21,IL,100/300,500,1354.83,0,475173,Male,Md,Tech-Support,Sleeping,Husband,66300,0,2015-01-18,Multi-Vehicle Collision,Front Collision,Minor Damage,Police,Ny,Arlington,4721 Cherokee Hwy,14,2,No,2,2,?,40600,4060,4060,32480,Volkswagen,Passat,2010,0,Volkswagen*Passat*2010,Arlington_Ny,475173,979544
97,28,191891,2010-02-11,OH,100/300,1000,830.31,0,443854,Male,Jd,Farming-Fishing,Video-Games,Husband,0,-32600,2015-01-13,Single Vehicle Collision,Rear Collision,Total Loss,Ambulance,Sc,Springfield,8212 Flute Ridge,22,1,?,1,0,?,45270,10060,10060,25150,Jeep,Wrangler,2006,0,Jeep*Wrangler*2006,Springfield_Sc,443854,191891
214,36,831479,2000-06-04,IL,100/300,2000,987.42,7000000,461418,Female,Associate,Machine-Op-Inspct,Kayaking,Own-Child,0,0,2015-01-31,Multi-Vehicle Collision,Front Collision,Minor Damage,Ambulance,Ny,Springfield,3592 MLK Ridge,17,3,No,0,3,?,47080,4280,8560,34240,Saab,93,2006,0,Saab*93*2006,Springfield_Ny,461418,831479
438,57,714346,1991-10-05,OH,500/1000,500,1119.29,0,616164,Female,Md,Machine-Op-Inspct,Chess,Husband,0,0,2015-01-15,Single Vehicle Collision,Side Collision,Minor Damage,Police,Sc,Hillsdale,6494 4th Ave,14,1,?,0,0,No,40700,4070,4070,32560,Volkswagen,Passat,2000,1,Volkswagen*Passat*2000,Hillsdale_Sc,616164,714346
87,27,326289,2004-01-03,OH,100/300,500,1048.39,0,620962,Female,Masters,Transport-Moving,Polo,Own-Child,0,0,2015-02-13,Single Vehicle Collision,Side Collision,Minor Damage,Police,Ny,Riverwood,6608 Apache Lane,2,1,?,2,1,Yes,34650,6300,3150,25200,Ford,F150,1996,0,Ford*F150*1996,Riverwood_Ny,620962,326289
27,28,944537,1992-07-23,OH,500/1000,1000,1074.47,0,465201,Male,Md,Protective-Serv,Camping,Wife,0,0,2015-02-13,Parked Car,?,Trivial Damage,Police,Wv,Riverwood,1553 Lincoln St,4,1,?,2,0,?,3200,400,400,2400,Jeep,Grand Cherokee,2012,0,Jeep*Grand Cherokee*2012,Riverwood_Wv,465201,944537
206,42,779156,1993-10-10,IL,500/1000,1000,1230.76,0,470488,Male,High School,Machine-Op-Inspct,Yachting,Unmarried,0,-74200,2015-01-03,Single Vehicle Collision,Rear Collision,Major Damage,Fire,Va,Hillsdale,7628 4th Lane,2,1,?,1,1,No,78980,7180,14360,57440,Saab,92X,1997,1,Saab*92X*1997,Hillsdale_Va,470488,779156
127,31,856153,2002-07-09,OH,500/1000,500,1255.02,0,462250,Male,Associate,Sales,Reading,Not-In-Family,58200,0,2015-01-13,Parked Car,?,Minor Damage,Nan,Sc,Riverwood,3028 5th St,10,1,Yes,1,0,No,6160,560,1120,4480,Nissan,Ultima,1996,0,Nissan*Ultima*1996,Riverwood_Sc,462250,856153
422,60,473338,2010-11-14,IN,100/300,1000,1555.52,0,436408,Female,Md,Machine-Op-Inspct,Hiking,Own-Child,43600,-67800,2015-02-14,Single Vehicle Collision,Front Collision,Major Damage,Ambulance,Nc,Northbrook,8949 Rock Hwy,11,1,Yes,1,1,No,85250,15500,7750,62000,Mercedes,E400,1999,0,Mercedes*E400*1999,Northbrook_Nc,436408,473338
303,50,521694,1997-03-03,IL,100/300,2000,836.11,5000000,464230,Male,Masters,Sales,Camping,Not-In-Family,0,0,2015-01-20,Multi-Vehicle Collision,Side Collision,Major Damage,Fire,Sc,Springfield,9751 Tree St,1,4,Yes,1,2,No,72840,12140,6070,54630,Dodge,Neon,2010,0,Dodge*Neon*2010,Springfield_Sc,464230,521694
228,40,136520,1997-03-01,IN,100/300,500,1450.98,0,478609,Male,Associate,Exec-Managerial,Base-Jumping,Husband,43700,0,2015-01-18,Parked Car,?,Trivial Damage,Police,Wv,Northbend,4702 Texas Drive,20,1,?,0,2,No,6050,1100,1100,3850,Toyota,Camry,2010,0,Toyota*Camry*2010,Northbend_Wv,478609,136520
239,39,730819,1990-08-18,IN,250/500,2000,625.08,0,437156,Female,Jd,Protective-Serv,Hiking,Wife,44200,-37000,2015-01-03,Single Vehicle Collision,Front Collision,Major Damage,Fire,Sc,Riverwood,2757 4th Hwy,10,1,No,2,3,Yes,87890,15980,7990,63920,Bmw,X6,2014,1,Bmw*X6*2014,Riverwood_Sc,437156,730819
330,47,912665,2014-05-28,IL,100/300,2000,1133.27,0,432218,Female,High School,Craft-Repair,Chess,Wife,0,-56400,2015-03-01,Multi-Vehicle Collision,Side Collision,Total Loss,Other,Ny,Northbrook,6678 Weaver Drive,20,2,?,0,2,Yes,60500,11000,5500,44000,Ford,F150,1999,1,Ford*F150*1999,Northbrook_Ny,432218,912665
128,35,469966,2004-07-22,IN,500/1000,500,1366.6,0,620493,Female,Md,Machine-Op-Inspct,Kayaking,Other-Relative,0,0,2015-01-01,Multi-Vehicle Collision,Front Collision,Minor Damage,Fire,Ny,Columbus,8667 Weaver Lane,10,3,?,2,1,No,88220,16040,16040,56140,Chevrolet,Malibu,2008,0,Chevrolet*Malibu*2008,Columbus_Ny,620493,469966
147,37,952300,2009-08-02,OH,500/1000,1000,1439.9,6000000,475391,Female,Associate,Prof-Specialty,Video-Games,Husband,0,-48400,2015-01-29,Multi-Vehicle Collision,Rear Collision,Total Loss,Other,Sc,Springfield,4931 Maple Drive,2,2,No,1,2,No,53680,9760,4880,39040,Accura,Mdx,2004,0,Accura*Mdx*2004,Springfield_Sc,475391,952300
287,45,322609,2007-07-05,OH,500/1000,1000,1230.69,0,440720,Male,Masters,Transport-Moving,Golf,Not-In-Family,0,-54600,2015-01-10,Single Vehicle Collision,Front Collision,Minor Damage,Fire,Va,Springfield,3808 5th Ave,19,1,No,0,2,No,53800,5380,5380,43040,Accura,Mdx,2006,0,Accura*Mdx*2006,Springfield_Va,440720,322609
142,29,890280,2010-01-24,OH,100/300,2000,1307.68,0,606942,Female,Md,Craft-Repair,Dancing,Husband,0,-48500,2015-01-29,Single Vehicle Collision,Rear Collision,Major Damage,Police,Ny,Columbus,1725 Solo Lane,10,1,Yes,1,2,No,54360,4530,9060,40770,Mercedes,E400,1995,1,Mercedes*E400*1995,Columbus_Ny,606942,890280
162,35,431583,2000-05-15,IL,500/1000,2000,1124.69,0,446971,Female,Masters,Handlers-Cleaners,Bungie-Jumping,Husband,0,0,2015-02-20,Single Vehicle Collision,Side Collision,Major Damage,Police,Wv,Arlington,8097 Maple Lane,14,1,Yes,0,3,Yes,54340,9880,4940,39520,Toyota,Camry,2001,0,Toyota*Camry*2001,Arlington_Wv,446971,431583
140,35,155912,2008-03-21,OH,100/300,1000,1520.78,0,470538,Female,High School,Craft-Repair,Chess,Wife,0,-42900,2015-01-21,Parked Car,?,Trivial Damage,Nan,Sc,Columbus,3320 5th Hwy,5,1,?,0,2,Yes,2860,520,260,2080,Chevrolet,Tahoe,1997,1,Chevrolet*Tahoe*1997,Columbus_Sc,470538,155912
106,28,110143,1990-05-07,OH,100/300,2000,1609.11,0,601177,Male,High School,Craft-Repair,Polo,Own-Child,0,0,2015-01-18,Vehicle Theft,?,Minor Damage,Police,Wv,Hillsdale,9573 2nd Ave,8,1,Yes,2,1,Yes,5490,0,1220,4270,Saab,95,1999,0,Saab*95*1999,Hillsdale_Wv,601177,110143
292,45,808544,1991-02-05,IL,500/1000,1000,1358.91,0,451470,Male,Masters,Craft-Repair,Dancing,Unmarried,0,0,2015-01-09,Vehicle Theft,?,Trivial Damage,Police,Wv,Northbend,8336 1st Ridge,4,1,No,0,2,?,7370,670,1340,5360,Suburu,Impreza,1997,0,Suburu*Impreza*1997,Northbend_Wv,451470,808544
34,34,409074,1992-03-19,OH,500/1000,500,1295.87,0,438529,Female,Phd,Priv-House-Serv,Chess,Husband,0,0,2015-01-13,Multi-Vehicle Collision,Side Collision,Major Damage,Ambulance,Nc,Columbus,3998 4th Hwy,4,3,?,1,0,No,50800,5080,5080,40640,Audi,A3,1997,1,Audi*A3*1997,Columbus_Nc,438529,409074
290,48,824728,2013-04-24,IL,250/500,500,1161.03,5000000,469742,Male,Associate,Adm-Clerical,Video-Games,Not-In-Family,45300,0,2015-02-13,Multi-Vehicle Collision,Side Collision,Minor Damage,Fire,Va,Northbrook,3966 Oak Hwy,20,2,?,1,1,?,41520,5190,5190,31140,Nissan,Ultima,2014,0,Nissan*Ultima*2014,Northbrook_Va,469742,824728
182,38,606037,2009-04-10,OH,500/1000,2000,1441.06,0,435534,Female,Masters,Armed-Forces,Movies,Husband,53800,-78300,2015-01-08,Single Vehicle Collision,Side Collision,Total Loss,Police,Ny,Riverwood,7601 Andromedia Lane,18,1,?,2,3,Yes,89650,8150,16300,65200,Dodge,Ram,2005,0,Dodge*Ram*2005,Riverwood_Ny,435534,606037
362,55,636843,2008-12-01,OH,100/300,1000,1097.99,0,442239,Female,Jd,Other-Service,Base-Jumping,Unmarried,44400,-71500,2015-02-17,Multi-Vehicle Collision,Rear Collision,Total Loss,Police,Ny,Hillsdale,5160 2nd Hwy,0,3,No,0,3,No,39690,0,0,39690,Suburu,Legacy,1998,0,Suburu*Legacy*1998,Hillsdale_Ny,442239,636843
143,32,111874,2000-07-05,IL,500/1000,1000,1464.42,0,468986,Female,High School,Exec-Managerial,Golf,Husband,79900,0,2015-01-15,Single Vehicle Collision,Rear Collision,Major Damage,Ambulance,Sc,Springfield,3288 Tree Lane,1,1,?,2,0,No,62260,5660,5660,50940,Saab,92X,1995,0,Saab*92X*1995,Springfield_Sc,468986,111874
183,38,439844,2014-06-11,IL,250/500,500,1543.68,0,606988,Female,Masters,Prof-Specialty,Paintball,Not-In-Family,20200,0,2015-01-24,Single Vehicle Collision,Side Collision,Major Damage,Police,Nc,Hillsdale,5874 1st Hwy,17,1,No,0,1,Yes,51920,9440,4720,37760,Audi,A3,2001,1,Audi*A3*2001,Hillsdale_Nc,606988,439844
254,40,463513,1995-04-23,IL,250/500,500,1390.89,5000000,453719,Male,College,Armed-Forces,Bungie-Jumping,Wife,0,-74400,2015-02-28,Single Vehicle Collision,Front Collision,Minor Damage,Other,Ny,Riverwood,6467 Best Ave,23,1,?,2,2,?,53460,9720,4860,38880,Volkswagen,Jetta,2009,0,Volkswagen*Jetta*2009,Riverwood_Ny,453719,463513
249,43,577858,1990-09-16,OH,100/300,2000,1148.58,0,475524,Female,Md,Adm-Clerical,Golf,Not-In-Family,0,-71200,2015-02-16,Multi-Vehicle Collision,Rear Collision,Total Loss,Fire,Sc,Arlington,6309 5th Ave,4,3,Yes,2,1,Yes,57100,5710,5710,45680,Honda,Crv,2014,0,Honda*Crv*2014,Arlington_Sc,475524,577858
169,36,607351,1998-12-11,IN,250/500,500,1616.26,0,617804,Male,High School,Exec-Managerial,Yachting,Unmarried,50700,-57600,2015-02-09,Multi-Vehicle Collision,Front Collision,Total Loss,Ambulance,Ny,Springfield,8212 Rock Ave,0,3,No,2,3,?,77440,14080,7040,56320,Dodge,Neon,2004,0,Dodge*Neon*2004,Springfield_Ny,617804,607351
235,40,682754,1995-10-09,IL,500/1000,500,1398.94,0,613399,Male,College,Craft-Repair,Bungie-Jumping,Husband,0,0,2015-01-24,Single Vehicle Collision,Side Collision,Minor Damage,Ambulance,Ny,Riverwood,4107 MLK Ridge,11,1,No,1,2,No,68300,6830,13660,47810,Suburu,Forrestor,2003,0,Suburu*Forrestor*2003,Riverwood_Ny,613399,682754
112,32,757352,1999-12-21,OH,500/1000,1000,1238.92,0,453400,Male,Associate,Other-Service,Base-Jumping,Other-Relative,57800,-53700,2015-02-11,Parked Car,?,Trivial Damage,Nan,Ny,Arlington,4558 3rd Hwy,4,1,?,0,2,?,5060,460,920,3680,Honda,Crv,2012,0,Honda*Crv*2012,Arlington_Ny,453400,757352
16,32,307469,2002-07-28,IL,100/300,1000,968.46,0,615767,Male,Md,Tech-Support,Chess,Not-In-Family,50800,-66200,2015-01-27,Multi-Vehicle Collision,Side Collision,Total Loss,Ambulance,Wv,Columbus,1762 Maple Hwy,0,3,?,0,2,?,59400,6600,13200,39600,Dodge,Ram,1995,1,Dodge*Ram*1995,Columbus_Wv,615767,307469
128,31,526296,1993-08-03,IL,100/300,500,1045.12,0,615311,Female,High School,Transport-Moving,Cross-Fit,Other-Relative,0,-28300,2015-01-19,Multi-Vehicle Collision,Side Collision,Major Damage,Ambulance,Ny,Springfield,5532 Francis Lane,2,3,No,0,2,?,69930,0,15540,54390,Ford,Escape,2013,1,Ford*Escape*2013,Springfield_Ny,615311,526296
103,27,658816,2007-12-16,IN,100/300,1000,1537.33,0,468470,Female,College,Handlers-Cleaners,Board-Games,Husband,0,-74800,2015-02-20,Multi-Vehicle Collision,Front Collision,Minor Damage,Police,Ny,Springfield,6158 Sky Ridge,11,3,Yes,1,1,No,77700,7770,15540,54390,Jeep,Wrangler,2008,0,Jeep*Wrangler*2008,Springfield_Ny,468470,658816
356,54,913337,2008-02-10,OH,500/1000,500,912.3,0,461383,Male,College,Prof-Specialty,Yachting,Wife,58500,-44000,2015-01-10,Multi-Vehicle Collision,Front Collision,Major Damage,Other,Sc,Northbend,9214 Elm Ridge,23,3,No,2,1,?,68750,12500,12500,43750,Audi,A5,2007,1,Audi*A5*2007,Northbend_Sc,461383,913337
109,29,488464,2006-10-01,OH,100/300,2000,1007.28,6000000,457727,Female,High School,Adm-Clerical,Movies,Husband,0,0,2015-02-21,Multi-Vehicle Collision,Side Collision,Minor Damage,Police,Ny,Riverwood,1833 Solo Ave,17,3,No,1,3,Yes,91080,16560,16560,57960,Jeep,Wrangler,1995,0,Jeep*Wrangler*1995,Riverwood_Ny,457727,488464
2,20,480094,2003-03-09,IN,500/1000,1000,1189.98,4000000,613327,Female,High School,Craft-Repair,Golf,Other-Relative,0,-54700,2015-02-01,Single Vehicle Collision,Side Collision,Minor Damage,Other,Wv,Columbus,1953 Sky Lane,22,1,No,1,3,Yes,48360,4030,8060,36270,Audi,A5,2000,0,Audi*A5*2000,Columbus_Wv,613327,480094
198,34,263108,2003-05-29,OH,250/500,1000,1576.41,0,614941,Male,Associate,Handlers-Cleaners,Kayaking,Other-Relative,0,-55100,2015-02-25,Single Vehicle Collision,Side Collision,Major Damage,Other,Wv,Hillsdale,6834 1st Drive,18,1,Yes,1,1,Yes,95000,9500,9500,76000,Ford,F150,2001,0,Ford*F150*2001,Hillsdale_Wv,614941,263108
107,32,298412,2002-05-06,OH,100/300,500,1172.82,4000000,440680,Male,Associate,Machine-Op-Inspct,Yachting,Other-Relative,82100,0,2015-02-24,Vehicle Theft,?,Trivial Damage,Police,Sc,Arlington,9562 4th Ridge,8,1,?,1,3,No,3900,780,390,2730,Ford,F150,2010,0,Ford*F150*2010,Arlington_Sc,440680,298412
252,39,261905,2004-02-28,IL,500/1000,500,1312.22,9000000,609949,Male,High School,Transport-Moving,Cross-Fit,Other-Relative,0,-33300,2015-02-21,Multi-Vehicle Collision,Front Collision,Minor Damage,Other,Nc,Riverwood,4835 Britain Ridge,15,3,?,0,3,No,59400,11880,5940,41580,Jeep,Grand Cherokee,2010,1,Jeep*Grand Cherokee*2010,Riverwood_Nc,609949,261905
303,43,674485,1999-01-14,OH,500/1000,1000,671.01,7000000,479655,Female,Associate,Machine-Op-Inspct,Camping,Other-Relative,42900,-61500,2015-01-08,Single Vehicle Collision,Rear Collision,Minor Damage,Fire,Nc,Springfield,8548 Cherokee Ridge,20,1,?,2,0,?,60210,6690,6690,46830,Nissan,Maxima,2013,0,Nissan*Maxima*2013,Springfield_Nc,479655,674485
101,32,223404,2002-01-23,IL,250/500,500,895.14,0,439964,Male,Jd,Sales,Video-Games,Other-Relative,52600,-30400,2015-01-10,Single Vehicle Collision,Front Collision,Minor Damage,Ambulance,Sc,Columbus,2352 MLK Drive,4,1,?,0,3,Yes,43600,8720,4360,30520,Suburu,Legacy,2010,0,Suburu*Legacy*2010,Columbus_Sc,439964,223404
446,57,991480,1992-12-09,IN,100/300,2000,1373.21,0,478486,Male,College,Adm-Clerical,Sleeping,Unmarried,42700,-64900,2015-02-14,Multi-Vehicle Collision,Front Collision,Total Loss,Police,Sc,Northbrook,9734 2nd Ridge,10,3,No,0,0,No,62800,6280,12560,43960,Jeep,Wrangler,2012,0,Jeep*Wrangler*2012,Northbrook_Sc,478486,991480
330,48,804219,1998-06-24,OH,250/500,1000,1625.65,0,466498,Male,College,Farming-Fishing,Skydiving,Husband,0,0,2015-02-26,Single Vehicle Collision,Side Collision,Major Damage,Ambulance,Va,Springfield,3122 Apache Drive,10,1,Yes,1,3,?,59500,11900,5950,41650,Dodge,Neon,2006,0,Dodge*Neon*2006,Springfield_Va,466498,804219
211,37,483088,2011-01-06,OH,250/500,2000,1295.63,4000000,430878,Female,Phd,Armed-Forces,Skydiving,Not-In-Family,42200,-33800,2015-01-30,Multi-Vehicle Collision,Front Collision,Total Loss,Police,Wv,Northbend,9816 Britain St,22,3,Yes,1,0,?,53460,5940,5940,41580,Honda,Crv,2009,0,Honda*Crv*2009,Northbend_Wv,430878,483088
172,33,100804,2012-02-24,IL,100/300,1000,1459.96,6000000,600127,Female,High School,Adm-Clerical,Reading,Wife,41300,-42000,2015-01-07,Multi-Vehicle Collision,Side Collision,Total Loss,Ambulance,Ny,Northbend,8214 Flute St,15,3,No,0,1,No,41690,7580,7580,26530,Saab,95,1999,0,Saab*95*1999,Northbend_Ny,600127,100804
316,46,941807,2011-06-25,OH,100/300,500,1219.94,7000000,431968,Female,Masters,Prof-Specialty,Paintball,Wife,0,-51000,2015-02-27,Single Vehicle Collision,Side Collision,Minor Damage,Ambulance,Ny,Arlington,6259 Lincoln Hwy,13,1,?,0,1,Yes,63100,6310,12620,44170,Accura,Tl,2000,0,Accura*Tl*2000,Arlington_Ny,431968,941807
435,60,593466,2006-11-21,OH,500/1000,500,1064.49,5000000,462804,Male,Associate,Priv-House-Serv,Chess,Other-Relative,73500,-43300,2015-02-13,Single Vehicle Collision,Front Collision,Total Loss,Ambulance,Wv,Arlington,4492 Andromedia Ave,23,1,No,2,1,?,62880,5240,10480,47160,Mercedes,E400,2007,1,Mercedes*E400*2007,Arlington_Wv,462804,593466
344,51,437442,2008-06-27,IL,100/300,1000,959.83,0,435809,Female,Masters,Sales,Paintball,Not-In-Family,0,-38700,2015-02-02,Multi-Vehicle Collision,Side Collision,Major Damage,Fire,Ny,Northbend,6179 3rd Ridge,18,3,?,2,2,Yes,75400,17400,11600,46400,Bmw,X6,2006,1,Bmw*X6*2006,Northbend_Ny,435809,437442
204,40,942106,1993-08-30,OH,250/500,2000,1767.02,0,453193,Male,Jd,Machine-Op-Inspct,Hiking,Husband,0,-49300,2015-02-27,Single Vehicle Collision,Rear Collision,Total Loss,Ambulance,Sc,Arlington,3799 Embaracadero Drive,7,1,Yes,1,1,No,46200,4200,8400,33600,Audi,A5,1997,0,Audi*A5*1997,Arlington_Sc,453193,942106
278,47,794951,2008-04-21,IN,500/1000,500,1285.01,0,459630,Male,Masters,Machine-Op-Inspct,Sleeping,Not-In-Family,0,-39800,2015-02-02,Single Vehicle Collision,Rear Collision,Major Damage,Ambulance,Va,Hillsdale,5071 1st Lane,21,1,No,2,2,Yes,58500,5850,5850,46800,Toyota,Camry,2010,0,Toyota*Camry*2010,Hillsdale_Va,459630,794951
434,57,182450,2000-06-23,OH,500/1000,2000,1422.95,0,608982,Male,Jd,Transport-Moving,Bungie-Jumping,Husband,0,0,2015-01-17,Multi-Vehicle Collision,Rear Collision,Major Damage,Other,Sc,Columbus,6574 4th Drive,15,3,No,1,3,No,66240,11040,11040,44160,Nissan,Maxima,2003,0,Nissan*Maxima*2003,Columbus_Sc,608982,182450
209,36,730973,2010-01-11,IN,100/300,2000,1223.39,0,452218,Female,Md,Craft-Repair,Camping,Wife,0,0,2015-01-12,Multi-Vehicle Collision,Rear Collision,Total Loss,Ambulance,Pa,Hillsdale,2711 Britain Ave,17,3,?,1,3,?,65440,8180,8180,49080,Jeep,Wrangler,2014,0,Jeep*Wrangler*2014,Hillsdale_Pa,452218,730973
250,43,687755,1990-03-28,IL,500/1000,2000,1539.06,0,434150,Male,Masters,Sales,Exercise,Other-Relative,37800,0,2015-01-20,Single Vehicle Collision,Front Collision,Minor Damage,Fire,Sc,Hillsdale,4214 MLK Ridge,2,1,No,0,3,?,64200,10700,10700,42800,Ford,F150,2002,0,Ford*F150*2002,Hillsdale_Sc,434150,687755
61,25,757644,1998-01-29,IN,100/300,2000,988.06,0,460579,Female,Masters,Other-Service,Dancing,Not-In-Family,0,0,2015-02-05,Multi-Vehicle Collision,Rear Collision,Minor Damage,Ambulance,Wv,Northbend,7976 Britain Drive,1,3,Yes,1,0,No,32320,4040,4040,24240,Dodge,Ram,2000,0,Dodge*Ram*2000,Northbend_Wv,460579,757644
80,28,998865,2014-12-05,IL,500/1000,1000,1740.57,0,442142,Female,College,Farming-Fishing,Golf,Wife,0,-18600,2015-01-20,Single Vehicle Collision,Rear Collision,Major Damage,Police,Sc,Northbend,4995 Weaver Ridge,3,1,?,0,1,?,33480,3720,3720,26040,Dodge,Neon,2011,0,Dodge*Neon*2011,Northbend_Sc,442142,998865
25,38,944953,1995-12-07,OH,250/500,1000,1540.91,7000000,608807,Male,College,Adm-Clerical,Polo,Wife,40900,0,2015-02-24,Vehicle Theft,?,Trivial Damage,Nan,Va,Northbend,1515 Embaracadero St,0,1,No,1,1,Yes,4320,480,960,2880,Toyota,Corolla,1995,0,Toyota*Corolla*1995,Northbend_Va,608807,944953
4,29,386429,2002-05-27,IL,250/500,500,1381.88,5000000,433153,Male,High School,Tech-Support,Exercise,Other-Relative,0,-77800,2015-02-21,Vehicle Theft,?,Trivial Damage,Police,Sc,Hillsdale,2968 Andromedia Ave,4,1,No,0,2,?,4200,840,420,2940,Jeep,Wrangler,2008,0,Jeep*Wrangler*2008,Hillsdale_Sc,433153,386429
32,29,108270,2002-08-09,OH,100/300,500,1446.98,0,436560,Male,Md,Adm-Clerical,Sleeping,Own-Child,0,-45700,2015-02-11,Multi-Vehicle Collision,Front Collision,Minor Damage,Ambulance,Ny,Arlington,9236 2nd Hwy,11,3,Yes,2,0,No,57970,10540,5270,42160,Saab,93,2006,0,Saab*93*2006,Arlington_Ny,436560,108270
125,31,205134,2012-12-02,IN,500/1000,500,1220.86,0,436784,Male,Jd,Other-Service,Paintball,Husband,55400,-40400,2015-01-24,Parked Car,?,Trivial Damage,Nan,Ny,Arlington,9639 Britain Ridge,4,1,Yes,1,2,?,4320,0,960,3360,Saab,93,2003,0,Saab*93*2003,Arlington_Ny,436784,205134
276,45,749325,2000-03-22,IL,500/1000,500,948.1,0,430621,Female,High School,Machine-Op-Inspct,Reading,Wife,44500,-61400,2015-01-06,Multi-Vehicle Collision,Front Collision,Minor Damage,Fire,Sc,Columbus,9422 Washington Ridge,11,3,?,0,2,?,69300,13860,6930,48510,Ford,Escape,2010,0,Ford*Escape*2010,Columbus_Sc,430621,749325
148,30,774303,2002-04-13,OH,100/300,500,1471.24,0,601574,Female,Masters,Farming-Fishing,Camping,Own-Child,57500,-93600,2015-01-15,Multi-Vehicle Collision,Side Collision,Minor Damage,Police,Nc,Riverwood,1213 4th Lane,4,3,No,2,2,No,32480,4060,4060,24360,Dodge,Neon,1997,0,Dodge*Neon*1997,Riverwood_Nc,601574,774303
222,38,698470,2008-06-17,IN,100/300,2000,1157.97,0,433853,Male,Md,Machine-Op-Inspct,Hiking,Not-In-Family,0,-64500,2015-02-22,Single Vehicle Collision,Front Collision,Total Loss,Police,Ny,Hillsdale,3872 5th Drive,20,1,?,2,2,Yes,60480,6720,6720,47040,Accura,Tl,2001,0,Accura*Tl*2001,Hillsdale_Ny,433853,698470
32,38,719989,1994-04-07,IL,250/500,2000,566.11,5000000,453164,Male,Associate,Armed-Forces,Polo,Unmarried,0,0,2015-01-21,Parked Car,?,Trivial Damage,Police,Nc,Springfield,9397 5th Hwy,22,1,Yes,0,0,No,2640,440,440,1760,Honda,Crv,2015,0,Honda*Crv*2015,Springfield_Nc,453164,719989
78,27,309323,1992-02-29,OH,500/1000,500,1060.88,0,613931,Male,Jd,Other-Service,Skydiving,Other-Relative,0,-66500,2015-02-03,Parked Car,?,Trivial Damage,Police,Sc,Northbend,8876 1st St,4,1,No,0,3,No,6050,550,1100,4400,Volkswagen,Passat,2009,0,Volkswagen*Passat*2009,Northbend_Sc,613931,309323
238,43,444035,1996-05-11,OH,250/500,1000,1524.45,4000000,607458,Male,High School,Handlers-Cleaners,Chess,Wife,0,-44800,2015-02-16,Multi-Vehicle Collision,Rear Collision,Total Loss,Ambulance,Nc,Hillsdale,3397 5th Ave,21,4,No,0,0,No,42700,4270,4270,34160,Saab,92X,1995,1,Saab*92X*1995,Hillsdale_Nc,607458,444035
313,47,431478,2013-04-03,IN,250/500,1000,1556.17,0,463835,Male,College,Prof-Specialty,Reading,Wife,63900,-53300,2015-02-07,Single Vehicle Collision,Front Collision,Major Damage,Ambulance,Sc,Hillsdale,3263 Pine Ridge,20,1,Yes,1,3,No,40260,3660,7320,29280,Accura,Mdx,1996,1,Accura*Mdx*1996,Hillsdale_Sc,463835,431478
334,50,797634,2009-11-12,OH,500/1000,500,1216.24,0,613945,Male,Masters,Priv-House-Serv,Polo,Wife,26700,-47200,2015-01-14,Single Vehicle Collision,Rear Collision,Major Damage,Fire,Ny,Columbus,8639 5th Hwy,7,1,No,2,0,?,50000,5000,10000,35000,Chevrolet,Silverado,2008,0,Chevrolet*Silverado*2008,Columbus_Ny,613945,797634
190,35,284836,2008-11-05,IN,250/500,500,1484.72,5000000,432699,Female,High School,Tech-Support,Golf,Husband,0,0,2015-02-02,Parked Car,?,Trivial Damage,Nan,Ny,Riverwood,5743 4th Ridge,4,1,No,0,1,No,3840,640,320,2880,Saab,92X,1998,0,Saab*92X*1998,Riverwood_Ny,432699,284836
194,41,238196,1993-02-15,IL,250/500,500,1203.81,0,613119,Male,Jd,Transport-Moving,Video-Games,Not-In-Family,52500,-51300,2015-02-06,Multi-Vehicle Collision,Rear Collision,Minor Damage,Police,Wv,Springfield,3555 Francis Ridge,17,3,?,0,2,?,95900,13700,20550,61650,Saab,95,1999,0,Saab*95*1999,Springfield_Wv,613119,238196
290,47,885789,2008-07-21,IN,250/500,1000,1393.34,0,472922,Male,High School,Exec-Managerial,Bungie-Jumping,Other-Relative,0,-61400,2015-01-15,Multi-Vehicle Collision,Side Collision,Minor Damage,Ambulance,Wv,Northbend,4939 Oak Lane,20,3,Yes,1,3,Yes,56160,6240,12480,37440,Audi,A5,2002,0,Audi*A5*2002,Northbend_Wv,472922,885789
26,42,287436,2010-09-11,OH,100/300,1000,1484.48,0,613849,Male,Phd,Armed-Forces,Sleeping,Not-In-Family,50700,-36300,2015-02-24,Single Vehicle Collision,Side Collision,Major Damage,Police,Sc,Riverwood,3100 Best St,10,1,No,2,3,?,63030,5730,11460,45840,Saab,92X,1996,0,Saab*92X*1996,Riverwood_Sc,613849,287436
254,41,496067,1995-12-22,IL,250/500,500,1581.27,5000000,603827,Female,Phd,Handlers-Cleaners,Skydiving,Own-Child,42200,-48000,2015-01-07,Single Vehicle Collision,Front Collision,Minor Damage,Police,Ny,Riverwood,3029 5th Ave,8,1,Yes,2,2,No,63470,5770,11540,46160,Bmw,X6,1999,0,Bmw*X6*1999,Riverwood_Ny,603827,496067
199,38,206004,1991-09-26,IL,250/500,1000,1281.25,0,467780,Female,High School,Tech-Support,Movies,Other-Relative,0,-53100,2015-02-04,Single Vehicle Collision,Front Collision,Major Damage,Police,Wv,Columbus,8941 Solo Ridge,6,1,?,0,2,No,44440,8080,4040,32320,Bmw,X6,2007,1,Bmw*X6*2007,Columbus_Wv,467780,206004
137,35,153027,2010-03-11,IN,250/500,500,1667.83,0,460586,Male,Jd,Prof-Specialty,Paintball,Husband,48500,-67400,2015-02-04,Parked Car,?,Minor Damage,Police,Wv,Northbrook,4447 Francis Hwy,4,1,Yes,1,1,No,6600,1200,1200,4200,Jeep,Grand Cherokee,2005,0,Jeep*Grand Cherokee*2005,Northbrook_Wv,460586,153027
134,36,469426,1990-07-15,OH,250/500,1000,1497.41,0,613842,Male,Phd,Machine-Op-Inspct,Kayaking,Husband,14100,-44500,2015-01-25,Multi-Vehicle Collision,Side Collision,Minor Damage,Ambulance,Wv,Northbrook,7701 Tree St,17,3,No,2,0,Yes,77200,9650,9650,57900,Ford,Escape,1996,0,Ford*Escape*1996,Northbrook_Wv,613842,469426
73,30,654974,2009-05-10,OH,100/300,500,803.36,0,435371,Female,High School,Protective-Serv,Reading,Husband,0,0,2015-02-25,Multi-Vehicle Collision,Rear Collision,Total Loss,Other,Wv,Springfield,4653 Pine St,15,3,?,0,0,Yes,57000,0,11400,45600,Audi,A3,2013,0,Audi*A3*2013,Springfield_Wv,435371,654974
289,45,943425,1999-10-28,OH,250/500,2000,1221.41,0,466289,Female,Masters,Farming-Fishing,Movies,Wife,46700,-72500,2015-02-27,Vehicle Theft,?,Trivial Damage,Police,Wv,Riverwood,8742 4th St,9,1,No,2,1,No,2700,300,300,2100,Honda,Accord,2006,0,Honda*Accord*2006,Riverwood_Wv,466289,943425
176,36,641845,1995-03-30,OH,250/500,500,1865.83,5000000,436173,Male,College,Transport-Moving,Kayaking,Unmarried,32800,-50600,2015-02-11,Single Vehicle Collision,Rear Collision,Total Loss,Police,Wv,Hillsdale,7316 Texas Ave,17,1,?,2,1,Yes,47300,4300,8600,34400,Volkswagen,Jetta,2006,0,Volkswagen*Jetta*2006,Hillsdale_Wv,436173,641845
145,37,794534,1991-12-14,OH,250/500,2000,1434.27,0,457234,Female,Associate,Tech-Support,Sleeping,Unmarried,0,-35900,2015-01-04,Single Vehicle Collision,Rear Collision,Major Damage,Other,Va,Arlington,2950 MLK Ave,13,1,?,2,3,?,55110,5010,10020,40080,Nissan,Maxima,2002,0,Nissan*Maxima*2002,Arlington_Va,457234,794534
164,31,357808,2011-01-31,IN,500/1000,500,1114.68,0,474758,Female,Associate,Other-Service,Reading,Husband,44500,-55900,2015-01-26,Vehicle Theft,?,Trivial Damage,Police,Sc,Springfield,8233 Tree Drive,5,1,Yes,1,0,No,4320,480,480,3360,Mercedes,E400,2002,0,Mercedes*E400*2002,Springfield_Sc,474758,357808
186,38,536052,2006-04-21,OH,250/500,2000,1218.56,0,477373,Female,Masters,Transport-Moving,Video-Games,Husband,39300,-60300,2015-03-01,Multi-Vehicle Collision,Front Collision,Total Loss,Police,Va,Arlington,4642 Rock Ridge,23,3,Yes,2,2,?,68760,11460,5730,51570,Saab,95,1998,1,Saab*95*1998,Arlington_Va,477373,536052
85,31,873384,2004-03-10,IL,250/500,2000,1234.69,9000000,613471,Female,Md,Tech-Support,Paintball,Husband,0,0,2015-02-06,Multi-Vehicle Collision,Front Collision,Major Damage,Other,Wv,Arlington,7733 Britain Lane,1,2,No,2,1,?,74400,14880,7440,52080,Bmw,M5,2003,1,Bmw*M5*2003,Arlington_Wv,613471,873384
162,33,790225,1991-01-05,OH,250/500,500,964.92,0,601581,Female,Associate,Exec-Managerial,Base-Jumping,Other-Relative,45700,0,2015-02-09,Multi-Vehicle Collision,Rear Collision,Major Damage,Fire,Ny,Hillsdale,2753 Cherokee Ave,17,4,No,2,1,No,35300,3530,3530,28240,Mercedes,E400,1996,1,Mercedes*E400*1996,Hillsdale_Ny,601581,790225
396,57,587498,1996-10-15,IL,500/1000,500,1351.72,0,612102,Male,High School,Tech-Support,Camping,Wife,0,-49400,2015-02-05,Parked Car,?,Minor Damage,Nan,Ny,Springfield,3995 Lincoln Hwy,3,1,Yes,1,3,?,2640,480,480,1680,Volkswagen,Passat,2000,0,Volkswagen*Passat*2000,Springfield_Ny,612102,587498
270,41,639027,1994-06-21,IL,250/500,1000,817.28,0,460263,Male,High School,Sales,Cross-Fit,Unmarried,62200,0,2015-01-03,Multi-Vehicle Collision,Rear Collision,Total Loss,Ambulance,Sc,Columbus,4095 MLK St,17,3,?,1,1,No,60190,4630,9260,46300,Mercedes,Ml350,2014,1,Mercedes*Ml350*2014,Columbus_Sc,460263,639027
168,39,217899,1994-06-13,IL,500/1000,1000,1389.59,0,479134,Female,Masters,Machine-Op-Inspct,Exercise,Own-Child,0,-42600,2015-02-24,Multi-Vehicle Collision,Rear Collision,Major Damage,Fire,Ny,Northbend,5782 Rock Drive,23,3,Yes,1,3,No,41580,3780,7560,30240,Chevrolet,Malibu,2015,1,Chevrolet*Malibu*2015,Northbend_Ny,479134,217899
274,45,589094,2003-05-27,IN,250/500,1000,1353.53,0,451467,Female,Jd,Tech-Support,Cross-Fit,Unmarried,54700,-47900,2015-01-14,Single Vehicle Collision,Side Collision,Minor Damage,Ambulance,Ny,Columbus,2900 Sky Drive,13,1,Yes,0,0,No,58500,11700,0,46800,Accura,Mdx,1995,1,Accura*Mdx*1995,Columbus_Ny,451467,589094
263,43,458829,1996-07-06,IN,500/1000,1000,1294.04,0,602670,Female,Masters,Handlers-Cleaners,Movies,Not-In-Family,0,0,2015-01-08,Single Vehicle Collision,Rear Collision,Minor Damage,Fire,Sc,Riverwood,1515 Pine Lane,17,1,Yes,2,3,Yes,79320,13220,6610,59490,Nissan,Ultima,1997,0,Nissan*Ultima*1997,Riverwood_Sc,602670,458829
152,33,626208,2005-05-08,OH,100/300,1000,840.81,0,613607,Female,High School,Farming-Fishing,Chess,Husband,0,0,2015-02-14,Single Vehicle Collision,Rear Collision,Minor Damage,Ambulance,Ny,Arlington,4876 Washington Drive,2,1,Yes,0,2,?,82610,7510,7510,67590,Ford,Escape,2002,1,Ford*Escape*2002,Arlington_Ny,613607,626208
46,41,315041,2010-11-02,OH,100/300,2000,998.19,0,611556,Female,Md,Priv-House-Serv,Video-Games,Husband,43700,-66300,2015-01-23,Multi-Vehicle Collision,Rear Collision,Total Loss,Ambulance,Sc,Hillsdale,5779 2nd Lane,23,3,No,1,3,?,78600,13100,19650,45850,Dodge,Ram,2004,1,Dodge*Ram*2004,Hillsdale_Sc,611556,315041
276,46,283267,2012-07-29,OH,100/300,2000,1090.32,0,435518,Male,College,Handlers-Cleaners,Chess,Husband,0,-70400,2015-01-05,Single Vehicle Collision,Front Collision,Minor Damage,Ambulance,Sc,Columbus,6706 Francis Drive,17,1,No,1,2,?,51390,5710,5710,39970,Volkswagen,Jetta,2007,1,Volkswagen*Jetta*2007,Columbus_Sc,435518,283267
234,44,442494,2002-06-06,IN,500/1000,500,1780.67,0,465942,Male,Associate,Other-Service,Exercise,Other-Relative,0,0,2015-02-19,Single Vehicle Collision,Side Collision,Major Damage,Ambulance,Nc,Springfield,6384 5th Ridge,3,1,No,1,0,No,70200,7020,7020,56160,Ford,F150,2012,1,Ford*F150*2012,Springfield_Nc,465942,442494
64,30,159243,1991-09-19,IL,250/500,2000,1681.01,0,446174,Male,Jd,Protective-Serv,Base-Jumping,Own-Child,0,-51100,2015-02-07,Parked Car,?,Minor Damage,Nan,Sc,Riverwood,3006 Lincoln Ridge,16,1,No,2,1,No,4900,490,1470,2940,Jeep,Wrangler,2015,0,Jeep*Wrangler*2015,Riverwood_Sc,446174,159243
456,62,669800,2009-06-24,OH,250/500,1000,1395.77,0,611651,Female,Md,Protective-Serv,Chess,Own-Child,82600,-49500,2015-02-07,Multi-Vehicle Collision,Side Collision,Major Damage,Other,Pa,Hillsdale,5352 Lincoln Drive,13,3,?,1,3,No,66480,5540,11080,49860,Saab,92X,2012,1,Saab*92X*2012,Hillsdale_Pa,611651,669800
58,23,520179,1992-05-29,OH,500/1000,2000,1471.44,5000000,446657,Male,High School,Transport-Moving,Reading,Own-Child,57500,0,2015-01-20,Single Vehicle Collision,Rear Collision,Major Damage,Fire,Nc,Riverwood,6110 Rock Ridge,8,1,No,2,1,No,50380,4580,9160,36640,Chevrolet,Tahoe,2007,1,Chevrolet*Tahoe*2007,Riverwood_Nc,446657,520179
475,61,607974,2004-08-12,IL,500/1000,500,1265.72,0,612506,Female,Masters,Handlers-Cleaners,Paintball,Wife,0,-59500,2015-02-18,Single Vehicle Collision,Front Collision,Major Damage,Fire,Sc,Columbus,7797 Tree Ridge,23,1,Yes,0,2,?,64350,9900,9900,44550,Mercedes,E400,1998,0,Mercedes*E400*1998,Columbus_Sc,612506,607974
96,29,465065,2006-12-24,IN,250/500,1000,1274.7,5000000,618493,Male,College,Prof-Specialty,Hiking,Other-Relative,47500,-58700,2015-01-11,Multi-Vehicle Collision,Rear Collision,Major Damage,Ambulance,Nc,Springfield,4910 1st Lane,15,3,Yes,2,3,Yes,55400,5540,11080,38780,Chevrolet,Silverado,2004,1,Chevrolet*Silverado*2004,Springfield_Nc,618493,465065
99,28,369941,2007-07-24,OH,100/300,500,1330.39,0,612664,Male,Md,Prof-Specialty,Basketball,Wife,0,0,2015-01-22,Single Vehicle Collision,Front Collision,Total Loss,Other,Ny,Columbus,8766 Lincoln Lane,3,1,No,2,2,Yes,49900,4990,9980,34930,Dodge,Neon,1998,0,Dodge*Neon*1998,Columbus_Ny,612664,369941
38,28,447226,1994-08-17,OH,500/1000,500,1122.95,4000000,473653,Male,Masters,Priv-House-Serv,Golf,Other-Relative,78000,0,2015-02-23,Multi-Vehicle Collision,Side Collision,Minor Damage,Ambulance,Wv,Northbrook,6399 Oak Drive,4,3,No,0,3,Yes,74880,12480,12480,49920,Accura,Tl,2000,0,Accura*Tl*2000,Northbrook_Wv,473653,447226
259,44,831668,1996-04-10,OH,250/500,2000,1655.79,0,454529,Female,Masters,Exec-Managerial,Exercise,Husband,0,0,2015-01-15,Single Vehicle Collision,Front Collision,Minor Damage,Other,Ny,Northbend,3127 Flute St,8,1,Yes,0,0,Yes,105820,16280,16280,73260,Audi,A3,2002,0,Audi*A3*2002,Northbend_Ny,454529,831668
241,43,922937,1992-12-11,IN,250/500,1000,935.77,0,437422,Male,Associate,Prof-Specialty,Golf,Own-Child,0,-36000,2015-02-20,Vehicle Theft,?,Trivial Damage,Police,Pa,Northbend,8920 Best Ave,21,1,No,1,0,Yes,7150,1300,650,5200,Volkswagen,Jetta,2003,0,Volkswagen*Jetta*2003,Northbend_Pa,437422,922937
437,58,640474,2010-08-01,IN,500/1000,2000,1192.04,0,619470,Male,Associate,Craft-Repair,Dancing,Own-Child,66100,-31400,2015-01-19,Single Vehicle Collision,Front Collision,Total Loss,Ambulance,Sc,Northbrook,7314 Tree Drive,23,1,Yes,0,0,No,55800,11160,11160,33480,Dodge,Ram,2004,0,Dodge*Ram*2004,Northbrook_Sc,619470,640474
130,34,153298,2009-03-23,OH,100/300,500,990.11,0,442666,Male,Masters,Sales,Kayaking,Other-Relative,0,-41200,2015-01-10,Parked Car,?,Trivial Damage,Nan,Ny,Riverwood,8872 Oak Ridge,8,1,?,1,3,Yes,5830,1060,1060,3710,Dodge,Ram,2015,0,Dodge*Ram*2015,Riverwood_Ny,442666,153298
269,41,334749,1996-07-29,OH,100/300,2000,1422.21,0,620507,Female,Associate,Handlers-Cleaners,Polo,Unmarried,0,-46400,2015-01-16,Single Vehicle Collision,Side Collision,Major Damage,Ambulance,Wv,Riverwood,5022 1st St,21,1,Yes,2,1,No,85900,17180,17180,51540,Suburu,Forrestor,2005,1,Suburu*Forrestor*2005,Riverwood_Wv,620507,334749
103,29,221283,1994-08-23,OH,500/1000,500,914.85,0,614867,Male,Associate,Prof-Specialty,Base-Jumping,Other-Relative,72100,0,2015-02-12,Parked Car,?,Minor Damage,Police,Oh,Columbus,3423 Francis Ave,5,1,No,2,3,No,7110,790,1580,4740,Accura,Mdx,2005,0,Accura*Mdx*2005,Columbus_Oh,614867,221283
284,43,961496,1992-01-05,IL,250/500,500,1123.84,0,609898,Male,Phd,Prof-Specialty,Kayaking,Other-Relative,48200,0,2015-01-23,Multi-Vehicle Collision,Side Collision,Total Loss,Fire,Wv,Columbus,9529 4th Drive,12,3,No,0,0,Yes,36960,6720,3360,26880,Chevrolet,Tahoe,2007,0,Chevrolet*Tahoe*2007,Columbus_Wv,609898,961496
189,39,804751,1997-09-11,OH,250/500,2000,838.02,0,450702,Female,College,Tech-Support,Movies,Own-Child,0,0,2015-02-13,Multi-Vehicle Collision,Rear Collision,Minor Damage,Police,Va,Northbrook,1818 Tree St,7,3,?,2,0,Yes,64400,6440,6440,51520,Dodge,Neon,1997,0,Dodge*Neon*1997,Northbrook_Va,450702,804751
267,43,369226,2002-02-10,OH,250/500,500,1300.68,0,600418,Male,Phd,Adm-Clerical,Sleeping,Unmarried,49000,0,2015-01-27,Parked Car,?,Minor Damage,Nan,Nc,Northbend,4431 Rock St,0,1,No,1,3,Yes,1920,480,0,1440,Chevrolet,Tahoe,2011,0,Chevrolet*Tahoe*2011,Northbend_Nc,600418,369226
39,22,691115,1993-01-28,IN,500/1000,500,1173.21,0,431202,Male,Jd,Farming-Fishing,Polo,Not-In-Family,0,0,2015-02-14,Single Vehicle Collision,Rear Collision,Major Damage,Police,Sc,Northbend,4782 Sky Lane,14,1,Yes,0,1,Yes,86130,15660,7830,62640,Suburu,Legacy,2009,1,Suburu*Legacy*2009,Northbend_Sc,431202,691115
140,32,713172,1996-10-23,IL,250/500,1000,985.97,5000000,457793,Female,College,Protective-Serv,Cross-Fit,Other-Relative,0,0,2015-02-01,Single Vehicle Collision,Side Collision,Major Damage,Fire,Va,Northbrook,7112 Weaver Ave,13,1,?,2,3,?,82170,14940,7470,59760,Chevrolet,Silverado,1995,1,Chevrolet*Silverado*1995,Northbrook_Va,457793,713172
243,41,621756,1997-04-21,IN,100/300,1000,1129.23,0,470190,Female,College,Farming-Fishing,Camping,Own-Child,17300,-60400,2015-02-23,Single Vehicle Collision,Front Collision,Major Damage,Fire,Wv,Hillsdale,4020 Best Drive,1,1,?,1,0,Yes,50300,10060,5030,35210,Suburu,Legacy,1999,1,Suburu*Legacy*1999,Hillsdale_Wv,470190,621756
116,31,615116,2008-11-09,IN,250/500,500,1194.83,0,603733,Female,Md,Prof-Specialty,Camping,Husband,28600,0,2015-01-20,Single Vehicle Collision,Side Collision,Major Damage,Police,Sc,Riverwood,2037 5th Drive,23,1,No,0,0,No,44200,4420,8840,30940,Suburu,Forrestor,1997,0,Suburu*Forrestor*1997,Riverwood_Sc,603733,615116
219,43,947598,2002-06-20,IN,100/300,1000,1114.29,0,465136,Female,High School,Transport-Moving,Polo,Other-Relative,51300,0,2015-01-08,Single Vehicle Collision,Side Collision,Major Damage,Ambulance,Va,Northbrook,4699 Texas Ridge,1,1,?,2,2,Yes,66660,6060,6060,54540,Toyota,Highlander,2006,0,Toyota*Highlander*2006,Northbrook_Va,465136,947598
96,26,658002,2005-10-21,OH,250/500,2000,1509.04,0,611723,Female,Associate,Prof-Specialty,Bungie-Jumping,Husband,10000,0,2015-02-23,Single Vehicle Collision,Front Collision,Total Loss,Ambulance,Sc,Riverwood,1832 Elm Hwy,9,1,Yes,2,3,No,78320,7120,14240,56960,Saab,92X,2007,0,Saab*92X*2007,Riverwood_Sc,611723,658002
149,34,374545,2005-08-28,IN,250/500,500,664.86,0,608963,Female,Phd,Craft-Repair,Skydiving,Wife,0,-60000,2015-02-04,Single Vehicle Collision,Rear Collision,Total Loss,Fire,Wv,Columbus,5226 Maple St,3,1,?,0,1,No,105040,16160,16160,72720,Dodge,Ram,1999,0,Dodge*Ram*1999,Columbus_Wv,608963,374545
246,43,805806,2013-01-16,IN,250/500,1000,1267.4,6000000,454139,Male,Jd,Adm-Clerical,Basketball,Husband,0,0,2015-02-09,Single Vehicle Collision,Side Collision,Minor Damage,Fire,Ny,Hillsdale,3771 4th St,0,1,No,2,1,?,50700,5070,5070,40560,Accura,Rsx,2006,0,Accura*Rsx*2006,Hillsdale_Ny,454139,805806
293,45,235097,1992-04-28,IL,100/300,1000,1119.23,0,447560,Female,Md,Exec-Managerial,Exercise,Unmarried,51500,0,2015-02-18,Multi-Vehicle Collision,Front Collision,Total Loss,Fire,Wv,Northbend,8701 5th Lane,13,3,No,1,1,No,51210,11380,5690,34140,Jeep,Wrangler,2015,0,Jeep*Wrangler*2015,Northbend_Wv,447560,235097
339,48,290971,2005-10-10,OH,100/300,500,1698.51,0,444378,Male,Jd,Other-Service,Dancing,Unmarried,0,0,2015-02-10,Multi-Vehicle Collision,Rear Collision,Total Loss,Fire,Sc,Hillsdale,7574 4th St,18,3,No,2,1,?,51840,8640,8640,34560,Volkswagen,Jetta,2001,0,Volkswagen*Jetta*2001,Hillsdale_Sc,444378,290971
160,33,180286,2009-02-08,IL,500/1000,1000,1422.78,0,616583,Female,High School,Exec-Managerial,Exercise,Husband,61600,0,2015-01-20,Multi-Vehicle Collision,Front Collision,Total Loss,Ambulance,Nc,Riverwood,1989 Solo Lane,17,3,?,2,3,Yes,52800,5280,5280,42240,Nissan,Pathfinder,2006,0,Nissan*Pathfinder*2006,Riverwood_Nc,616583,180286
224,42,662088,2005-03-06,OH,500/1000,500,1212.75,0,455913,Female,College,Prof-Specialty,Kayaking,Own-Child,0,-51400,2015-01-27,Single Vehicle Collision,Front Collision,Minor Damage,Fire,Wv,Springfield,6331 MLK Ave,11,1,?,0,0,Yes,55200,9200,13800,32200,Honda,Civic,1998,0,Honda*Civic*1998,Springfield_Wv,455913,662088
194,34,884365,1994-05-17,IN,100/300,1000,1423.34,0,454399,Male,Associate,Sales,Camping,Not-In-Family,55300,-37900,2015-01-21,Vehicle Theft,?,Minor Damage,Nan,Wv,Riverwood,8453 Elm St,0,1,Yes,0,3,No,9100,1400,1400,6300,Chevrolet,Malibu,2003,0,Chevrolet*Malibu*2003,Riverwood_Wv,454399,884365
385,51,178081,1990-07-20,IN,250/500,1000,976.37,0,602842,Female,Md,Craft-Repair,Reading,Husband,0,-61000,2015-02-18,Multi-Vehicle Collision,Rear Collision,Minor Damage,Other,Wv,Riverwood,1422 Flute Ave,14,3,?,1,3,?,67600,13520,6760,47320,Suburu,Legacy,2007,0,Suburu*Legacy*2007,Riverwood_Wv,602842,178081
100,33,507452,2005-04-17,OH,250/500,500,1124.59,6000000,459428,Male,College,Adm-Clerical,Golf,Not-In-Family,67300,0,2015-02-26,Single Vehicle Collision,Rear Collision,Minor Damage,Other,Nc,Columbus,5058 4th Lane,4,1,No,1,2,No,40800,6800,6800,27200,Bmw,X5,2004,0,Bmw*X5*2004,Columbus_Nc,459428,507452
371,50,990624,1994-02-10,IN,250/500,1000,1569.33,0,613114,Male,Phd,Machine-Op-Inspct,Board-Games,Not-In-Family,79600,0,2015-01-29,Multi-Vehicle Collision,Side Collision,Major Damage,Other,Wv,Springfield,3098 Oak Lane,2,3,No,2,1,Yes,84500,13000,13000,58500,Volkswagen,Passat,2011,1,Volkswagen*Passat*2011,Springfield_Wv,613114,990624
175,39,892148,1995-03-29,IN,500/1000,500,1359.36,5000000,450709,Male,Phd,Exec-Managerial,Hiking,Husband,0,-43600,2015-02-08,Multi-Vehicle Collision,Front Collision,Major Damage,Other,Sc,Arlington,9103 MLK Lane,9,3,Yes,2,2,Yes,71610,13020,6510,52080,Toyota,Highlander,2012,1,Toyota*Highlander*2012,Arlington_Sc,450709,892148
373,55,398683,2007-04-30,IN,250/500,500,1607.36,0,444626,Male,Md,Sales,Yachting,Own-Child,0,0,2015-01-19,Multi-Vehicle Collision,Rear Collision,Major Damage,Other,Sc,Arlington,8624 Francis Ave,21,4,?,0,2,No,60600,6060,12120,42420,Dodge,Ram,2007,1,Dodge*Ram*2007,Arlington_Sc,444626,398683
258,41,605100,2001-02-15,IL,100/300,500,1042.25,0,601206,Male,Masters,Exec-Managerial,Reading,Unmarried,0,-44400,2015-02-08,Multi-Vehicle Collision,Rear Collision,Major Damage,Fire,Nc,Riverwood,2905 Embaracadero Drive,0,3,No,2,3,No,81240,6770,20310,54160,Mercedes,C300,2008,1,Mercedes*C300*2008,Riverwood_Nc,601206,605100
255,39,143109,2001-07-09,OH,250/500,500,1453.95,0,470389,Female,Phd,Armed-Forces,Bungie-Jumping,Not-In-Family,38200,0,2015-01-07,Multi-Vehicle Collision,Side Collision,Total Loss,Fire,Wv,Springfield,3443 Maple Ridge,17,3,Yes,0,3,No,29300,2930,5860,20510,Audi,A3,2010,0,Audi*A3*2010,Springfield_Wv,470389,143109
37,31,230223,2008-09-06,IL,500/1000,500,1969.63,0,615218,Female,Md,Sales,Skydiving,Own-Child,0,0,2015-02-13,Multi-Vehicle Collision,Side Collision,Total Loss,Fire,Wv,Northbend,1618 Maple Hwy,21,3,No,1,1,Yes,76450,6950,13900,55600,Dodge,Ram,1995,0,Dodge*Ram*1995,Northbend_Wv,615218,230223
322,44,769602,2004-12-19,IL,100/300,1000,1156.19,0,606249,Female,College,Machine-Op-Inspct,Cross-Fit,Husband,49900,-62700,2015-02-15,Multi-Vehicle Collision,Side Collision,Major Damage,Fire,Ny,Northbrook,3751 Tree Hwy,20,3,Yes,0,3,?,49400,9880,4940,34580,Jeep,Wrangler,2010,0,Jeep*Wrangler*2010,Northbrook_Ny,606249,769602
204,38,420815,2000-11-15,IL,100/300,2000,1124.47,0,616161,Female,Md,Tech-Support,Kayaking,Wife,0,-45100,2015-02-14,Single Vehicle Collision,Side Collision,Total Loss,Ambulance,Sc,Northbrook,6848 Elm Hwy,5,1,No,0,1,?,90530,16460,16460,57610,Ford,F150,2003,0,Ford*F150*2003,Northbrook_Sc,616161,420815
76,31,973546,2007-03-14,OH,500/1000,500,1493.5,5000000,442335,Female,Associate,Priv-House-Serv,Movies,Not-In-Family,39900,-44000,2015-01-31,Vehicle Theft,?,Minor Damage,Police,Wv,Northbrook,4237 4th St,7,1,No,2,1,No,8030,1460,730,5840,Mercedes,E400,1995,0,Mercedes*E400*1995,Northbrook_Wv,442335,973546
193,40,608039,2004-12-28,IL,100/300,500,1155.38,0,604952,Female,Phd,Handlers-Cleaners,Movies,Not-In-Family,34200,-32300,2015-01-28,Single Vehicle Collision,Side Collision,Minor Damage,Fire,Ny,Columbus,6581 Rock Ridge,6,1,No,0,0,Yes,63900,6390,6390,51120,Accura,Tl,2001,0,Accura*Tl*2001,Columbus_Ny,604952,608039
405,55,250162,1999-07-05,IL,250/500,500,878.19,0,441533,Male,Phd,Machine-Op-Inspct,Golf,Unmarried,57100,0,2015-03-01,Multi-Vehicle Collision,Rear Collision,Minor Damage,Fire,Nc,Northbend,7236 Apache Lane,2,4,Yes,0,2,No,38640,4830,4830,28980,Chevrolet,Tahoe,1997,0,Chevrolet*Tahoe*1997,Northbend_Nc,441533,250162
435,58,786432,1997-11-15,IN,100/300,2000,1145.85,0,471784,Male,Jd,Sales,Movies,Not-In-Family,0,-40000,2015-01-10,Multi-Vehicle Collision,Rear Collision,Total Loss,Other,Ny,Columbus,3846 4th Hwy,19,3,?,1,1,Yes,41490,9220,4610,27660,Mercedes,E400,2004,0,Mercedes*E400*2004,Columbus_Ny,471784,786432
54,35,445195,2010-09-27,IN,100/300,500,1261.28,0,453265,Female,Md,Protective-Serv,Hiking,Unmarried,68500,-42100,2015-02-25,Multi-Vehicle Collision,Side Collision,Minor Damage,Fire,Va,Springfield,5028 Maple Ridge,21,3,Yes,2,0,?,79090,14380,7190,57520,Nissan,Maxima,2012,0,Nissan*Maxima*2012,Springfield_Va,453265,445195
144,35,938634,1993-08-30,IL,100/300,500,1427.46,0,444922,Male,High School,Machine-Op-Inspct,Cross-Fit,Wife,0,0,2015-01-30,Multi-Vehicle Collision,Side Collision,Major Damage,Police,Wv,Springfield,7426 Rock Drive,3,3,?,0,0,?,87900,17580,8790,61530,Dodge,Neon,1995,0,Dodge*Neon*1995,Springfield_Wv,444922,938634
92,32,482495,1998-01-29,IL,500/1000,500,1592.41,0,474324,Male,Masters,Prof-Specialty,Yachting,Husband,58900,-29100,2015-02-06,Single Vehicle Collision,Rear Collision,Total Loss,Ambulance,Wv,Columbus,5771 Best St,22,1,?,2,3,Yes,53400,5340,5340,42720,Jeep,Wrangler,1996,0,Jeep*Wrangler*1996,Columbus_Wv,474324,482495
173,36,796005,2007-08-18,OH,250/500,1000,1274.63,0,441298,Male,College,Machine-Op-Inspct,Basketball,Unmarried,51000,0,2015-02-08,Single Vehicle Collision,Rear Collision,Total Loss,Fire,Sc,Springfield,9818 Cherokee Ave,22,1,Yes,2,3,No,52030,9460,9460,33110,Accura,Mdx,1995,0,Accura*Mdx*1995,Springfield_Sc,441298,796005
436,60,910604,1992-04-14,IN,250/500,500,1362.31,0,446606,Male,High School,Prof-Specialty,Bungie-Jumping,Wife,67600,-65300,2015-01-13,Single Vehicle Collision,Front Collision,Minor Damage,Ambulance,Va,Arlington,7819 2nd Ave,16,1,No,0,2,No,82060,14920,7460,59680,Saab,93,2005,0,Saab*93*2005,Arlington_Va,446606,910604
155,35,327488,1993-08-09,OH,250/500,1000,919.37,0,459537,Female,Associate,Protective-Serv,Hiking,Not-In-Family,83600,0,2015-01-18,Single Vehicle Collision,Front Collision,Minor Damage,Ambulance,Ny,Northbrook,1331 Elm Ridge,0,1,?,0,3,?,48360,8060,8060,32240,Nissan,Maxima,1997,0,Nissan*Maxima*1997,Northbrook_Ny,459537,327488
78,31,715202,1991-04-02,OH,250/500,1000,1377.23,0,440757,Female,Masters,Armed-Forces,Kayaking,Unmarried,72600,0,2015-03-01,Multi-Vehicle Collision,Side Collision,Minor Damage,Other,Ny,Hillsdale,9240 Britain Ave,1,3,?,2,1,?,52290,5810,11620,34860,Nissan,Maxima,1997,0,Nissan*Maxima*1997,Hillsdale_Ny,440757,715202
440,57,648852,2007-03-15,IL,100/300,1000,995.55,5000000,604948,Male,College,Protective-Serv,Paintball,Wife,51500,-52100,2015-02-02,Multi-Vehicle Collision,Rear Collision,Major Damage,Police,Sc,Arlington,6668 Andromedia Ridge,19,3,Yes,0,3,?,68200,12400,12400,43400,Jeep,Wrangler,2007,1,Jeep*Wrangler*2007,Arlington_Sc,604948,648852
264,43,516959,2010-05-01,IL,100/300,500,1508.12,6000000,433275,Male,Phd,Craft-Repair,Basketball,Wife,0,0,2015-01-20,Multi-Vehicle Collision,Rear Collision,Major Damage,Other,Ny,Columbus,5276 2nd Lane,0,3,?,2,1,No,60750,13500,6750,40500,Jeep,Wrangler,2015,1,Jeep*Wrangler*2015,Columbus_Ny,433275,516959
66,30,984456,2003-06-24,IN,500/1000,500,484.67,0,608309,Female,College,Adm-Clerical,Paintball,Wife,21100,-60800,2015-01-24,Multi-Vehicle Collision,Front Collision,Major Damage,Fire,Sc,Arlington,2889 Weaver St,2,3,?,0,2,Yes,65560,11920,11920,41720,Volkswagen,Passat,2015,1,Volkswagen*Passat*2015,Arlington_Sc,608309,984456
366,50,801331,1990-07-08,IN,500/1000,1000,1561.41,0,462767,Female,High School,Handlers-Cleaners,Basketball,Husband,21200,0,2015-01-04,Multi-Vehicle Collision,Rear Collision,Minor Damage,Police,Ny,Arlington,1879 4th Lane,5,3,Yes,1,3,No,70290,12780,12780,44730,Mercedes,C300,2012,0,Mercedes*C300*2012,Arlington_Ny,462767,801331
188,37,786103,1994-09-24,OH,100/300,500,1457.21,0,471785,Female,Jd,Adm-Clerical,Hiking,Own-Child,46300,0,2015-01-17,Single Vehicle Collision,Rear Collision,Total Loss,Ambulance,Sc,Columbus,5499 Elm Hwy,6,1,?,2,0,Yes,45000,5000,5000,35000,Suburu,Forrestor,2003,0,Suburu*Forrestor*2003,Columbus_Sc,471785,786103
224,39,684193,2012-06-20,IL,500/1000,1000,1128.71,0,601397,Female,Jd,Prof-Specialty,Sleeping,Other-Relative,0,-47100,2015-02-04,Multi-Vehicle Collision,Rear Collision,Total Loss,Fire,Va,Riverwood,8822 Sky St,21,3,Yes,2,1,?,61800,12360,6180,43260,Suburu,Impreza,2007,0,Suburu*Impreza*2007,Riverwood_Va,601397,684193
253,46,247505,2006-04-19,IL,100/300,500,1358.2,0,477636,Female,Md,Transport-Moving,Movies,Husband,52900,0,2015-02-14,Multi-Vehicle Collision,Front Collision,Major Damage,Ambulance,Ny,Columbus,4254 Best Ridge,11,3,Yes,0,0,No,64570,5870,11740,46960,Jeep,Wrangler,2001,0,Jeep*Wrangler*2001,Columbus_Ny,477636,247505
446,61,259792,1999-04-07,IL,100/300,1000,1232.79,0,441967,Female,High School,Adm-Clerical,Reading,Unmarried,49900,-62100,2015-01-07,Single Vehicle Collision,Rear Collision,Minor Damage,Other,Va,Springfield,5812 Weaver Ave,3,1,Yes,2,0,Yes,70500,7050,14100,49350,Suburu,Forrestor,2007,0,Suburu*Forrestor*2007,Springfield_Va,441967,259792
169,37,185124,2001-12-07,IL,100/300,1000,936.19,0,454776,Male,Jd,Armed-Forces,Movies,Other-Relative,70600,-48500,2015-02-02,Multi-Vehicle Collision,Side Collision,Total Loss,Police,Sc,Northbrook,7155 Apache Drive,4,3,?,2,1,Yes,57900,17370,5790,34740,Audi,A5,2005,0,Audi*A5*2005,Northbrook_Sc,454776,185124
255,46,760700,2006-11-25,IL,250/500,500,1302.34,0,431532,Female,Jd,Prof-Specialty,Video-Games,Own-Child,0,-52600,2015-01-12,Multi-Vehicle Collision,Front Collision,Minor Damage,Fire,Wv,Northbrook,1376 Pine St,2,3,No,1,0,No,57860,5260,10520,42080,Volkswagen,Jetta,2011,0,Volkswagen*Jetta*2011,Northbrook_Wv,431532,760700
209,39,362407,1996-12-06,IN,100/300,500,1264.99,0,614169,Male,Phd,Transport-Moving,Polo,Husband,67800,0,2015-01-01,Single Vehicle Collision,Side Collision,Minor Damage,Fire,Va,Northbrook,3340 3rd Hwy,22,1,?,1,1,No,37800,8400,4200,25200,Chevrolet,Silverado,1995,0,Chevrolet*Silverado*1995,Northbrook_Va,614169,362407
210,37,389525,2012-07-10,OH,500/1000,500,1467.76,0,601425,Female,Md,Tech-Support,Hiking,Own-Child,38700,-33100,2015-02-22,Single Vehicle Collision,Front Collision,Total Loss,Ambulance,Ny,Northbend,3097 4th Drive,8,1,?,1,3,Yes,63300,6330,6330,50640,Toyota,Highlander,2000,0,Toyota*Highlander*2000,Northbend_Ny,601425,389525
174,33,179538,2014-04-07,IN,250/500,2000,1124.43,0,477346,Female,College,Farming-Fishing,Paintball,Own-Child,0,0,2015-01-16,Multi-Vehicle Collision,Rear Collision,Total Loss,Ambulance,Wv,Northbrook,1916 Elm St,14,3,Yes,0,1,Yes,44200,8840,4420,30940,Saab,93,1995,0,Saab*93*1995,Northbrook_Wv,477346,179538
70,28,265437,2003-10-11,IL,250/500,1000,1319.81,0,613587,Male,High School,Machine-Op-Inspct,Yachting,Husband,67200,-59400,2015-01-28,Multi-Vehicle Collision,Side Collision,Minor Damage,Police,Wv,Arlington,8917 Cherokee Lane,14,4,No,1,0,Yes,31680,3520,3520,24640,Toyota,Camry,2006,0,Toyota*Camry*2006,Arlington_Wv,613587,265437
89,32,266247,2015-01-17,IN,100/300,2000,1482.53,0,620358,Female,Md,Tech-Support,Kayaking,Not-In-Family,49100,-45100,2015-01-23,Parked Car,?,Trivial Damage,Police,Wv,Northbrook,8492 Weaver Hwy,5,1,Yes,1,2,?,100,10,20,70,Audi,A3,2002,0,Audi*A3*2002,Northbrook_Wv,620358,266247
458,61,921851,1992-12-07,IN,100/300,1000,1328.18,0,617699,Female,High School,Protective-Serv,Bungie-Jumping,Other-Relative,53000,0,2015-02-25,Single Vehicle Collision,Front Collision,Minor Damage,Fire,Wv,Columbus,3753 Francis Lane,18,1,No,2,1,No,56340,6260,6260,43820,Volkswagen,Passat,2003,0,Volkswagen*Passat*2003,Columbus_Wv,617699,921851
239,40,488724,2004-11-29,IN,100/300,500,1463.95,0,430567,Female,Jd,Sales,Skydiving,Own-Child,0,0,2015-02-11,Multi-Vehicle Collision,Rear Collision,Total Loss,Police,Nc,Springfield,4545 4th Ridge,20,3,?,0,0,Yes,69740,6340,6340,57060,Dodge,Neon,2003,0,Dodge*Neon*2003,Springfield_Nc,430567,488724
161,38,192524,2004-01-02,IL,100/300,2000,1133.85,0,439870,Male,Phd,Priv-House-Serv,Exercise,Not-In-Family,60200,0,2015-01-03,Multi-Vehicle Collision,Front Collision,Total Loss,Police,Wv,Springfield,2272 Embaracadero Drive,0,3,Yes,2,2,Yes,60480,5040,15120,40320,Volkswagen,Jetta,2003,0,Volkswagen*Jetta*2003,Springfield_Wv,439870,192524
446,61,338070,2006-01-25,IN,500/1000,1000,1037.32,0,438837,Female,High School,Tech-Support,Skydiving,Wife,0,-15700,2015-01-30,Multi-Vehicle Collision,Rear Collision,Minor Damage,Police,Nc,Hillsdale,5341 5th Ave,1,3,?,2,1,No,80880,6740,13480,60660,Nissan,Ultima,2005,0,Nissan*Ultima*2005,Hillsdale_Nc,438837,338070
476,61,865607,1993-04-18,IN,250/500,1000,1562.8,0,458997,Female,Masters,Handlers-Cleaners,Dancing,Not-In-Family,42800,-68200,2015-01-18,Single Vehicle Collision,Front Collision,Total Loss,Fire,Wv,Hillsdale,7745 Washington Ridge,10,1,?,1,2,Yes,49390,8980,4490,35920,Suburu,Legacy,2009,0,Suburu*Legacy*2009,Hillsdale_Wv,458997,865607
70,29,963285,2006-12-09,IN,100/300,1000,1425.79,0,604147,Female,Md,Armed-Forces,Video-Games,Other-Relative,62400,-52300,2015-01-04,Single Vehicle Collision,Front Collision,Minor Damage,Ambulance,Nc,Riverwood,1275 4th Ridge,12,1,No,0,3,?,69360,11560,11560,46240,Dodge,Ram,2009,0,Dodge*Ram*2009,Riverwood_Nc,604147,963285
233,41,728491,1997-08-30,OH,500/1000,2000,1615.14,0,606638,Female,Associate,Tech-Support,Board-Games,Other-Relative,67100,0,2015-01-20,Vehicle Theft,?,Minor Damage,Nan,Ny,Springfield,4857 Weaver St,6,1,No,0,1,?,3740,680,680,2380,Chevrolet,Malibu,2011,0,Chevrolet*Malibu*2011,Springfield_Ny,606638,728491
122,33,553436,1991-06-03,IL,250/500,500,1236.5,0,619620,Male,Phd,Other-Service,Bungie-Jumping,Husband,0,-48700,2015-02-12,Parked Car,?,Trivial Damage,Nan,Ny,Hillsdale,8211 Sky Hwy,1,1,No,0,1,No,5060,460,920,3680,Nissan,Ultima,2003,0,Nissan*Ultima*2003,Hillsdale_Ny,619620,553436
335,48,440616,1995-09-06,IL,500/1000,2000,1017.97,0,441671,Female,Md,Machine-Op-Inspct,Chess,Wife,59900,-34800,2015-02-19,Multi-Vehicle Collision,Front Collision,Total Loss,Police,Wv,Columbus,8617 Best Ave,21,3,No,0,0,Yes,35860,3260,6520,26080,Bmw,X5,2005,1,Bmw*X5*2005,Columbus_Wv,441671,440616
257,40,463237,2000-02-09,IN,100/300,2000,1306.0,0,610381,Male,Associate,Machine-Op-Inspct,Cross-Fit,Husband,46100,-46900,2015-02-21,Multi-Vehicle Collision,Front Collision,Major Damage,Ambulance,Ny,Columbus,9856 Apache St,3,3,Yes,2,1,?,50050,7700,3850,38500,Ford,Fusion,2008,1,Ford*Fusion*2008,Columbus_Ny,610381,463237
85,27,753452,1996-07-23,IL,500/1000,2000,1174.14,0,602416,Male,College,Priv-House-Serv,Dancing,Unmarried,50400,-61500,2015-02-02,Multi-Vehicle Collision,Rear Collision,Minor Damage,Fire,Ny,Northbend,1951 Best Ave,14,4,Yes,0,0,No,59070,10740,5370,42960,Toyota,Camry,2012,0,Toyota*Camry*2012,Northbend_Ny,602416,753452
133,30,920554,2005-09-21,IN,500/1000,1000,1231.01,0,459562,Male,College,Adm-Clerical,Board-Games,Husband,0,-31700,2015-02-01,Multi-Vehicle Collision,Front Collision,Minor Damage,Fire,Sc,Riverwood,1824 5th Lane,19,3,No,1,2,?,28440,3160,3160,22120,Dodge,Neon,2007,0,Dodge*Neon*2007,Riverwood_Sc,459562,920554
119,34,594783,2011-12-30,IL,250/500,500,1299.18,0,463271,Female,College,Tech-Support,Hiking,Wife,57100,0,2015-01-08,Single Vehicle Collision,Front Collision,Major Damage,Fire,Oh,Springfield,7393 Washington St,7,1,Yes,2,1,Yes,45540,8280,8280,28980,Honda,Civic,1998,1,Honda*Civic*1998,Springfield_Oh,463271,594783
169,34,725330,1996-07-21,IN,100/300,500,1469.75,0,458132,Female,Jd,Sales,Reading,Not-In-Family,0,-57600,2015-01-16,Single Vehicle Collision,Rear Collision,Minor Damage,Fire,Va,Arlington,1386 Britain St,0,1,?,0,0,Yes,38700,7740,3870,27090,Volkswagen,Passat,2012,0,Volkswagen*Passat*2012,Arlington_Va,458132,725330
225,39,607259,1996-04-08,OH,250/500,500,1390.72,0,448949,Male,Masters,Tech-Support,Paintball,Other-Relative,83900,-52100,2015-02-20,Parked Car,?,Trivial Damage,Nan,Sc,Northbrook,7928 Maple Ridge,6,1,Yes,2,1,Yes,5830,1060,530,4240,Nissan,Pathfinder,2011,0,Nissan*Pathfinder*2011,Northbrook_Sc,448949,607259
84,32,979336,2001-03-04,IL,500/1000,500,1694.09,7000000,603732,Female,Associate,Prof-Specialty,Cross-Fit,Husband,0,0,2015-01-30,Single Vehicle Collision,Rear Collision,Total Loss,Other,Ny,Northbend,1546 Cherokee Ave,0,1,Yes,0,2,?,57240,4770,9540,42930,Bmw,X6,1995,1,Bmw*X6*1995,Northbend_Ny,603732,979336
169,39,865201,2001-10-19,OH,100/300,2000,1140.15,0,608929,Male,High School,Armed-Forces,Exercise,Husband,0,-36800,2015-01-19,Multi-Vehicle Collision,Rear Collision,Total Loss,Police,Va,Riverwood,2003 2nd Hwy,9,3,Yes,0,3,No,46200,4200,8400,33600,Suburu,Legacy,2015,0,Suburu*Legacy*2015,Riverwood_Va,608929,865201
124,32,140977,2006-08-18,IN,100/300,1000,1310.71,0,469875,Female,Masters,Farming-Fishing,Kayaking,Wife,29300,0,2015-02-25,Single Vehicle Collision,Side Collision,Total Loss,Ambulance,Ny,Columbus,9418 5th Hwy,23,1,Yes,0,1,No,57700,5770,5770,46160,Toyota,Camry,2003,0,Toyota*Camry*2003,Columbus_Ny,469875,140977
320,48,787351,2013-04-28,IL,250/500,2000,1730.49,7000000,443342,Male,College,Transport-Moving,Hiking,Not-In-Family,46300,-41700,2015-01-24,Multi-Vehicle Collision,Front Collision,Minor Damage,Fire,Wv,Northbrook,8770 1st Lane,13,3,No,2,0,No,56160,4680,9360,42120,Saab,95,1995,0,Saab*95*1995,Northbrook_Wv,443342,787351
297,47,272330,2009-11-29,IN,250/500,500,1616.65,7000000,456363,Male,Md,Adm-Clerical,Movies,Unmarried,0,-59500,2015-01-16,Multi-Vehicle Collision,Side Collision,Total Loss,Fire,Wv,Columbus,1087 Flute Drive,0,3,?,0,3,Yes,44400,5550,5550,33300,Jeep,Grand Cherokee,1999,0,Jeep*Grand Cherokee*1999,Columbus_Wv,456363,272330
421,56,728025,1990-02-15,IN,100/300,500,1935.85,4000000,470826,Male,Masters,Machine-Op-Inspct,Reading,Own-Child,49500,-81100,2015-01-12,Single Vehicle Collision,Rear Collision,Major Damage,Ambulance,Ny,Hillsdale,2217 Tree Lane,7,1,?,2,3,?,92730,16860,8430,67440,Mercedes,E400,2004,1,Mercedes*E400*2004,Hillsdale_Ny,470826,728025
136,33,804608,2002-04-12,OH,250/500,1000,855.14,0,458582,Female,Phd,Craft-Repair,Paintball,Not-In-Family,37900,0,2015-01-04,Single Vehicle Collision,Side Collision,Minor Damage,Fire,Nc,Northbrook,6741 Oak Ridge,23,1,Yes,0,1,Yes,30700,3070,6140,21490,Toyota,Corolla,2015,0,Toyota*Corolla*2015,Northbrook_Nc,458582,804608
46,24,718829,1999-02-21,OH,250/500,2000,1568.47,4000000,454480,Female,High School,Armed-Forces,Yachting,Unmarried,46800,0,2015-02-02,Single Vehicle Collision,Side Collision,Major Damage,Fire,Ny,Northbrook,2123 MLK Ridge,7,1,No,2,0,?,56600,11320,5660,39620,Toyota,Camry,1999,0,Toyota*Camry*1999,Northbrook_Ny,454480,718829
34,24,482404,2011-06-18,IN,500/1000,2000,1550.53,0,435632,Female,Md,Armed-Forces,Dancing,Own-Child,0,-27700,2015-02-01,Parked Car,?,Trivial Damage,Nan,Va,Hillsdale,4390 4th Drive,20,1,Yes,0,1,?,3960,660,660,2640,Audi,A3,1998,0,Audi*A3*1998,Hillsdale_Va,435632,482404
95,30,331170,1995-03-26,IL,250/500,2000,1370.92,0,442206,Male,College,Transport-Moving,Video-Games,Unmarried,48900,0,2015-02-14,Single Vehicle Collision,Rear Collision,Minor Damage,Police,Sc,Arlington,1437 3rd Lane,22,1,Yes,0,3,?,34800,3480,6960,24360,Accura,Mdx,1999,0,Accura*Mdx*1999,Arlington_Sc,442206,331170
140,36,753056,1991-05-03,IN,250/500,500,1363.59,0,468303,Female,Jd,Armed-Forces,Kayaking,Not-In-Family,43200,0,2015-02-08,Multi-Vehicle Collision,Rear Collision,Minor Damage,Other,Ny,Riverwood,1186 Rock St,10,3,?,2,0,Yes,79500,7950,7950,63600,Chevrolet,Tahoe,2000,0,Chevrolet*Tahoe*2000,Riverwood_Ny,468303,753056
200,34,910365,2001-12-19,IN,250/500,1000,828.42,3000000,467762,Female,College,Prof-Specialty,Basketball,Other-Relative,0,0,2015-01-22,Single Vehicle Collision,Front Collision,Total Loss,Police,Ny,Arlington,4394 Oak St,10,1,?,2,2,No,56000,5600,5600,44800,Chevrolet,Malibu,2009,0,Chevrolet*Malibu*2009,Arlington_Ny,467762,910365
123,29,379268,2012-08-05,IN,250/500,500,1209.63,0,447188,Female,Masters,Machine-Op-Inspct,Chess,Not-In-Family,64800,-44200,2015-01-14,Single Vehicle Collision,Rear Collision,Minor Damage,Ambulance,Nc,Arlington,8368 Cherokee Ave,17,1,Yes,1,0,Yes,73260,16280,0,56980,Volkswagen,Jetta,2014,1,Volkswagen*Jetta*2014,Arlington_Nc,447188,379268
267,46,362843,2004-08-09,OH,250/500,2000,1111.17,0,469438,Male,Md,Craft-Repair,Base-Jumping,Unmarried,35000,0,2015-02-03,Parked Car,?,Trivial Damage,Nan,Wv,Arlington,4905 Best Lane,3,1,Yes,2,3,Yes,4950,900,450,3600,Toyota,Camry,1995,0,Toyota*Camry*1995,Arlington_Wv,469438,362843
290,42,135400,2014-01-20,IN,500/1000,500,989.97,0,462519,Male,Masters,Machine-Op-Inspct,Kayaking,Own-Child,32500,0,2015-01-20,Single Vehicle Collision,Rear Collision,Minor Damage,Ambulance,Wv,Hillsdale,3618 Sky Ave,10,1,No,0,1,No,48000,4800,9600,33600,Saab,95,2013,0,Saab*95*2013,Hillsdale_Wv,462519,135400
45,37,798579,2011-12-19,IN,250/500,1000,1114.23,0,432534,Male,College,Prof-Specialty,Dancing,Wife,0,0,2015-01-01,Single Vehicle Collision,Side Collision,Major Damage,Fire,Sc,Arlington,5459 MLK Ave,1,1,Yes,0,1,Yes,52200,10440,5220,36540,Nissan,Pathfinder,2005,0,Nissan*Pathfinder*2005,Arlington_Sc,432534,798579
186,38,250833,2008-07-28,IN,250/500,2000,1347.31,0,436467,Female,Jd,Protective-Serv,Dancing,Unmarried,80900,-111100,2015-02-02,Multi-Vehicle Collision,Rear Collision,Minor Damage,Ambulance,Ny,Springfield,1371 Texas Lane,1,3,No,2,3,?,73800,12300,12300,49200,Audi,A3,1995,0,Audi*A3*1995,Springfield_Ny,436467,250833
135,34,824116,1998-05-05,IL,250/500,2000,1687.53,0,465674,Female,Jd,Protective-Serv,Base-Jumping,Other-Relative,0,-69600,2015-01-23,Single Vehicle Collision,Side Collision,Total Loss,Fire,Nc,Northbend,2654 Embaracadero St,7,1,?,1,2,No,78200,15640,7820,54740,Audi,A3,2009,0,Audi*A3*2009,Northbend_Nc,465674,824116
110,33,322613,1995-04-16,IN,250/500,1000,1183.48,0,442389,Male,Associate,Other-Service,Bungie-Jumping,Husband,0,0,2015-01-26,Single Vehicle Collision,Rear Collision,Major Damage,Ambulance,Va,Northbend,2123 Texas Ave,19,1,?,2,3,No,55200,13800,9200,32200,Saab,93,2015,1,Saab*93*2015,Northbend_Va,442389,322613
259,43,871305,1992-02-14,IL,500/1000,2000,1537.13,0,471614,Female,Phd,Handlers-Cleaners,Kayaking,Own-Child,0,-58300,2015-01-02,Multi-Vehicle Collision,Side Collision,Total Loss,Other,Ny,Northbend,4538 Flute Hwy,3,3,No,0,2,Yes,57060,6340,6340,44380,Ford,Fusion,2012,0,Ford*Fusion*2012,Northbend_Ny,471614,871305
114,30,488037,2007-07-11,OH,250/500,1000,1173.25,0,442936,Female,Masters,Protective-Serv,Dancing,Husband,0,-34700,2015-02-25,Vehicle Theft,?,Minor Damage,Nan,Wv,Arlington,4434 Weaver St,3,1,No,0,3,Yes,4680,520,520,3640,Chevrolet,Malibu,2013,0,Chevrolet*Malibu*2013,Arlington_Wv,442936,488037
404,56,485813,2010-04-07,IN,250/500,1000,1361.16,4000000,437944,Female,Masters,Transport-Moving,Cross-Fit,Not-In-Family,0,-63700,2015-01-15,Single Vehicle Collision,Front Collision,Minor Damage,Ambulance,Va,Hillsdale,2798 1st Ave,23,1,No,2,0,Yes,53100,5310,5310,42480,Accura,Mdx,2005,1,Accura*Mdx*2005,Hillsdale_Va,437944,485813
282,48,886473,1991-03-10,OH,500/1000,2000,1422.56,7000000,473705,Female,Md,Prof-Specialty,Video-Games,Husband,26900,-55300,2015-02-09,Vehicle Theft,?,Minor Damage,Nan,Wv,Springfield,2809 Francis Lane,7,1,?,1,2,No,3520,640,320,2560,Accura,Mdx,2013,0,Accura*Mdx*2013,Springfield_Wv,473705,886473
57,25,907113,1996-01-20,IL,500/1000,2000,1143.06,0,469363,Female,Masters,Tech-Support,Dancing,Own-Child,63100,-54100,2015-01-16,Multi-Vehicle Collision,Front Collision,Total Loss,Ambulance,Va,Riverwood,7281 Oak St,0,3,No,0,1,Yes,72900,14580,14580,43740,Nissan,Maxima,2010,0,Nissan*Maxima*2010,Riverwood_Va,469363,907113
215,38,833321,2010-03-01,IN,250/500,500,1405.71,0,465376,Female,Phd,Craft-Repair,Camping,Unmarried,0,0,2015-02-01,Single Vehicle Collision,Rear Collision,Total Loss,Police,Sc,Arlington,9878 Washington Ave,10,1,?,0,1,No,70700,7070,14140,49490,Volkswagen,Passat,2008,0,Volkswagen*Passat*2008,Arlington_Sc,465376,833321
140,30,521592,2014-06-15,IL,100/300,500,1354.2,0,438775,Female,College,Adm-Clerical,Bungie-Jumping,Wife,100500,0,2015-02-10,Multi-Vehicle Collision,Side Collision,Minor Damage,Other,Sc,Columbus,2537 5th Ave,4,4,?,0,0,?,60170,5470,10940,43760,Nissan,Pathfinder,2006,0,Nissan*Pathfinder*2006,Columbus_Sc,438775,521592
250,42,254837,2004-11-25,IN,100/300,500,1055.6,0,457962,Male,High School,Exec-Managerial,Paintball,Husband,69500,-40700,2015-01-03,Single Vehicle Collision,Rear Collision,Major Damage,Other,Sc,Columbus,8493 Apache Drive,16,1,?,1,1,?,74800,13600,6800,54400,Ford,Fusion,2009,1,Ford*Fusion*2009,Columbus_Sc,457962,254837
286,41,634499,2000-08-26,IL,250/500,1000,999.43,0,477947,Male,College,Prof-Specialty,Paintball,Wife,25800,0,2015-01-01,Vehicle Theft,?,Trivial Damage,Police,Wv,Northbend,2878 Britain Hwy,3,1,Yes,2,0,?,4100,820,410,2870,Chevrolet,Malibu,2009,0,Chevrolet*Malibu*2009,Northbend_Wv,477947,634499
356,47,574707,2005-08-23,IN,250/500,2000,1155.97,0,431104,Male,High School,Prof-Specialty,Camping,Husband,0,0,2015-02-23,Single Vehicle Collision,Side Collision,Minor Damage,Other,Sc,Columbus,2862 Tree Ridge,5,1,Yes,0,3,?,61490,5590,11180,44720,Dodge,Ram,2009,0,Dodge*Ram*2009,Columbus_Sc,431104,574707
65,29,476839,1990-08-09,IL,250/500,1000,1726.91,0,456570,Male,High School,Other-Service,Basketball,Own-Child,0,0,2015-01-28,Vehicle Theft,?,Trivial Damage,Nan,Va,Hillsdale,4453 Best Ave,14,1,?,0,0,?,7200,720,1440,5040,Audi,A5,1999,0,Audi*A5*1999,Hillsdale_Va,456570,476839
187,34,149601,2003-03-28,IN,500/1000,500,1232.57,0,612986,Female,Phd,Machine-Op-Inspct,Polo,Not-In-Family,59500,0,2015-02-22,Multi-Vehicle Collision,Side Collision,Minor Damage,Fire,Ny,Arlington,5191 4th St,7,3,?,0,0,?,45100,8200,4100,32800,Nissan,Pathfinder,2011,0,Nissan*Pathfinder*2011,Arlington_Ny,612986,149601
386,53,630683,2007-10-23,OH,250/500,500,1078.65,0,615730,Male,Jd,Craft-Repair,Camping,Not-In-Family,36800,0,2015-01-03,Single Vehicle Collision,Front Collision,Minor Damage,Police,Wv,Northbend,1364 Best St,16,1,?,2,3,Yes,66660,12120,6060,48480,Honda,Civic,2006,0,Honda*Civic*2006,Northbend_Wv,615730,630683
197,41,500639,1996-06-27,OH,500/1000,1000,1324.78,0,478640,Female,Phd,Prof-Specialty,Basketball,Not-In-Family,0,-64500,2015-01-10,Single Vehicle Collision,Front Collision,Major Damage,Police,Nc,Northbrook,8946 2nd Drive,6,1,No,2,2,Yes,76400,15280,7640,53480,Volkswagen,Jetta,1997,1,Volkswagen*Jetta*1997,Northbrook_Nc,478640,500639
166,37,352120,1994-12-11,IN,250/500,500,1518.54,0,470510,Female,Md,Craft-Repair,Kayaking,Not-In-Family,0,0,2015-01-25,Single Vehicle Collision,Rear Collision,Total Loss,Ambulance,Pa,Riverwood,3726 MLK Hwy,10,1,Yes,1,1,No,58300,10600,10600,37100,Ford,F150,2001,0,Ford*F150*2001,Riverwood_Pa,470510,352120
293,49,569245,1995-12-05,IL,100/300,2000,1239.06,0,439360,Female,Jd,Transport-Moving,Skydiving,Husband,34900,0,2015-01-10,Single Vehicle Collision,Front Collision,Total Loss,Police,Sc,Riverwood,2820 Britain St,19,1,?,1,1,?,57310,5210,10420,41680,Volkswagen,Passat,2002,0,Volkswagen*Passat*2002,Riverwood_Sc,439360,569245
179,32,907012,1996-12-15,OH,500/1000,2000,1246.68,0,440251,Female,Phd,Priv-House-Serv,Movies,Own-Child,0,0,2015-01-28,Single Vehicle Collision,Front Collision,Minor Damage,Fire,Ny,Arlington,2646 MLK Drive,10,1,?,0,1,?,53100,5900,5900,41300,Suburu,Impreza,2006,0,Suburu*Impreza*2006,Arlington_Ny,440251,907012
76,24,700074,2011-06-06,OH,250/500,1000,1622.67,0,600313,Female,Md,Priv-House-Serv,Paintball,Husband,0,0,2015-02-18,Multi-Vehicle Collision,Side Collision,Total Loss,Ambulance,Wv,Riverwood,6256 Elm St,6,3,No,1,1,?,74700,14940,7470,52290,Suburu,Forrestor,1997,0,Suburu*Forrestor*1997,Riverwood_Wv,600313,700074
105,28,866805,1995-12-13,OH,250/500,500,1082.36,0,452216,Female,Associate,Prof-Specialty,Golf,Own-Child,0,0,2015-01-24,Multi-Vehicle Collision,Rear Collision,Major Damage,Fire,Sc,Riverwood,9724 Maple St,12,3,No,2,2,No,60500,12100,6050,42350,Audi,A5,1995,0,Audi*A5*1995,Riverwood_Sc,452216,866805
97,26,951863,1997-10-28,OH,250/500,1000,1270.55,0,478532,Male,Masters,Protective-Serv,Chess,Unmarried,0,-72100,2015-01-20,Multi-Vehicle Collision,Side Collision,Total Loss,Other,Nc,Riverwood,7397 4th Drive,10,3,Yes,2,3,No,84920,7720,15440,61760,Jeep,Wrangler,2006,1,Jeep*Wrangler*2006,Riverwood_Nc,478532,951863
148,36,211578,1996-01-04,IL,500/1000,1000,1236.32,5000000,616929,Female,Md,Adm-Clerical,Hiking,Own-Child,55100,0,2015-01-10,Single Vehicle Collision,Side Collision,Total Loss,Police,Pa,Northbrook,3488 Flute Lane,0,1,No,2,0,No,61050,5550,11100,44400,Dodge,Neon,2009,0,Dodge*Neon*2009,Northbrook_Pa,616929,211578
77,26,357394,2008-05-09,IL,250/500,2000,785.82,0,620207,Male,Jd,Exec-Managerial,Movies,Other-Relative,49700,0,2015-01-07,Multi-Vehicle Collision,Rear Collision,Major Damage,Police,Ny,Hillsdale,9082 3rd Lane,12,3,Yes,2,0,?,69080,12560,6280,50240,Audi,A5,2009,1,Audi*A5*2009,Hillsdale_Ny,620207,357394
295,46,863749,2009-12-05,IN,250/500,500,1265.84,0,605743,Female,Jd,Prof-Specialty,Paintball,Own-Child,52200,-44500,2015-01-16,Vehicle Theft,?,Minor Damage,Nan,Va,Arlington,1941 5th Ridge,10,1,Yes,1,3,Yes,4560,760,380,3420,Nissan,Pathfinder,2007,0,Nissan*Pathfinder*2007,Arlington_Va,605743,863749
126,28,596914,1992-01-05,IN,250/500,500,1508.9,0,472814,Female,Jd,Machine-Op-Inspct,Skydiving,Other-Relative,0,0,2015-01-01,Multi-Vehicle Collision,Rear Collision,Total Loss,Police,Wv,Northbend,5333 MLK Lane,3,4,No,0,1,?,67800,11300,11300,45200,Ford,F150,2011,0,Ford*F150*2011,Northbend_Wv,472814,596914
132,32,684653,1997-11-15,OH,250/500,2000,1106.84,0,464362,Male,Phd,Other-Service,Reading,Wife,43100,-31900,2015-01-07,Vehicle Theft,?,Minor Damage,Police,Sc,Riverwood,4577 Sky Hwy,21,1,Yes,1,1,Yes,5600,1120,560,3920,Suburu,Legacy,2005,0,Suburu*Legacy*2005,Riverwood_Sc,464362,684653
370,55,528259,2012-12-22,IN,500/1000,2000,1389.13,7000000,456203,Male,Jd,Other-Service,Basketball,Wife,0,-53200,2015-02-17,Vehicle Theft,?,Minor Damage,Nan,Nc,Northbrook,4814 Lincoln Lane,6,1,?,0,2,?,9000,900,1800,6300,Mercedes,Ml350,2015,0,Mercedes*Ml350*2015,Northbrook_Nc,456203,528259
257,43,797636,1992-05-19,IN,100/300,1000,974.84,0,468984,Female,Jd,Transport-Moving,Kayaking,Other-Relative,52100,0,2015-02-26,Single Vehicle Collision,Rear Collision,Total Loss,Police,Va,Northbend,2381 1st Hwy,0,1,No,0,1,Yes,85320,21330,7110,56880,Nissan,Pathfinder,2006,0,Nissan*Pathfinder*2006,Northbend_Va,468984,797636
9,24,326180,2002-05-25,IL,100/300,2000,1304.46,0,473349,Female,Phd,Machine-Op-Inspct,Golf,Other-Relative,51700,-33300,2015-01-31,Vehicle Theft,?,Trivial Damage,Nan,Nc,Arlington,6939 3rd Hwy,6,1,No,0,3,Yes,5940,540,1080,4320,Audi,A5,2001,1,Audi*A5*2001,Arlington_Nc,473349,326180
185,34,620075,2010-04-21,OH,250/500,500,1257.36,0,474771,Female,Phd,Armed-Forces,Movies,Husband,0,0,2015-02-27,Multi-Vehicle Collision,Side Collision,Major Damage,Fire,Sc,Arlington,5269 Flute Hwy,20,3,Yes,1,1,?,51370,9340,4670,37360,Bmw,M5,2000,1,Bmw*M5*2000,Arlington_Sc,474771,620075
234,43,965187,1990-03-26,OH,250/500,500,1257.04,0,448294,Male,Associate,Protective-Serv,Reading,Own-Child,0,-48800,2015-03-01,Single Vehicle Collision,Rear Collision,Major Damage,Police,Sc,Northbrook,7197 2nd Drive,4,1,No,2,2,Yes,51600,10320,5160,36120,Dodge,Neon,2011,0,Dodge*Neon*2011,Northbrook_Sc,448294,965187
253,44,516182,2007-05-12,OH,100/300,2000,719.52,0,606606,Female,High School,Farming-Fishing,Golf,Own-Child,45800,0,2015-02-13,Parked Car,?,Trivial Damage,Nan,Sc,Arlington,1741 Best Ridge,9,1,No,0,3,?,5400,600,600,4200,Chevrolet,Malibu,1998,0,Chevrolet*Malibu*1998,Arlington_Sc,606606,516182
233,39,728839,2001-01-02,OH,500/1000,2000,1524.18,0,605220,Male,Jd,Craft-Repair,Reading,Unmarried,0,0,2015-01-08,Multi-Vehicle Collision,Rear Collision,Minor Damage,Fire,Sc,Northbrook,9148 4th Hwy,20,3,?,1,0,Yes,48870,5430,5430,38010,Saab,95,1999,0,Saab*95*1999,Northbrook_Sc,605220,728839
274,44,771509,2006-08-10,IN,500/1000,500,1395.58,0,466612,Female,Jd,Tech-Support,Reading,Husband,0,0,2015-02-05,Vehicle Theft,?,Minor Damage,Police,Wv,Springfield,4279 Solo Drive,7,1,No,2,1,?,5590,860,860,3870,Bmw,X5,2000,0,Bmw*X5*2000,Springfield_Wv,466612,771509
297,48,264221,2014-07-28,IL,500/1000,1000,1243.68,0,463331,Male,Masters,Protective-Serv,Camping,Wife,0,-71400,2015-02-20,Multi-Vehicle Collision,Front Collision,Major Damage,Other,Ny,Springfield,9177 Texas Ave,18,3,?,0,2,?,54960,6870,0,48090,Toyota,Corolla,2002,1,Toyota*Corolla*2002,Springfield_Ny,463331,264221
273,47,602704,2011-09-27,OH,500/1000,1000,1189.04,0,457843,Female,Associate,Prof-Specialty,Video-Games,Own-Child,59600,0,2015-01-24,Multi-Vehicle Collision,Side Collision,Minor Damage,Police,Va,Northbrook,5969 Francis St,0,3,No,1,3,?,39800,7960,3980,27860,Jeep,Wrangler,2014,0,Jeep*Wrangler*2014,Northbrook_Va,457843,602704
147,37,672416,2013-04-20,IN,500/1000,2000,1375.29,0,609226,Female,Masters,Armed-Forces,Chess,Own-Child,0,0,2015-01-31,Multi-Vehicle Collision,Side Collision,Major Damage,Ambulance,Sc,Columbus,9942 Tree Ave,11,3,?,0,1,?,56160,6240,6240,43680,Ford,Fusion,2015,1,Ford*Fusion*2015,Columbus_Sc,609226,672416
285,42,545506,1991-03-20,IN,100/300,500,1389.13,0,452942,Male,Associate,Priv-House-Serv,Golf,Not-In-Family,63100,-79400,2015-01-23,Single Vehicle Collision,Side Collision,Total Loss,Fire,Va,Hillsdale,5474 Weaver Hwy,13,1,No,0,3,?,52700,5270,10540,36890,Toyota,Corolla,2005,0,Toyota*Corolla*2005,Hillsdale_Va,452942,545506
289,43,777533,2002-12-21,OH,500/1000,1000,1387.51,0,609390,Female,Associate,Sales,Base-Jumping,Not-In-Family,0,0,2015-01-11,Multi-Vehicle Collision,Side Collision,Minor Damage,Fire,Ny,Riverwood,1102 Apache Hwy,19,3,Yes,1,3,?,68580,7620,7620,53340,Jeep,Wrangler,2010,0,Jeep*Wrangler*2010,Riverwood_Ny,609390,777533
427,60,953334,2005-12-03,IN,100/300,1000,1178.61,7000000,446608,Male,Md,Craft-Repair,Board-Games,Own-Child,0,-54400,2015-02-20,Single Vehicle Collision,Side Collision,Major Damage,Ambulance,Ny,Springfield,9214 Texas Drive,23,1,Yes,1,2,Yes,90860,12980,19470,58410,Volkswagen,Jetta,2004,1,Volkswagen*Jetta*2004,Springfield_Ny,446608,953334
380,53,369781,2011-05-25,IL,250/500,2000,1166.62,6000000,602500,Male,Associate,Priv-House-Serv,Bungie-Jumping,Wife,0,0,2015-02-24,Parked Car,?,Trivial Damage,Police,Nc,Northbend,8991 Texas Hwy,23,1,No,0,3,No,5700,570,570,4560,Saab,93,2001,0,Saab*93*2001,Northbend_Nc,602500,369781
13,21,990998,2006-10-18,IN,100/300,1000,1556.31,0,463809,Male,Associate,Prof-Specialty,Golf,Not-In-Family,0,-75000,2015-01-19,Multi-Vehicle Collision,Side Collision,Total Loss,Police,Ny,Hillsdale,9580 MLK Ave,19,3,Yes,2,0,Yes,94930,8630,8630,77670,Accura,Rsx,2014,0,Accura*Rsx*2014,Hillsdale_Ny,463809,990998
282,43,982678,2006-07-19,OH,250/500,500,1452.27,0,611996,Male,Md,Farming-Fishing,Video-Games,Not-In-Family,75800,0,2015-01-08,Single Vehicle Collision,Side Collision,Major Damage,Ambulance,Sc,Northbend,5868 Best Drive,19,1,No,1,2,No,46800,4680,9360,32760,Audi,A5,2007,1,Audi*A5*2007,Northbend_Sc,611996,982678
312,47,646069,2002-06-08,OH,500/1000,1000,1212.07,0,459298,Female,Md,Exec-Managerial,Polo,Wife,66900,-51800,2015-03-01,Multi-Vehicle Collision,Side Collision,Total Loss,Fire,Ny,Northbend,5318 5th Ave,17,3,No,2,3,No,56320,7040,7040,42240,Mercedes,Ml350,2000,0,Mercedes*Ml350*2000,Northbend_Ny,459298,646069
266,46,331683,2009-02-12,OH,100/300,2000,1578.54,0,468158,Male,Associate,Handlers-Cleaners,Chess,Husband,0,-41400,2015-01-21,Single Vehicle Collision,Front Collision,Minor Damage,Fire,Wv,Hillsdale,7502 Rock Lane,18,1,No,1,3,Yes,83490,7590,15180,60720,Nissan,Pathfinder,1996,0,Nissan*Pathfinder*1996,Hillsdale_Wv,468158,331683
30,36,364055,2001-05-14,IN,500/1000,500,1488.26,0,440831,Female,College,Machine-Op-Inspct,Golf,Wife,0,-63500,2015-02-28,Multi-Vehicle Collision,Side Collision,Total Loss,Police,Wv,Northbrook,4627 Elm Ridge,17,3,No,2,2,?,57900,5790,5790,46320,Saab,95,2008,0,Saab*95*2008,Northbrook_Wv,440831,364055
198,36,521854,2001-02-16,IN,250/500,1000,1096.39,0,603848,Male,High School,Armed-Forces,Kayaking,Own-Child,0,0,2015-01-26,Multi-Vehicle Collision,Rear Collision,Total Loss,Fire,Sc,Springfield,5584 Britain Lane,11,3,?,1,3,Yes,49410,5490,5490,38430,Audi,A3,2015,0,Audi*A3*2015,Springfield_Sc,603848,521854
290,45,737252,1993-11-18,OH,500/1000,2000,1215.36,0,617739,Male,Associate,Tech-Support,Reading,Own-Child,54400,0,2015-01-31,Multi-Vehicle Collision,Side Collision,Minor Damage,Fire,Wv,Northbend,7002 Oak Hwy,22,3,?,0,1,No,66200,6620,6620,52960,Suburu,Impreza,2012,0,Suburu*Impreza*2012,Northbend_Wv,617739,737252
260,46,344480,1990-02-18,OH,100/300,2000,1482.57,0,607133,Male,Md,Priv-House-Serv,Reading,Husband,35000,0,2015-02-20,Single Vehicle Collision,Front Collision,Minor Damage,Fire,Ny,Columbus,4780 Best Drive,7,1,No,0,1,No,64080,10680,10680,42720,Toyota,Camry,2005,0,Toyota*Camry*2005,Columbus_Ny,607133,344480
233,43,898519,2000-05-21,OH,250/500,1000,954.18,0,437470,Female,College,Tech-Support,Dancing,Other-Relative,0,0,2015-02-17,Multi-Vehicle Collision,Side Collision,Minor Damage,Other,Sc,Northbrook,8995 1st Ave,17,3,?,2,3,Yes,42500,8500,4250,29750,Nissan,Pathfinder,2000,0,Nissan*Pathfinder*2000,Northbrook_Sc,437470,898519
130,30,957816,2012-08-26,IL,500/1000,2000,1193.4,0,461372,Male,Phd,Exec-Managerial,Bungie-Jumping,Own-Child,0,-40800,2015-02-02,Multi-Vehicle Collision,Side Collision,Total Loss,Other,Sc,Columbus,5586 2nd St,16,3,No,2,3,?,48950,8900,4450,35600,Suburu,Legacy,2005,0,Suburu*Legacy*2005,Columbus_Sc,461372,957816
230,42,175960,2004-11-16,IN,100/300,1000,1023.11,0,476130,Female,Md,Adm-Clerical,Golf,Own-Child,0,-45300,2015-02-06,Multi-Vehicle Collision,Rear Collision,Minor Damage,Other,Ny,Northbend,1589 Best Ave,13,3,No,1,2,Yes,58850,10700,10700,37450,Accura,Mdx,1999,0,Accura*Mdx*1999,Northbend_Ny,476130,175960
212,40,489618,2003-01-23,IL,500/1000,1000,1524.45,0,452438,Female,Masters,Other-Service,Golf,Husband,73200,0,2015-02-11,Multi-Vehicle Collision,Side Collision,Minor Damage,Other,Ny,Northbrook,1880 Weaver Drive,17,3,Yes,0,2,Yes,82400,8240,8240,65920,Nissan,Pathfinder,2006,0,Nissan*Pathfinder*2006,Northbrook_Ny,452438,489618
299,44,717044,2008-11-07,OH,500/1000,1000,1653.32,0,460517,Female,College,Other-Service,Bungie-Jumping,Other-Relative,0,-48800,2015-01-25,Single Vehicle Collision,Rear Collision,Minor Damage,Ambulance,Wv,Springfield,7295 Tree Hwy,3,1,Yes,2,0,?,54240,6780,6780,40680,Suburu,Impreza,2009,0,Suburu*Impreza*2009,Springfield_Wv,460517,717044
91,26,101421,1999-10-19,IL,250/500,1000,1022.46,0,444896,Female,Associate,Armed-Forces,Video-Games,Other-Relative,52700,0,2015-02-23,Multi-Vehicle Collision,Front Collision,Minor Damage,Other,Sc,Arlington,8832 Pine Drive,15,3,?,0,2,?,74200,7420,7420,59360,Jeep,Wrangler,1996,0,Jeep*Wrangler*1996,Arlington_Sc,444896,101421
398,53,793948,1990-12-20,IL,100/300,2000,1396.43,0,448722,Female,Associate,Priv-House-Serv,Base-Jumping,Unmarried,21500,0,2015-01-29,Single Vehicle Collision,Front Collision,Total Loss,Fire,Wv,Hillsdale,1620 Oak Ave,16,1,Yes,2,1,?,47430,5270,5270,36890,Toyota,Camry,2000,0,Toyota*Camry*2000,Hillsdale_Wv,448722,793948
218,43,737483,1996-02-14,IL,250/500,500,1521.55,0,477856,Female,Associate,Priv-House-Serv,Polo,Other-Relative,61100,-64500,2015-01-02,Single Vehicle Collision,Rear Collision,Major Damage,Fire,Sc,Hillsdale,3847 Elm Hwy,18,1,?,1,3,Yes,68200,13640,6820,47740,Dodge,Ram,2003,1,Dodge*Ram*2003,Hillsdale_Sc,477856,737483
152,33,695117,2001-06-10,IN,100/300,1000,1034.27,0,617721,Female,Jd,Armed-Forces,Exercise,Husband,0,0,2015-02-06,Single Vehicle Collision,Front Collision,Minor Damage,Fire,Ny,Hillsdale,3177 MLK Ridge,18,1,No,1,0,No,63900,7100,7100,49700,Accura,Tl,2014,0,Accura*Tl*2014,Hillsdale_Ny,617721,695117
212,39,167466,2010-03-17,OH,100/300,1000,1255.35,0,454176,Female,Jd,Protective-Serv,Skydiving,Not-In-Family,60300,-58900,2015-02-14,Multi-Vehicle Collision,Rear Collision,Total Loss,Ambulance,Ny,Riverwood,3929 Oak Drive,22,2,No,0,3,Yes,59300,11860,5930,41510,Dodge,Ram,2008,0,Dodge*Ram*2008,Riverwood_Ny,454176,167466
242,44,664732,2003-07-30,IL,500/1000,2000,1396.89,6000000,618127,Female,College,Priv-House-Serv,Chess,Other-Relative,0,-61600,2015-02-04,Multi-Vehicle Collision,Front Collision,Minor Damage,Other,Sc,Springfield,1469 Lincoln Drive,15,3,No,1,2,Yes,66900,6690,13380,46830,Suburu,Forrestor,1999,1,Suburu*Forrestor*1999,Springfield_Sc,618127,664732
80,27,143038,2014-09-17,OH,500/1000,500,795.31,0,441923,Male,Jd,Farming-Fishing,Skydiving,Husband,0,-51000,2015-02-12,Multi-Vehicle Collision,Rear Collision,Major Damage,Police,Oh,Arlington,9719 4th Lane,16,3,Yes,1,3,?,40810,3710,7420,29680,Ford,F150,2000,1,Ford*F150*2000,Arlington_Oh,441923,143038
260,43,979963,2009-06-03,IN,100/300,500,982.22,0,604279,Female,Jd,Exec-Managerial,Skydiving,Not-In-Family,54500,-72100,2015-02-12,Single Vehicle Collision,Front Collision,Total Loss,Fire,Ny,Riverwood,3196 Cherokee St,18,1,?,1,0,?,75400,15080,7540,52780,Honda,Crv,2011,0,Honda*Crv*2011,Riverwood_Ny,604279,979963
133,34,467841,1994-10-11,IN,500/1000,500,1074.07,0,440833,Female,Jd,Prof-Specialty,Bungie-Jumping,Husband,70900,-61100,2015-01-28,Parked Car,?,Minor Damage,Nan,Wv,Northbend,8492 Andromedia Ridge,8,1,No,2,0,Yes,4200,420,840,2940,Jeep,Wrangler,2013,0,Jeep*Wrangler*2013,Northbend_Wv,440833,467841
290,45,219028,1991-07-18,OH,100/300,1000,1311.3,0,451550,Female,Associate,Machine-Op-Inspct,Chess,Wife,38500,0,2015-01-10,Multi-Vehicle Collision,Side Collision,Major Damage,Ambulance,Ny,Hillsdale,1353 Washington St,23,3,Yes,0,0,Yes,52650,5850,5850,40950,Ford,F150,2001,1,Ford*F150*2001,Hillsdale_Ny,451550,219028
322,49,130156,2001-09-24,IL,250/500,2000,1277.12,0,431853,Female,Phd,Armed-Forces,Kayaking,Own-Child,0,-46000,2015-01-19,Single Vehicle Collision,Rear Collision,Major Damage,Ambulance,Wv,Hillsdale,6731 Andromedia Hwy,18,1,?,0,2,Yes,42240,7680,7680,26880,Chevrolet,Malibu,2007,0,Chevrolet*Malibu*2007,Hillsdale_Wv,431853,130156
228,39,762951,2012-09-19,IN,500/1000,500,1388.62,0,614274,Female,Jd,Sales,Reading,Husband,35200,0,2015-01-19,Single Vehicle Collision,Side Collision,Minor Damage,Other,Nc,Riverwood,5769 Texas Lane,10,1,Yes,1,0,Yes,59490,6610,6610,46270,Mercedes,Ml350,1995,0,Mercedes*Ml350*1995,Riverwood_Nc,614274,762951
195,37,376879,1991-07-11,IL,100/300,1000,1406.52,8000000,619148,Male,Md,Tech-Support,Base-Jumping,Unmarried,0,0,2015-01-28,Single Vehicle Collision,Side Collision,Major Damage,Ambulance,Sc,Arlington,2849 Pine Drive,12,1,No,0,2,No,44200,4420,4420,35360,Jeep,Wrangler,2002,1,Jeep*Wrangler*2002,Arlington_Sc,619148,376879
247,39,599031,1991-10-29,IN,100/300,500,1558.29,0,456781,Female,Masters,Protective-Serv,Reading,Unmarried,0,-49300,2015-02-16,Vehicle Theft,?,Trivial Damage,Police,Wv,Springfield,2577 Texas Ridge,5,1,Yes,1,2,?,7700,770,1540,5390,Saab,93,2000,0,Saab*93*2000,Springfield_Wv,456781,599031
405,57,676255,1999-12-28,IN,500/1000,1000,1132.47,4000000,434293,Male,Md,Priv-House-Serv,Exercise,Other-Relative,46300,0,2015-01-08,Multi-Vehicle Collision,Front Collision,Total Loss,Other,Ny,Northbend,3841 Washington Lane,21,3,?,2,3,?,61440,10240,10240,40960,Saab,93,2008,0,Saab*93*2008,Northbend_Ny,434293,676255
144,37,985446,2012-10-11,OH,250/500,2000,1896.91,0,460895,Female,Phd,Handlers-Cleaners,Sleeping,Not-In-Family,73700,0,2015-01-24,Multi-Vehicle Collision,Rear Collision,Major Damage,Fire,Sc,Columbus,8125 Texas Ridge,17,3,Yes,1,3,No,54400,5440,10880,38080,Chevrolet,Silverado,2015,1,Chevrolet*Silverado*2015,Columbus_Sc,460895,985446
338,47,884180,1995-08-19,IL,500/1000,500,1143.46,4000000,601600,Male,Md,Priv-House-Serv,Polo,Other-Relative,0,0,2015-02-18,Single Vehicle Collision,Front Collision,Total Loss,Other,Nc,Arlington,4826 5th St,4,1,Yes,2,1,?,58560,9760,9760,39040,Mercedes,E400,2002,0,Mercedes*E400*2002,Arlington_Nc,601600,884180
121,34,571462,1991-02-11,IN,500/1000,500,1285.42,0,465440,Male,Md,Priv-House-Serv,Video-Games,Wife,0,0,2015-01-21,Single Vehicle Collision,Front Collision,Major Damage,Fire,Va,Northbrook,1578 5th Lane,11,1,No,1,1,No,67300,6730,6730,53840,Dodge,Ram,2000,1,Dodge*Ram*2000,Northbrook_Va,465440,571462
398,55,815883,1991-07-02,OH,250/500,2000,1305.26,0,455482,Male,Md,Farming-Fishing,Skydiving,Wife,66200,-49700,2015-01-08,Single Vehicle Collision,Rear Collision,Major Damage,Fire,Va,Hillsdale,6440 Rock Lane,18,1,?,1,3,Yes,36740,3340,6680,26720,Bmw,X5,1998,1,Bmw*X5*1998,Hillsdale_Va,455482,815883
9,30,258265,1994-04-10,IL,100/300,1000,1073.83,0,438877,Female,High School,Machine-Op-Inspct,Dancing,Not-In-Family,0,0,2015-02-02,Single Vehicle Collision,Rear Collision,Total Loss,Police,Ny,Northbrook,5806 Embaracadero St,12,1,?,0,0,No,85690,15580,15580,54530,Bmw,3 Series,2011,0,Bmw*3 Series*2011,Northbrook_Ny,438877,258265
115,31,569714,2005-12-04,OH,500/1000,1000,1051.67,0,479824,Female,Associate,Exec-Managerial,Bungie-Jumping,Not-In-Family,0,0,2015-03-01,Multi-Vehicle Collision,Side Collision,Major Damage,Ambulance,Wv,Riverwood,1472 4th Drive,18,3,Yes,0,3,No,34160,0,4270,29890,Audi,A5,2005,1,Audi*A5*2005,Riverwood_Wv,479824,569714
280,48,180008,2014-07-16,IL,250/500,1000,1387.35,0,477415,Male,Jd,Transport-Moving,Paintball,Not-In-Family,0,-72000,2015-02-04,Single Vehicle Collision,Front Collision,Minor Damage,Fire,Wv,Hillsdale,5839 Weaver Lane,16,1,No,2,2,?,61320,10220,10220,40880,Bmw,M5,1998,0,Bmw*M5*1998,Hillsdale_Wv,477415,180008
254,45,633375,2003-09-17,IL,250/500,500,1083.64,0,614372,Male,Jd,Other-Service,Paintball,Husband,59800,0,2015-02-27,Multi-Vehicle Collision,Rear Collision,Total Loss,Police,Nc,Columbus,7630 Rock Drive,19,3,Yes,0,0,?,79680,13280,13280,53120,Bmw,3 Series,2004,0,Bmw*3 Series*2004,Columbus_Nc,614372,633375
141,30,556538,2000-07-15,IL,250/500,1000,1851.78,0,465248,Female,High School,Craft-Repair,Exercise,Other-Relative,78800,0,2015-02-09,Single Vehicle Collision,Front Collision,Total Loss,Fire,Sc,Riverwood,7144 Andromedia St,13,1,No,1,0,Yes,61740,6860,6860,48020,Audi,A3,2002,0,Audi*A3*2002,Riverwood_Sc,465248,556538
441,55,669501,2009-07-29,IN,250/500,500,1270.29,4000000,449421,Male,College,Armed-Forces,Exercise,Husband,24000,-50500,2015-02-19,Parked Car,?,Minor Damage,Nan,Va,Arlington,9988 Rock Ridge,4,1,No,0,0,No,6400,640,640,5120,Honda,Civic,2002,0,Honda*Civic*2002,Arlington_Va,449421,669501
381,55,963761,1991-04-13,OH,500/1000,500,1459.99,0,445856,Female,Md,Other-Service,Chess,Wife,35900,0,2015-01-12,Single Vehicle Collision,Rear Collision,Major Damage,Fire,Sc,Northbrook,7544 Washington Ave,8,1,Yes,1,2,Yes,60600,12120,6060,42420,Accura,Tl,2011,0,Accura*Tl*2011,Northbrook_Sc,445856,963761
191,38,753005,2005-11-20,IL,100/300,2000,1253.44,0,608525,Female,Masters,Craft-Repair,Sleeping,Not-In-Family,0,0,2015-02-07,Multi-Vehicle Collision,Side Collision,Major Damage,Ambulance,Va,Hillsdale,7201 Washington Ave,19,3,No,2,0,No,56320,10240,5120,40960,Volkswagen,Jetta,2007,0,Volkswagen*Jetta*2007,Hillsdale_Va,608525,753005
145,34,454758,1990-05-20,IN,100/300,1000,1142.48,0,608813,Female,Jd,Priv-House-Serv,Sleeping,Other-Relative,0,0,2015-01-13,Single Vehicle Collision,Side Collision,Total Loss,Ambulance,Nc,Northbend,8805 Cherokee Drive,18,1,Yes,2,0,No,52250,9500,4750,38000,Suburu,Legacy,2012,0,Suburu*Legacy*2012,Northbend_Nc,608813,454758
479,60,698589,2002-11-28,IL,500/1000,1000,1188.45,0,459295,Female,Md,Exec-Managerial,Camping,Other-Relative,0,-44800,2015-01-18,Multi-Vehicle Collision,Rear Collision,Total Loss,Other,Sc,Arlington,3275 Pine St,9,2,?,0,3,?,53900,5390,10780,37730,Saab,95,2006,0,Saab*95*2006,Arlington_Sc,459295,698589
215,35,330119,2004-06-15,IL,500/1000,1000,1125.4,0,606144,Male,Masters,Adm-Clerical,Yachting,Husband,40000,-43400,2015-01-15,Vehicle Theft,?,Trivial Damage,Nan,Wv,Columbus,7785 Lincoln Lane,6,1,?,2,1,No,2640,220,440,1980,Jeep,Wrangler,2001,0,Jeep*Wrangler*2001,Columbus_Wv,606144,330119
41,33,164464,2010-09-26,OH,250/500,500,1294.41,0,476315,Male,High School,Transport-Moving,Sleeping,Husband,0,0,2015-02-23,Vehicle Theft,?,Minor Damage,Nan,Nc,Arlington,4994 Lincoln Drive,8,1,Yes,0,0,?,8970,1380,1380,6210,Dodge,Neon,2011,0,Dodge*Neon*2011,Arlington_Nc,476315,164464
45,31,927354,1990-09-15,IN,100/300,500,1459.5,0,475891,Male,Md,Priv-House-Serv,Movies,Not-In-Family,0,0,2015-02-17,Parked Car,?,Minor Damage,Nan,Ny,Springfield,1298 Maple Hwy,6,1,?,1,3,?,6000,1000,1000,4000,Suburu,Impreza,2000,0,Suburu*Impreza*2000,Springfield_Ny,475891,927354
156,38,231508,2009-09-16,IL,100/300,500,1367.99,0,462525,Male,High School,Armed-Forces,Board-Games,Own-Child,26500,0,2015-02-17,Multi-Vehicle Collision,Front Collision,Major Damage,Fire,Wv,Northbend,2644 MLK Drive,23,3,?,0,3,?,55200,11040,5520,38640,Saab,92X,1998,1,Saab*92X*1998,Northbend_Wv,462525,231508
246,45,272910,1999-08-12,IN,250/500,500,1594.37,0,606283,Male,Associate,Exec-Managerial,Board-Games,Own-Child,0,0,2015-01-18,Parked Car,?,Trivial Damage,Nan,Sc,Riverwood,5630 1st Drive,13,1,No,0,3,Yes,7260,660,1320,5280,Saab,92X,2008,0,Saab*92X*2008,Riverwood_Sc,606283,272910
178,39,305758,2009-03-08,IL,100/300,500,1035.99,0,465252,Female,Jd,Exec-Managerial,Sleeping,Own-Child,0,0,2015-01-17,Multi-Vehicle Collision,Front Collision,Minor Damage,Police,Ny,Springfield,6137 MLK St,3,3,No,2,0,?,64680,11760,11760,41160,Jeep,Wrangler,2010,0,Jeep*Wrangler*2010,Springfield_Ny,465252,305758
237,43,950542,2009-04-27,OH,250/500,500,911.53,0,449979,Female,Phd,Sales,Basketball,Husband,53200,0,2015-02-25,Single Vehicle Collision,Rear Collision,Major Damage,Police,Wv,Northbrook,5383 Maple Drive,23,1,No,0,1,No,59200,0,11840,47360,Chevrolet,Malibu,1998,0,Chevrolet*Malibu*1998,Northbrook_Wv,449979,950542
127,34,291544,2006-08-02,OH,500/1000,500,1319.97,0,604681,Female,Associate,Craft-Repair,Paintball,Own-Child,73700,0,2015-01-06,Vehicle Theft,?,Minor Damage,Nan,Nc,Arlington,4460 4th Lane,8,1,Yes,1,3,?,4700,470,940,3290,Saab,92X,1998,0,Saab*92X*1998,Arlington_Nc,604681,291544
1,33,388616,1995-12-06,OH,250/500,2000,1391.63,0,466390,Male,Associate,Sales,Video-Games,Husband,61200,0,2015-02-26,Single Vehicle Collision,Side Collision,Total Loss,Other,Ny,Columbus,8524 Pine Lane,23,1,Yes,0,3,No,69400,6940,6940,55520,Mercedes,C300,2000,0,Mercedes*C300*2000,Columbus_Ny,466390,388616
5,21,577992,2002-11-13,IN,250/500,500,915.41,5000000,612316,Female,High School,Exec-Managerial,Sleeping,Own-Child,0,0,2015-02-11,Single Vehicle Collision,Side Collision,Total Loss,Police,Ny,Northbrook,8456 1st Ave,23,1,Yes,0,0,No,40500,4050,4050,32400,Nissan,Pathfinder,1998,0,Nissan*Pathfinder*1998,Northbrook_Ny,612316,577992
64,28,342830,1991-11-09,IL,500/1000,1000,1468.82,0,474731,Male,Jd,Handlers-Cleaners,Skydiving,Other-Relative,56800,-51800,2015-02-13,Multi-Vehicle Collision,Side Collision,Minor Damage,Fire,Sc,Riverwood,3639 Flute Hwy,9,3,No,2,1,No,60000,5000,10000,45000,Honda,Accord,1997,0,Honda*Accord*1997,Riverwood_Sc,474731,342830
142,30,491170,1998-01-14,IN,500/1000,500,1412.76,0,603260,Male,Phd,Armed-Forces,Basketball,Wife,66400,-63700,2015-01-10,Single Vehicle Collision,Side Collision,Minor Damage,Other,Wv,Riverwood,7900 Sky Hwy,22,1,Yes,2,3,No,67320,11220,11220,44880,Volkswagen,Jetta,1996,0,Volkswagen*Jetta*1996,Riverwood_Wv,603260,491170
97,27,175553,2002-04-25,OH,500/1000,500,1588.26,0,434370,Female,High School,Tech-Support,Movies,Husband,56700,-49300,2015-01-24,Multi-Vehicle Collision,Side Collision,Total Loss,Other,Va,Riverwood,7835 Cherokee Hwy,22,3,Yes,2,1,Yes,75690,8410,8410,58870,Saab,95,2014,0,Saab*95*2014,Riverwood_Va,434370,175553
121,31,439341,1991-07-20,IN,100/300,1000,1140.91,0,478388,Male,Associate,Adm-Clerical,Paintball,Other-Relative,51300,0,2015-02-15,Multi-Vehicle Collision,Side Collision,Major Damage,Fire,Va,Northbend,1030 Pine Lane,15,3,No,1,2,?,64300,6430,6430,51440,Chevrolet,Silverado,2002,1,Chevrolet*Silverado*2002,Northbend_Va,478388,439341
225,43,221186,2004-08-13,OH,100/300,1000,1517.54,0,617883,Male,Jd,Priv-House-Serv,Camping,Own-Child,0,-20900,2015-01-09,Multi-Vehicle Collision,Rear Collision,Major Damage,Police,Sc,Columbus,9278 Francis Ridge,16,3,No,2,0,Yes,64400,6440,6440,51520,Bmw,X5,2011,0,Bmw*X5*2011,Columbus_Sc,617883,221186
425,53,868031,1990-06-24,OH,250/500,2000,912.29,0,464808,Female,High School,Priv-House-Serv,Paintball,Husband,42900,-39100,2015-01-31,Multi-Vehicle Collision,Front Collision,Minor Damage,Fire,Wv,Northbend,6604 Apache Drive,17,3,?,1,2,?,97080,16180,16180,64720,Saab,92X,2005,0,Saab*92X*2005,Northbend_Wv,464808,868031
285,44,844117,1991-08-21,OH,250/500,2000,1144.3,0,609458,Male,Md,Priv-House-Serv,Base-Jumping,Not-In-Family,52600,0,2015-02-04,Vehicle Theft,?,Minor Damage,Police,Wv,Northbrook,2311 4th St,3,1,Yes,1,0,?,5500,500,500,4500,Honda,Civic,2010,0,Honda*Civic*2010,Northbrook_Wv,609458,844117
192,38,744557,2011-02-25,IN,500/1000,1000,1281.43,0,432405,Female,Masters,Transport-Moving,Skydiving,Not-In-Family,65100,-50300,2015-01-30,Multi-Vehicle Collision,Rear Collision,Total Loss,Other,Sc,Northbend,9523 Solo Hwy,10,3,?,0,2,No,30700,3070,6140,21490,Jeep,Wrangler,2010,0,Jeep*Wrangler*2010,Northbend_Sc,432405,744557
285,48,159536,2013-02-04,IL,100/300,2000,1101.85,0,457875,Female,College,Sales,Dancing,Wife,46100,0,2015-02-27,Single Vehicle Collision,Side Collision,Minor Damage,Police,Pa,Springfield,3171 Andromedia Lane,9,1,No,1,2,Yes,33480,3720,3720,26040,Nissan,Pathfinder,2012,0,Nissan*Pathfinder*2012,Springfield_Pa,457875,159536
98,26,727109,2001-02-20,IN,500/1000,2000,1082.1,0,477268,Male,Jd,Exec-Managerial,Kayaking,Other-Relative,0,-30900,2015-02-05,Multi-Vehicle Collision,Front Collision,Total Loss,Police,Wv,Northbend,2492 Lincoln Lane,13,2,?,0,1,Yes,65430,14540,7270,43620,Jeep,Wrangler,2001,0,Jeep*Wrangler*2001,Northbend_Wv,477268,727109
175,36,155604,1992-03-03,OH,500/1000,500,1185.44,0,437580,Male,Masters,Exec-Managerial,Kayaking,Not-In-Family,44900,-52500,2015-01-30,Multi-Vehicle Collision,Rear Collision,Major Damage,Police,Nc,Northbend,4477 5th Ave,15,3,Yes,2,1,Yes,42680,3880,7760,31040,Accura,Rsx,2006,1,Accura*Rsx*2006,Northbend_Nc,437580,155604
259,45,608443,2006-12-21,IL,500/1000,2000,1175.07,0,457121,Male,Md,Craft-Repair,Movies,Not-In-Family,30100,0,2015-01-03,Single Vehicle Collision,Side Collision,Minor Damage,Fire,Wv,Springfield,6724 Andromedia St,23,1,?,1,1,No,87780,7980,7980,71820,Honda,Crv,2011,0,Honda*Crv*2011,Springfield_Wv,457121,608443
140,36,117862,2000-07-14,OH,500/1000,2000,979.26,0,436364,Female,Jd,Transport-Moving,Cross-Fit,Own-Child,0,-67000,2015-03-01,Multi-Vehicle Collision,Front Collision,Major Damage,Fire,Ny,Riverwood,7495 Washington Ave,2,4,Yes,0,2,Yes,72800,14560,14560,43680,Honda,Accord,1998,0,Honda*Accord*1998,Riverwood_Ny,436364,117862
231,37,991553,1991-12-12,OH,250/500,500,920.81,0,467654,Female,High School,Sales,Chess,Wife,0,0,2015-02-13,Single Vehicle Collision,Rear Collision,Major Damage,Fire,Sc,Hillsdale,4291 Sky Hwy,14,1,Yes,2,0,?,71190,0,7910,63280,Mercedes,C300,1997,1,Mercedes*C300*1997,Hillsdale_Sc,467654,991553
186,38,727443,2013-07-01,OH,100/300,500,922.85,0,471148,Male,High School,Adm-Clerical,Golf,Husband,70300,-70900,2015-02-25,Vehicle Theft,?,Trivial Damage,Nan,Ny,Hillsdale,5650 Rock Ave,7,1,?,1,1,Yes,3600,400,400,2800,Honda,Civic,1999,0,Honda*Civic*1999,Hillsdale_Ny,471148,727443
229,41,378587,1998-12-16,OH,250/500,2000,1107.59,3000000,468202,Male,Phd,Tech-Support,Chess,Not-In-Family,65400,0,2015-01-23,Single Vehicle Collision,Side Collision,Major Damage,Other,Ny,Columbus,6888 Elm Ridge,23,1,No,1,3,No,62640,10440,10440,41760,Mercedes,C300,2009,0,Mercedes*C300*2009,Columbus_Ny,468202,378587
180,36,420948,2015-01-03,IL,100/300,500,1272.46,0,456959,Male,College,Prof-Specialty,Exercise,Wife,0,0,2015-02-19,Multi-Vehicle Collision,Front Collision,Minor Damage,Ambulance,Ny,Northbrook,2352 Sky Drive,7,3,Yes,2,1,?,69630,12660,6330,50640,Toyota,Corolla,1998,0,Toyota*Corolla*1998,Northbrook_Ny,456959,420948
188,33,457188,1994-04-01,IL,250/500,1000,1340.24,0,447274,Male,High School,Protective-Serv,Chess,Own-Child,0,-68800,2015-02-08,Multi-Vehicle Collision,Rear Collision,Minor Damage,Police,Ny,Hillsdale,5280 Pine Ave,8,3,Yes,1,0,?,76010,13820,6910,55280,Dodge,Ram,1995,1,Dodge*Ram*1995,Hillsdale_Ny,447274,457188
214,40,118236,2000-08-15,OH,100/300,1000,1648.0,0,608405,Male,Jd,Transport-Moving,Base-Jumping,Not-In-Family,57700,-43500,2015-02-04,Single Vehicle Collision,Rear Collision,Total Loss,Other,Wv,Northbrook,6638 Tree Drive,17,1,No,1,0,Yes,44220,8040,4020,32160,Accura,Mdx,2000,0,Accura*Mdx*2000,Northbrook_Wv,608405,118236
178,38,987524,2014-11-13,IL,250/500,500,1381.14,0,472253,Female,College,Other-Service,Camping,Wife,0,0,2015-02-22,Multi-Vehicle Collision,Rear Collision,Minor Damage,Other,Ny,Northbrook,5678 Lincoln Drive,10,3,No,0,3,No,57200,5200,10400,41600,Bmw,M5,2011,0,Bmw*M5*2011,Northbrook_Ny,472253,987524
55,35,490596,2011-02-04,IL,500/1000,500,1198.44,8000000,438923,Male,Md,Priv-House-Serv,Polo,Wife,0,0,2015-01-14,Vehicle Theft,?,Minor Damage,Police,Wv,Columbus,4496 Pine Lane,9,1,No,0,3,No,3080,560,560,1960,Nissan,Ultima,1998,0,Nissan*Ultima*1998,Columbus_Wv,438923,490596
90,31,524215,1990-06-24,OH,250/500,2000,951.27,0,607131,Female,Phd,Other-Service,Hiking,Not-In-Family,42100,0,2015-01-06,Single Vehicle Collision,Rear Collision,Total Loss,Other,Sc,Hillsdale,8845 5th Ave,2,1,Yes,1,0,Yes,75790,13780,6890,55120,Accura,Rsx,2007,0,Accura*Rsx*2007,Hillsdale_Sc,607131,524215
135,30,913464,2009-01-21,IN,500/1000,2000,1341.24,0,601701,Female,Md,Farming-Fishing,Skydiving,Wife,37100,-46500,2015-01-19,Multi-Vehicle Collision,Rear Collision,Minor Damage,Ambulance,Wv,Riverwood,9317 Apache Ave,18,3,No,0,1,No,32670,5940,2970,23760,Honda,Accord,2003,0,Honda*Accord*2003,Riverwood_Wv,601701,913464
277,46,398484,1992-11-07,IL,250/500,2000,1177.57,0,469220,Female,Associate,Adm-Clerical,Video-Games,Husband,0,-65500,2015-01-24,Vehicle Theft,?,Minor Damage,Police,Va,Arlington,8638 3rd Ave,4,1,?,2,3,No,3870,430,860,2580,Jeep,Wrangler,2010,0,Jeep*Wrangler*2010,Arlington_Va,469220,398484
211,38,752504,1997-05-15,IN,250/500,1000,1055.09,0,433250,Female,Masters,Transport-Moving,Video-Games,Own-Child,0,0,2015-01-27,Single Vehicle Collision,Front Collision,Total Loss,Fire,Ny,Columbus,3061 Francis Hwy,12,1,?,0,3,Yes,91520,8320,16640,66560,Bmw,X6,2005,1,Bmw*X6*2005,Columbus_Ny,433250,752504
156,32,449263,1992-03-20,IL,250/500,500,1479.48,0,444413,Male,Masters,Prof-Specialty,Bungie-Jumping,Unmarried,0,0,2015-01-13,Single Vehicle Collision,Front Collision,Major Damage,Other,Ny,Northbrook,1173 Andromedia Ave,15,1,Yes,1,3,Yes,74690,6790,13580,54320,Dodge,Ram,2008,1,Dodge*Ram*2008,Northbrook_Ny,444413,449263
84,30,844007,1995-07-17,IN,500/1000,2000,1827.38,0,433593,Male,Associate,Priv-House-Serv,Polo,Other-Relative,0,-15900,2015-01-15,Vehicle Theft,?,Trivial Damage,Police,Va,Springfield,6068 2nd St,9,1,Yes,1,3,?,4620,420,840,3360,Audi,A5,1998,0,Audi*A5*1998,Springfield_Va,433593,844007
136,32,686522,2000-12-27,IN,100/300,500,1169.62,0,458143,Female,Jd,Sales,Yachting,Not-In-Family,0,0,2015-02-04,Single Vehicle Collision,Side Collision,Major Damage,Police,Sc,Arlington,7937 Weaver Ridge,6,1,Yes,0,0,No,55000,10000,10000,35000,Toyota,Camry,2008,1,Toyota*Camry*2008,Arlington_Sc,458143,686522
310,48,670142,1999-08-06,IN,100/300,500,1516.34,0,474167,Female,Jd,Adm-Clerical,Sleeping,Unmarried,11000,0,2015-01-04,Multi-Vehicle Collision,Rear Collision,Major Damage,Police,Sc,Springfield,2823 Weaver Lane,11,4,Yes,0,2,No,59400,13200,6600,39600,Saab,93,1996,1,Saab*93*1996,Springfield_Sc,474167,670142
123,34,607687,2007-03-03,OH,500/1000,2000,1270.21,0,476413,Female,College,Sales,Sleeping,Husband,16100,-61200,2015-01-14,Multi-Vehicle Collision,Side Collision,Total Loss,Fire,Pa,Columbus,1809 Sky St,13,3,No,1,1,?,55260,6140,0,49120,Nissan,Ultima,2000,0,Nissan*Ultima*2000,Columbus_Pa,476413,607687
243,44,967713,1997-12-25,IL,250/500,500,809.11,0,600208,Male,Jd,Craft-Repair,Polo,Other-Relative,33200,0,2015-01-27,Multi-Vehicle Collision,Side Collision,Minor Damage,Other,Nc,Springfield,9352 Washington Ave,4,3,?,2,1,Yes,51400,5140,10280,35980,Honda,Civic,1996,0,Honda*Civic*1996,Springfield_Nc,600208,967713
36,37,291902,2013-11-06,IL,500/1000,1000,1115.81,0,618926,Female,Masters,Machine-Op-Inspct,Reading,Husband,0,-59800,2015-02-12,Multi-Vehicle Collision,Side Collision,Minor Damage,Ambulance,Ny,Columbus,2697 Oak Drive,20,3,Yes,1,3,?,48780,5420,10840,32520,Dodge,Neon,2008,0,Dodge*Neon*2008,Columbus_Ny,618926,291902
146,31,149839,1990-09-21,OH,100/300,1000,1457.65,5000000,606219,Female,College,Armed-Forces,Camping,Own-Child,0,0,2015-02-03,Multi-Vehicle Collision,Rear Collision,Major Damage,Ambulance,Va,Riverwood,1110 4th Drive,0,3,No,1,3,?,52380,5820,5820,40740,Toyota,Highlander,2010,0,Toyota*Highlander*2010,Riverwood_Va,606219,149839
154,34,840225,1999-10-05,OH,100/300,1000,1041.36,0,448436,Female,Jd,Priv-House-Serv,Cross-Fit,Husband,53100,-43900,2015-01-26,Multi-Vehicle Collision,Side Collision,Total Loss,Other,Wv,Hillsdale,7535 5th Lane,18,4,?,2,3,Yes,74360,13520,13520,47320,Toyota,Highlander,2005,1,Toyota*Highlander*2005,Hillsdale_Wv,448436,840225
204,40,643226,1992-04-07,OH,250/500,1000,1693.83,7000000,447976,Male,High School,Protective-Serv,Polo,Other-Relative,44000,-20800,2015-01-09,Single Vehicle Collision,Front Collision,Minor Damage,Police,Ny,Northbrook,9043 Maple Hwy,6,1,?,1,0,?,53400,5340,5340,42720,Honda,Crv,2003,0,Honda*Crv*2003,Northbrook_Ny,447976,643226
458,59,535879,2009-03-05,IN,100/300,1000,1685.69,0,472236,Female,High School,Protective-Serv,Hiking,Wife,31400,0,2015-02-17,Single Vehicle Collision,Front Collision,Total Loss,Police,Va,Hillsdale,3777 Maple Ave,23,1,?,2,2,Yes,71800,14360,14360,43080,Jeep,Grand Cherokee,1995,0,Jeep*Grand Cherokee*1995,Hillsdale_Va,472236,535879
147,31,746630,1997-02-10,IN,250/500,500,1054.92,6000000,468232,Female,Phd,Prof-Specialty,Exercise,Own-Child,51900,0,2015-01-16,Single Vehicle Collision,Front Collision,Major Damage,Other,Ny,Northbrook,5608 Solo St,4,1,?,0,0,?,68240,8530,0,59710,Toyota,Corolla,2013,1,Toyota*Corolla*2013,Northbrook_Ny,468232,746630
279,45,598308,1992-01-28,IN,250/500,2000,1333.97,6000000,620819,Female,Md,Other-Service,Bungie-Jumping,Unmarried,61100,-30700,2015-01-12,Multi-Vehicle Collision,Rear Collision,Major Damage,Other,Sc,Arlington,6981 Weaver St,21,3,?,1,0,?,61050,11100,11100,38850,Dodge,Ram,2011,1,Dodge*Ram*2011,Arlington_Sc,620819,598308
308,47,720356,2013-09-16,OH,100/300,1000,1013.61,6000000,452349,Female,Associate,Craft-Repair,Movies,Own-Child,45700,-41400,2015-01-03,Parked Car,?,Minor Damage,Nan,Ny,Springfield,4369 Maple Lane,7,1,?,1,1,Yes,5590,860,860,3870,Suburu,Impreza,2002,0,Suburu*Impreza*2002,Springfield_Ny,452349,720356
284,48,724752,2008-05-16,IL,500/1000,500,958.3,0,464646,Female,Phd,Machine-Op-Inspct,Exercise,Husband,47900,0,2015-01-22,Multi-Vehicle Collision,Side Collision,Major Damage,Fire,Ny,Columbus,6931 Elm St,19,3,?,0,0,?,46860,8520,8520,29820,Volkswagen,Passat,1998,0,Volkswagen*Passat*1998,Columbus_Ny,464646,724752
108,31,148498,2002-01-04,IN,250/500,2000,1112.04,6000000,472209,Female,Phd,Other-Service,Base-Jumping,Own-Child,52800,-54300,2015-01-13,Parked Car,?,Minor Damage,Nan,Sc,Arlington,7583 Washington Ave,5,1,No,1,3,No,4290,780,780,2730,Volkswagen,Passat,1998,0,Volkswagen*Passat*1998,Arlington_Sc,472209,148498
421,57,110122,2002-04-02,IN,250/500,2000,1206.26,0,459955,Female,Associate,Armed-Forces,Bungie-Jumping,Own-Child,69900,0,2015-01-31,Multi-Vehicle Collision,Front Collision,Minor Damage,Police,Nc,Arlington,7552 3rd St,22,3,Yes,0,0,No,78500,15700,7850,54950,Audi,A3,2015,0,Audi*A3*2015,Arlington_Nc,459955,110122
266,42,281388,1998-07-16,IL,500/1000,1000,763.67,0,473389,Male,Associate,Prof-Specialty,Movies,Own-Child,12800,-49700,2015-02-04,Single Vehicle Collision,Side Collision,Total Loss,Police,Sc,Northbrook,1654 Pine St,12,1,Yes,1,3,Yes,70830,7870,7870,55090,Jeep,Grand Cherokee,2005,0,Jeep*Grand Cherokee*2005,Northbrook_Sc,473389,281388
412,56,728600,2002-08-15,IL,250/500,500,1042.56,0,616767,Male,High School,Handlers-Cleaners,Yachting,Own-Child,0,-66100,2015-01-20,Multi-Vehicle Collision,Front Collision,Total Loss,Police,Sc,Springfield,6058 Andromedia Hwy,19,3,No,0,2,No,68040,15120,7560,45360,Suburu,Forrestor,1997,0,Suburu*Forrestor*1997,Springfield_Sc,616767,728600
31,32,231548,1999-09-07,IL,100/300,2000,1263.48,4000000,442948,Female,Jd,Other-Service,Hiking,Wife,46800,-87300,2015-02-07,Single Vehicle Collision,Side Collision,Major Damage,Fire,Wv,Hillsdale,6536 MLK Hwy,10,1,?,2,0,?,63600,5300,10600,47700,Audi,A5,1997,1,Audi*A5*1997,Hillsdale_Wv,442948,231548
465,63,531160,2012-01-12,IL,250/500,500,1006.99,6000000,458936,Female,Masters,Sales,Board-Games,Own-Child,0,0,2015-02-05,Single Vehicle Collision,Side Collision,Minor Damage,Other,Wv,Columbus,8198 Embaracadero Lane,7,1,No,0,3,?,43560,4840,4840,33880,Suburu,Legacy,2015,0,Suburu*Legacy*2015,Columbus_Wv,458936,531160
126,31,889003,1996-08-18,OH,250/500,1000,1328.26,0,613921,Male,Masters,Sales,Exercise,Not-In-Family,42300,-45800,2015-01-02,Single Vehicle Collision,Front Collision,Total Loss,Police,Wv,Hillsdale,3447 Solo Ave,17,1,No,1,1,No,60840,13520,6760,40560,Suburu,Forrestor,2011,0,Suburu*Forrestor*2011,Hillsdale_Wv,613921,889003
407,55,193213,1996-03-11,OH,100/300,1000,1250.08,5000000,474598,Female,Phd,Tech-Support,Bungie-Jumping,Wife,0,-57700,2015-02-08,Multi-Vehicle Collision,Side Collision,Total Loss,Police,Wv,Arlington,1806 Weaver Ridge,0,3,?,2,3,Yes,68160,11360,11360,45440,Ford,Escape,2010,0,Ford*Escape*2010,Arlington_Wv,474598,193213
101,27,557218,1997-11-23,IL,500/1000,500,982.7,6000000,440865,Female,College,Transport-Moving,Video-Games,Unmarried,30800,-43700,2015-01-13,Parked Car,?,Minor Damage,Nan,Sc,Arlington,7930 Texas Ave,9,1,No,1,0,No,5170,940,470,3760,Toyota,Camry,2001,0,Toyota*Camry*2001,Arlington_Sc,440865,557218
187,37,125591,2013-08-08,IN,500/1000,1000,1412.06,5000000,450947,Female,Masters,Protective-Serv,Reading,Not-In-Family,60100,0,2015-01-16,Single Vehicle Collision,Side Collision,Total Loss,Ambulance,Nc,Riverwood,7082 Oak Ridge,21,1,?,0,3,?,57700,5770,5770,46160,Nissan,Maxima,2000,0,Nissan*Maxima*2000,Riverwood_Nc,450947,125591
252,46,227244,1996-11-30,IN,500/1000,2000,1066.7,0,473370,Female,Jd,Handlers-Cleaners,Sleeping,Own-Child,0,0,2015-01-30,Multi-Vehicle Collision,Front Collision,Total Loss,Other,Va,Northbend,6357 Texas Lane,22,3,No,0,2,No,89520,14920,14920,59680,Audi,A3,2014,0,Audi*A3*2014,Northbend_Va,473370,227244
229,43,791425,1997-06-18,IN,250/500,2000,1585.54,0,463153,Male,High School,Protective-Serv,Reading,Not-In-Family,42600,-44400,2015-02-26,Vehicle Theft,?,Minor Damage,Nan,Wv,Hillsdale,9322 Rock Hwy,3,1,No,1,0,Yes,4620,420,840,3360,Volkswagen,Jetta,2012,0,Volkswagen*Jetta*2012,Hillsdale_Wv,463153,791425
246,39,354455,2007-04-19,IN,250/500,1000,1416.08,0,612546,Female,Jd,Craft-Repair,Yachting,Other-Relative,0,-36600,2015-01-27,Single Vehicle Collision,Rear Collision,Minor Damage,Ambulance,Wv,Northbrook,6684 Solo Lane,16,1,Yes,0,3,?,45180,5020,5020,35140,Honda,Crv,2004,0,Honda*Crv*2004,Northbrook_Wv,612546,354455
190,38,601042,2007-09-19,OH,250/500,500,1246.03,0,442919,Male,Jd,Craft-Repair,Movies,Unmarried,61900,-50000,2015-01-28,Single Vehicle Collision,Side Collision,Total Loss,Other,Ny,Riverwood,4885 Oak Lane,14,1,Yes,0,0,No,45100,9020,4510,31570,Nissan,Maxima,2013,0,Nissan*Maxima*2013,Riverwood_Ny,442919,601042
95,32,433663,1996-12-21,IN,500/1000,2000,1356.64,0,449352,Male,Masters,Machine-Op-Inspct,Golf,Not-In-Family,67800,-48600,2015-02-23,Multi-Vehicle Collision,Side Collision,Total Loss,Police,Sc,Springfield,7846 Andromedia Drive,21,3,Yes,0,3,Yes,83160,15120,15120,52920,Toyota,Camry,2003,0,Toyota*Camry*2003,Springfield_Sc,449352,433663
205,42,471938,2008-02-03,IL,100/300,2000,1387.7,4000000,470104,Female,High School,Priv-House-Serv,Skydiving,Other-Relative,0,0,2015-01-18,Single Vehicle Collision,Rear Collision,Minor Damage,Police,Wv,Columbus,3915 Embaracadero St,19,1,No,2,1,No,86130,15660,15660,54810,Chevrolet,Silverado,1995,0,Chevrolet*Silverado*1995,Columbus_Wv,470104,471938
41,25,564654,2003-07-16,OH,100/300,1000,1004.14,0,459889,Male,Masters,Priv-House-Serv,Sleeping,Wife,35400,0,2015-02-15,Multi-Vehicle Collision,Front Collision,Major Damage,Fire,Nc,Hillsdale,4242 Rock Lane,13,3,No,1,3,No,48000,9600,4800,33600,Dodge,Ram,1995,0,Dodge*Ram*1995,Hillsdale_Nc,459889,564654
137,35,645723,1991-05-05,OH,500/1000,500,1107.07,0,478868,Female,High School,Protective-Serv,Movies,Husband,0,-45300,2015-02-04,Vehicle Theft,?,Minor Damage,Police,Va,Hillsdale,7405 Oak St,21,1,No,0,0,Yes,3300,600,600,2100,Saab,92X,2008,0,Saab*92X*2008,Hillsdale_Va,478868,645723
194,34,573572,1991-06-16,IL,100/300,500,1429.96,0,463307,Female,Jd,Protective-Serv,Board-Games,Husband,67800,0,2015-01-12,Multi-Vehicle Collision,Rear Collision,Minor Damage,Ambulance,Ny,Northbend,9633 4th St,11,3,No,1,2,Yes,57200,11440,5720,40040,Toyota,Camry,2005,0,Toyota*Camry*2005,Northbend_Ny,463307,573572
128,35,437960,2001-04-03,IN,250/500,1000,1074.99,0,453620,Female,Associate,Adm-Clerical,Bungie-Jumping,Husband,0,-48800,2015-01-02,Vehicle Theft,?,Trivial Damage,Police,Va,Columbus,3492 Britain St,16,1,?,2,0,?,7590,1380,690,5520,Accura,Mdx,2012,0,Accura*Mdx*2012,Columbus_Va,453620,437960
150,37,649800,2014-03-16,OH,500/1000,1000,1007.0,0,466238,Female,Phd,Transport-Moving,Board-Games,Unmarried,30400,-89400,2015-01-27,Single Vehicle Collision,Rear Collision,Total Loss,Police,Va,Arlington,7973 4th St,9,1,No,0,2,?,80080,12320,12320,55440,Chevrolet,Silverado,2013,0,Chevrolet*Silverado*2013,Arlington_Va,466238,649800
104,30,544225,2010-08-03,OH,100/300,500,1052.85,0,607697,Female,Md,Protective-Serv,Skydiving,Other-Relative,0,-70100,2015-02-09,Vehicle Theft,?,Minor Damage,Police,Wv,Riverwood,3952 Andromedia Lane,8,1,No,0,0,Yes,4800,960,480,3360,Bmw,3 Series,2006,0,Bmw*3 Series*2006,Riverwood_Wv,607697,544225
163,37,390256,2009-11-25,IN,500/1000,1000,1200.33,4000000,477631,Female,High School,Craft-Repair,Cross-Fit,Own-Child,0,-36400,2015-02-06,Vehicle Theft,?,Minor Damage,Police,Wv,Springfield,6702 Andromedia St,7,1,?,2,1,Yes,3900,390,780,2730,Volkswagen,Jetta,2008,1,Volkswagen*Jetta*2008,Springfield_Wv,477631,390256
80,26,488597,2001-05-08,IL,100/300,1000,1343.0,0,443625,Male,Masters,Handlers-Cleaners,Camping,Other-Relative,64600,0,2015-01-03,Single Vehicle Collision,Front Collision,Minor Damage,Other,Sc,Arlington,5455 Oak Hwy,12,1,?,0,0,No,90400,9040,9040,72320,Bmw,3 Series,1995,0,Bmw*3 Series*1995,Arlington_Sc,443625,488597
65,29,133889,2004-06-14,OH,250/500,2000,1441.6,5000000,472223,Female,Md,Sales,Kayaking,Own-Child,0,0,2015-01-12,Multi-Vehicle Collision,Rear Collision,Minor Damage,Other,Nc,Columbus,2253 Maple Ave,21,3,Yes,0,0,?,62900,6290,12580,44030,Jeep,Grand Cherokee,1998,0,Jeep*Grand Cherokee*1998,Columbus_Nc,472223,133889
179,32,931901,1994-08-07,OH,100/300,1000,1433.42,6000000,608328,Female,Associate,Protective-Serv,Base-Jumping,Own-Child,53800,0,2015-01-22,Single Vehicle Collision,Rear Collision,Major Damage,Police,Nc,Arlington,7897 Lincoln St,4,1,Yes,1,2,No,54200,5420,10840,37940,Nissan,Ultima,2014,1,Nissan*Ultima*2014,Arlington_Nc,608328,931901
372,50,769475,2004-08-26,OH,500/1000,2000,1368.57,0,474860,Female,Md,Tech-Support,Paintball,Other-Relative,0,0,2015-01-03,Multi-Vehicle Collision,Side Collision,Major Damage,Police,Ny,Northbend,8811 Maple Hwy,18,3,No,2,2,Yes,51800,5180,10360,36260,Accura,Mdx,2003,0,Accura*Mdx*2003,Northbend_Ny,474860,769475
398,55,844062,1990-05-25,OH,250/500,500,862.19,0,606858,Male,High School,Adm-Clerical,Movies,Unmarried,69400,0,2015-02-23,Vehicle Theft,?,Trivial Damage,Police,Sc,Northbend,8167 Apache Ave,7,1,?,2,3,?,6600,600,1200,4800,Accura,Mdx,2012,0,Accura*Mdx*2012,Northbend_Sc,606858,844062
213,35,844129,1990-09-20,OH,250/500,500,871.46,0,477938,Male,Md,Tech-Support,Movies,Husband,58500,-77700,2015-01-22,Single Vehicle Collision,Side Collision,Total Loss,Fire,Sc,Northbrook,5475 Rock Lane,13,1,Yes,2,0,Yes,74140,13480,6740,53920,Ford,Escape,2007,0,Ford*Escape*2007,Northbrook_Sc,477938,844129
79,25,732169,2000-11-05,OH,500/1000,500,1863.04,0,462698,Female,Associate,Priv-House-Serv,Paintball,Not-In-Family,53400,-35200,2015-02-13,Single Vehicle Collision,Front Collision,Total Loss,Fire,Va,Northbend,8215 Flute Drive,0,1,No,2,1,?,67800,13560,6780,47460,Mercedes,C300,1995,0,Mercedes*C300*1995,Northbend_Va,462698,732169
232,44,221854,1994-10-03,OH,250/500,2000,1181.64,0,454552,Male,College,Other-Service,Exercise,Wife,25800,0,2015-02-08,Single Vehicle Collision,Rear Collision,Major Damage,Fire,Ny,Northbend,1320 Flute Lane,22,1,?,1,1,Yes,55400,5540,11080,38780,Jeep,Grand Cherokee,2002,1,Jeep*Grand Cherokee*2002,Northbend_Ny,454552,221854
230,37,776950,2005-04-11,IL,500/1000,1000,1060.74,0,471585,Male,Phd,Tech-Support,Reading,Own-Child,0,-51500,2015-01-09,Single Vehicle Collision,Rear Collision,Major Damage,Ambulance,Sc,Columbus,1229 5th Ave,15,1,Yes,2,3,?,49100,9820,4910,34370,Suburu,Impreza,1996,1,Suburu*Impreza*1996,Columbus_Sc,471585,776950
234,41,291006,1990-05-16,IN,100/300,500,951.56,0,455426,Female,Jd,Transport-Moving,Video-Games,Wife,59400,-78600,2015-02-08,Multi-Vehicle Collision,Side Collision,Major Damage,Police,Sc,Riverwood,3884 Pine Lane,3,3,No,2,1,?,98280,15120,7560,75600,Chevrolet,Tahoe,2007,1,Chevrolet*Tahoe*2007,Riverwood_Sc,455426,291006
240,40,845751,2004-09-11,IN,100/300,500,1533.71,9000000,469856,Female,Jd,Protective-Serv,Polo,Own-Child,0,-70900,2015-01-10,Multi-Vehicle Collision,Rear Collision,Total Loss,Fire,Va,Northbend,7108 Tree St,18,2,Yes,0,2,?,66550,6050,12100,48400,Ford,Escape,2008,0,Ford*Escape*2008,Northbend_Va,469856,845751
143,33,889764,1993-11-30,OH,500/1000,1000,1200.09,0,454191,Female,Associate,Craft-Repair,Board-Games,Unmarried,38400,-5700,2015-01-26,Multi-Vehicle Collision,Side Collision,Major Damage,Fire,Wv,Arlington,8014 Embaracadero Drive,17,3,?,2,2,?,70400,14080,7040,49280,Accura,Rsx,2002,0,Accura*Rsx*2002,Arlington_Wv,454191,889764
266,42,929306,2003-03-06,IN,100/300,500,1093.83,4000000,468454,Male,Associate,Adm-Clerical,Board-Games,Other-Relative,0,-49600,2015-02-21,Multi-Vehicle Collision,Side Collision,Major Damage,Ambulance,Wv,Springfield,4937 Flute Drive,18,3,?,1,1,No,53280,4440,8880,39960,Suburu,Impreza,2015,1,Suburu*Impreza*2015,Springfield_Wv,468454,929306
89,32,515457,1996-12-18,IN,250/500,1000,988.93,0,614187,Female,High School,Craft-Repair,Golf,Unmarried,27600,0,2015-01-23,Single Vehicle Collision,Front Collision,Total Loss,Other,Ny,Columbus,2889 Francis St,11,1,?,2,3,Yes,84590,15380,15380,53830,Dodge,Neon,1999,0,Dodge*Neon*1999,Columbus_Ny,614187,515457
229,37,556270,1995-02-21,IN,500/1000,1000,1331.94,0,433974,Female,Masters,Farming-Fishing,Base-Jumping,Not-In-Family,0,-55400,2015-02-05,Single Vehicle Collision,Rear Collision,Total Loss,Other,Ny,Columbus,7504 Flute Drive,17,1,No,0,2,Yes,54560,9920,9920,34720,Saab,95,2004,0,Saab*95*2004,Columbus_Ny,433974,556270
245,40,908935,2009-12-11,IL,500/1000,1000,1361.45,0,604833,Male,Phd,Handlers-Cleaners,Camping,Unmarried,39300,0,2015-02-15,Single Vehicle Collision,Rear Collision,Minor Damage,Ambulance,Oh,Northbend,7570 Cherokee Drive,12,1,Yes,0,2,Yes,82170,7470,7470,67230,Suburu,Forrestor,1999,0,Suburu*Forrestor*1999,Northbend_Oh,604833,908935
50,44,525862,2000-10-18,OH,250/500,2000,1188.51,0,447469,Male,College,Handlers-Cleaners,Bungie-Jumping,Unmarried,0,-65800,2015-01-08,Multi-Vehicle Collision,Front Collision,Total Loss,Police,Ny,Northbend,4710 Lincoln Hwy,15,3,?,1,2,No,61100,6110,12220,42770,Dodge,Neon,2008,0,Dodge*Neon*2008,Northbend_Ny,447469,525862
230,43,490514,2007-02-09,IN,500/1000,2000,1101.83,0,451529,Male,High School,Exec-Managerial,Cross-Fit,Other-Relative,28900,0,2015-01-01,Multi-Vehicle Collision,Front Collision,Minor Damage,Police,Ny,Arlington,7511 1st Ave,0,3,?,0,3,Yes,51900,5190,10380,36330,Bmw,M5,2011,1,Bmw*M5*2011,Arlington_Ny,451529,490514
17,39,774895,2006-10-28,IL,250/500,1000,840.95,0,431202,Female,Jd,Adm-Clerical,Hiking,Unmarried,32500,-80800,2015-02-26,Parked Car,?,Trivial Damage,Police,Sc,Arlington,7042 Maple Ridge,9,1,?,2,1,?,3440,430,430,2580,Suburu,Legacy,2002,0,Suburu*Legacy*2002,Arlington_Sc,431202,774895
163,36,974522,2000-01-27,IN,250/500,1000,1503.21,0,448190,Male,Md,Other-Service,Cross-Fit,Husband,55700,-49900,2015-02-28,Single Vehicle Collision,Side Collision,Total Loss,Ambulance,Wv,Springfield,4475 Lincoln Ridge,1,1,Yes,2,1,No,51390,5710,11420,34260,Toyota,Corolla,2013,0,Toyota*Corolla*2013,Springfield_Wv,448190,974522
29,32,669809,2002-04-05,OH,100/300,1000,1722.5,0,453713,Male,High School,Other-Service,Base-Jumping,Wife,0,-21500,2015-01-13,Single Vehicle Collision,Side Collision,Major Damage,Other,Wv,Columbus,9439 MLK St,22,1,?,0,2,?,76900,7690,7690,61520,Jeep,Wrangler,1995,0,Jeep*Wrangler*1995,Columbus_Wv,453713,669809
232,42,182953,2013-04-30,IN,100/300,500,944.03,0,440153,Male,College,Handlers-Cleaners,Kayaking,Not-In-Family,0,-58400,2015-02-19,Single Vehicle Collision,Rear Collision,Minor Damage,Other,Wv,Riverwood,8269 Sky Hwy,11,1,Yes,2,3,?,77000,15400,7700,53900,Toyota,Highlander,2015,1,Toyota*Highlander*2015,Riverwood_Wv,440153,182953
235,39,836349,2013-05-01,IL,500/1000,2000,1453.61,4000000,619570,Male,Jd,Craft-Repair,Yachting,Other-Relative,0,0,2015-01-13,Single Vehicle Collision,Side Collision,Major Damage,Other,Nc,Hillsdale,5663 Oak Lane,10,1,?,0,3,?,60320,9280,9280,41760,Chevrolet,Tahoe,2012,1,Chevrolet*Tahoe*2012,Hillsdale_Nc,619570,836349
295,46,591269,1999-01-09,IN,100/300,500,1672.88,0,478947,Female,High School,Armed-Forces,Dancing,Wife,0,0,2015-02-17,Single Vehicle Collision,Rear Collision,Minor Damage,Fire,Ny,Columbus,4633 5th Lane,5,1,Yes,1,1,No,60700,12140,6070,42490,Honda,Civic,1997,0,Honda*Civic*1997,Columbus_Ny,478947,591269
22,21,550127,2007-07-04,IN,250/500,1000,1248.05,0,443550,Female,High School,Exec-Managerial,Movies,Husband,37500,-54000,2015-02-15,Multi-Vehicle Collision,Rear Collision,Total Loss,Police,Sc,Arlington,9682 Cherokee Ridge,3,3,Yes,1,2,?,53280,5920,0,47360,Chevrolet,Malibu,2015,0,Chevrolet*Malibu*2015,Arlington_Sc,443550,550127
286,43,663190,1994-02-05,IL,100/300,500,1564.43,3000000,477644,Female,Md,Prof-Specialty,Movies,Unmarried,77500,-32800,2015-01-31,Single Vehicle Collision,Rear Collision,Minor Damage,Fire,Ny,Northbrook,4755 1st St,18,1,?,2,2,Yes,34290,3810,3810,26670,Jeep,Grand Cherokee,2013,0,Jeep*Grand Cherokee*2013,Northbrook_Ny,477644,663190
257,44,109392,2006-07-12,OH,100/300,1000,1280.88,0,433981,Male,Md,Other-Service,Basketball,Other-Relative,59400,-32200,2015-02-06,Single Vehicle Collision,Rear Collision,Total Loss,Other,Wv,Riverwood,5312 Francis Ridge,21,1,No,0,1,No,46980,0,5220,41760,Accura,Tl,2002,0,Accura*Tl*2002,Riverwood_Wv,433981,109392
94,26,215278,2007-10-24,IN,100/300,500,722.66,0,433696,Male,Md,Exec-Managerial,Camping,Husband,50300,0,2015-01-23,Multi-Vehicle Collision,Front Collision,Major Damage,Fire,Oh,Springfield,1705 Weaver St,6,3,Yes,1,2,Yes,36700,3670,7340,25690,Nissan,Pathfinder,2010,0,Nissan*Pathfinder*2010,Springfield_Oh,433696,215278
124,28,674570,2001-12-08,OH,250/500,1000,1235.14,0,443567,Male,Md,Exec-Managerial,Camping,Husband,0,-32100,2015-02-17,Multi-Vehicle Collision,Side Collision,Total Loss,Other,Oh,Hillsdale,1643 Washington Hwy,20,3,?,0,1,?,60200,6020,6020,48160,Volkswagen,Passat,2012,0,Volkswagen*Passat*2012,Hillsdale_Oh,443567,674570
141,30,681486,2007-03-24,IN,500/1000,1000,1347.04,0,430665,Male,High School,Sales,Bungie-Jumping,Own-Child,0,-82100,2015-01-22,Parked Car,?,Minor Damage,Nan,Sc,Northbend,6516 Solo Drive,6,1,?,1,2,Yes,6480,540,1080,4860,Honda,Civic,1996,0,Honda*Civic*1996,Northbend_Sc,430665,681486
3,38,941851,1991-07-16,OH,500/1000,1000,1310.8,0,431289,Female,Masters,Craft-Repair,Paintball,Unmarried,0,0,2015-02-22,Single Vehicle Collision,Front Collision,Minor Damage,Fire,Nc,Northbrook,6045 Andromedia St,20,1,Yes,0,1,?,87200,17440,8720,61040,Honda,Accord,2006,0,Honda*Accord*2006,Northbrook_Nc,431289,941851
285,41,186934,2014-01-05,IL,100/300,1000,1436.79,0,608177,Female,Phd,Prof-Specialty,Sleeping,Wife,70900,0,2015-01-24,Single Vehicle Collision,Rear Collision,Major Damage,Fire,Sc,Northbend,3092 Texas Drive,23,1,Yes,2,3,?,108480,18080,18080,72320,Volkswagen,Passat,2015,0,Volkswagen*Passat*2015,Northbend_Sc,608177,186934
130,34,918516,2003-02-17,OH,250/500,500,1383.49,3000000,442797,Female,Masters,Armed-Forces,Bungie-Jumping,Other-Relative,35100,0,2015-01-23,Multi-Vehicle Collision,Side Collision,Minor Damage,Police,Nc,Arlington,7629 5th St,4,3,?,2,3,Yes,67500,7500,7500,52500,Suburu,Impreza,1996,0,Suburu*Impreza*1996,Arlington_Nc,442797,918516
458,62,533940,2011-11-18,IL,500/1000,2000,1356.92,5000000,441714,Male,Associate,Handlers-Cleaners,Base-Jumping,Wife,0,0,2015-02-26,Single Vehicle Collision,Rear Collision,Major Damage,Other,Ny,Arlington,6128 Elm Lane,2,1,?,0,1,Yes,46980,5220,5220,36540,Audi,A5,1998,0,Audi*A5*1998,Arlington_Ny,441714,533940
456,60,556080,1996-11-11,OH,250/500,1000,766.19,0,612260,Female,Associate,Sales,Kayaking,Husband,0,0,2015-02-26,Parked Car,?,Minor Damage,Police,Wv,Columbus,1416 Cherokee Ridge,6,1,?,0,3,?,5060,460,920,3680,Mercedes,E400,2007,0,Mercedes*E400*2007,Columbus_Wv,612260,556080
